{"type":"FeatureCollection","features":[{"type":"Feature","geometry":{"type":"MultiPolygon","coordinates":[[[[121.48906889083423,25.00813402915891],[121.48494266992728,25.011227115389012],[121.48347055978219,25.012873624023616],[121.48287430301762,25.013787479431368],[121.4819900493701,25.015752478184126],[121.48168459897269,25.016948253106648],[121.48062890477986,25.01877006487503],[121.47917938814498,25.022236041876532],[121.47844854458485,25.023559911504037],[121.47777979736462,25.025594404771905],[121.47755950804124,25.027708677704503],[121.47763662283658,25.02886480923937],[121.47708221746072,25.031226576098778],[121.47709043053366,25.033350339927964],[121.47726572384285,25.034401445323734],[121.47795027328284,25.036431584818068],[121.4784529416317,25.037391066015434],[121.4802463341417,25.04022111598272],[121.48094484355225,25.041072806196286],[121.48259912624313,25.04256918605078],[121.48353896773953,25.043199462105825],[121.4855988776975,25.044193889228488],[121.48764429996399,25.044760854816715],[121.48889165511281,25.045509246998265],[121.49054941021531,25.047009578809327],[121.49156507791271,25.047680824382507],[121.49209964682389,25.049172632323458],[121.4932061301597,25.051041971119307],[121.4952425276353,25.053130148350704],[121.4954640751921,25.05555289261849],[121.49609477281858,25.05744634755935],[121.49658153082716,25.059933307579538],[121.49748169846558,25.061892409690817],[121.49918915768481,25.064057849605582],[121.49893564919815,25.06811044855462],[121.49909576700534,25.06976217027945],[121.49890530338872,25.071690451520606],[121.49930740078715,25.07439379302072],[121.49829476025417,25.075574752253775],[121.49720310004597,25.07745141399935],[121.49681387245754,25.07845373614196],[121.49638124020746,25.080450639848788],[121.49341719234631,25.0824977526713],[121.49160075123864,25.08434284455386],[121.48885719695345,25.08641749700168],[121.48635125291119,25.089081046052765],[121.48307716936246,25.091867173881027],[121.48202928653069,25.092987677745292],[121.47938652282795,25.0949838011255],[121.47512213418506,25.09501236893662],[121.47192802467626,25.09545202567422],[121.46793869524403,25.096585544593818],[121.46588562306164,25.09759314674869],[121.46385384417711,25.0991828013504],[121.46253518869025,25.099773262275104],[121.46060035786577,25.100959188645152],[121.45895674968246,25.102466018496717],[121.45826439922038,25.103322103453767],[121.45717188447237,25.105198476201114],[121.45650236419327,25.10723286278971],[121.45628158730945,25.109347088340378],[121.45636213957351,25.11052464974037],[121.45506092159161,25.112070695915808],[121.45309620874508,25.113795671828594],[121.45180678536495,25.115565458154514],[121.45092133003298,25.11753026263878],[121.45047388712672,25.11961458603846],[121.45048167333765,25.12173833259994],[121.45094441273969,25.12381988754024],[121.45184434384667,25.125779253515418],[121.45268395657176,25.126976835504447],[121.452751021255,25.12875852210917],[121.45321382744248,25.130840067093835],[121.45436361027814,25.133175869414256],[121.45509069583994,25.135459979208974],[121.45619742100628,25.13732956926267],[121.45815628547602,25.139751433253725],[121.45981164374764,25.14124803218133],[121.46095192379288,25.141986593833177],[121.46210866875339,25.143312969449415],[121.4628332056703,25.144830033886873],[121.46413612358089,25.146591799694463],[121.46579164731212,25.14808832806765],[121.46673222067348,25.148718691146385],[121.46879378186397,25.14971331362987],[121.4698949123404,25.15006799213625],[121.4721849411727,25.15047503386201],[121.47335177979224,25.150523476131738],[121.47567301253781,25.150307874964252],[121.47860680434799,25.149378610657735],[121.48029420789219,25.151317936490493],[121.48210315759572,25.152659355329426],[121.48416490637186,25.15365376052369],[121.4858188575863,25.154132414949014],[121.48811517368397,25.15528387478818],[121.48980636203613,25.15577083480649],[121.48913703267728,25.15780552866436],[121.48891674303094,25.1599197815412],[121.48915389030218,25.162032523061228],[121.48983938384207,25.164062559295445],[121.49094689962402,25.165931870929274],[121.49243388895017,25.167568612437762],[121.49424321166588,25.168909874427765],[121.49630533141013,25.169904102784944],[121.49854098863464,25.17051308141911],[121.50086424855058,25.170713402175778],[121.50318580656106,25.170497365229096],[121.50541642369458,25.169873275227687],[121.50747035948277,25.168865121775102],[121.50926866982871,25.167511656581244],[121.51074224268702,25.165864902893336],[121.51180746856623,25.16404059598178],[121.51388860342479,25.162531398937507],[121.515526560393,25.160632626558918],[121.51690880031398,25.160835299478055],[121.51918765955936,25.160850613128655],[121.5202541453343,25.163054070003312],[121.52150403028506,25.165054158976695],[121.52326244354876,25.167268148817637],[121.52249481318464,25.169005893549926],[121.52204841810918,25.17109040304907],[121.52205746249679,25.173214112235293],[121.52230841479783,25.174533384391253],[121.5207377744876,25.17598007143179],[121.52004545492382,25.176836436386765],[121.51895325916432,25.178713241749957],[121.51828438930397,25.180747877946786],[121.51811740716293,25.181800105962928],[121.51812638780312,25.183923813404828],[121.51859052498835,25.18600511861841],[121.51898837927239,25.18700472568139],[121.52009654949426,25.188873803220396],[121.52158420681529,25.190510236317586],[121.52245299225444,25.191221137620783],[121.52439872106109,25.192394137302323],[121.5265585999666,25.193199183025097],[121.5276931380882,25.19345346404124],[121.53001687262035,25.19365331879084],[121.53233880431966,25.19343681900475],[121.53347110523045,25.193174416329047],[121.53562394600372,25.192353919845665],[121.5375594581137,25.19116701691172],[121.53894708325618,25.189918579246765],[121.54064431849922,25.190353648287033],[121.54319725981202,25.190542208379142],[121.54551109809091,25.190955435550656],[121.54794666743472,25.19093271943608],[121.55084485096963,25.193182547417514],[121.55279087577124,25.19435516830254],[121.55495096782569,25.19515979555347],[121.5572420990244,25.195565500738024],[121.55957620062964,25.19555668927711],[121.56186355103607,25.195133700278227],[121.56401622728576,25.194312793429386],[121.56625025295894,25.192877051153534],[121.56886045414431,25.194236199156016],[121.56996226204707,25.194590119863882],[121.57225342740556,25.194995591882325],[121.57342071415586,25.19504323737889],[121.57574258132003,25.194826057172595],[121.57687479511155,25.194563323675144],[121.579027356144,25.19374220024537],[121.58127246801823,25.19239472059958],[121.58213481899915,25.191677367493273],[121.58347195338015,25.190197939991336],[121.58551764861139,25.18941195218317],[121.58651719640179,25.18886142905999],[121.58745261758087,25.18822440523121],[121.58909574742542,25.18671617416722],[121.59038389425827,25.184945229926253],[121.59126756488683,25.182979638368607],[121.59171281734852,25.180894943105418],[121.59170256268956,25.17877126133061],[121.59123721835601,25.176690204427093],[121.59083881395524,25.175690799846866],[121.58972969909354,25.173822265374504],[121.58804135259172,25.17198653706969],[121.58717233334242,25.171276023224998],[121.58522842448464,25.17010496505311],[121.58566153477402,25.16806545252448],[121.58565139087911,25.165941764754045],[121.58518620231577,25.163860682501507],[121.58428386733236,25.161902176121043],[121.58297907818958,25.16014150216843],[121.58132198551853,25.15864631251387],[121.57937626979711,25.157474056016465],[121.57688914296237,25.156596451278883],[121.57649562012853,25.154941357031348],[121.57552767584109,25.152883808492323],[121.57686413665412,25.15307567348494],[121.57919742133052,25.15306656674073],[121.58035208995402,25.152906050413023],[121.58258197247568,25.152280808472995],[121.5836357065695,25.151822105857736],[121.58557010898119,25.150634587864563],[121.58758844198115,25.14866110132655],[121.58880821075802,25.14860647981267],[121.59109457812903,25.14818305378725],[121.59324623188792,25.147361734860205],[121.59488008242339,25.146378750504013],[121.59780345065016,25.146185755480293],[121.6000331170929,25.145560254083666],[121.60208584483051,25.144550805519398],[121.6030208500411,25.143913687209018],[121.60466320295996,25.142405288814967],[121.60595067079764,25.140634211309315],[121.60683408536296,25.138667418255753],[121.60829503192772,25.136330983849447],[121.60896217360445,25.134295959549927],[121.60912831828509,25.133243637269192],[121.60911778458879,25.131119948625845],[121.60865234485522,25.129038935255508],[121.60774990693459,25.12708056485286],[121.60644516699406,25.12532008874562],[121.60446923362724,25.12361174606225],[121.6045468540958,25.12093032959027],[121.60437033865803,25.119879407488526],[121.60368322396342,25.117849917525223],[121.60317924679939,25.116890893185154],[121.60187468293796,25.115130371202188],[121.59999438123164,25.11348578563095],[121.60248879791622,25.11205378709912],[121.60335046798606,25.111336315321278],[121.60482210088509,25.10968864731942],[121.60591237856782,25.107811225397125],[121.60630079914621,25.106808634835367],[121.60673447361712,25.10479403019899],[121.60910915897463,25.106317246415333],[121.61126804041471,25.107121083162145],[121.61240194065836,25.10737472927444],[121.61472415183299,25.10757328395135],[121.6158900927892,25.10751627994426],[121.61817559579194,25.107092449830663],[121.62032634608406,25.10627075011807],[121.62225967557619,25.105082766018477],[121.62390127924618,25.103574160931338],[121.62528827787753,25.101607666714354],[121.62742521551735,25.100569730824215],[121.6292211885348,25.099214839038943],[121.63000121619716,25.098423786931107],[121.63128786759574,25.09665249473163],[121.63178210259645,25.095689315534152],[121.63244864791439,25.093654186171133],[121.6326145440309,25.092601836761844],[121.63260362435683,25.09047814595584],[121.63213795856035,25.088397199656267],[121.63155890576661,25.087054280720945],[121.63277041045993,25.085903641296255],[121.63405689473771,25.084132325448298],[121.63493917213616,25.082166473955116],[121.63530746416178,25.080783987463903],[121.63552511771117,25.07866954203213],[121.63546235839654,25.077607940553],[121.63499669831444,25.0755269996308],[121.63337417490354,25.072218827475375],[121.63206967349743,25.070458559690667],[121.63093967885274,25.0693944180561],[121.63017600386064,25.066497378629037],[121.62950799749048,25.06498493463605],[121.6303291544257,25.063519497490052],[121.63099556226732,25.061484368818014],[121.63116143397488,25.06043201710438],[121.63115055528985,25.058308316498767],[121.63068504839919,25.056227353821605],[121.62983563710955,25.05436959813602],[121.6293346698224,25.051687462627285],[121.62858245607526,25.050014573738725],[121.62980605814933,25.04852156613872],[121.63176769008956,25.0470748135049],[121.63323818799513,25.045426871614644],[121.635517338661,25.041549159749035],[121.63618355008562,25.039514005831634],[121.6364011324846,25.03739954917028],[121.63633839508877,25.036337941933517],[121.63592670998625,25.034448902557372],[121.63618063173409,25.032199576558604],[121.6359412623986,25.030087073921294],[121.63557047972274,25.028851401086033],[121.63615236376492,25.02703403478046],[121.63631815194437,25.025981674235936],[121.63630720154708,25.023857965908388],[121.6356070357787,25.021188023876796],[121.63527472775947,25.019179303772418],[121.63532927521462,25.018099671058177],[121.63508995350348,25.015987162241284],[121.6344029550259,25.01395778480826],[121.633899184775,25.01299884782749],[121.63259532233698,25.011238558566546],[121.6309396845591,25.009743866644257],[121.62899589595517,25.008572201863302],[121.62683864571213,25.007768581275265],[121.62455081887619,25.007363880624993],[121.62222031369423,25.007373648868526],[121.61993666702753,25.007797511161563],[121.61778761702078,25.008619183181782],[121.61585573458673,25.009807096247123],[121.61374482642641,25.011734565894784],[121.6122744547585,25.01338231962028],[121.6111850777787,25.015259794410934],[121.61079696885177,25.01626240384864],[121.61035257417838,25.0183471852972],[121.61036212548986,25.020454772674054],[121.60935643805044,25.018781080035136],[121.60865718420966,25.017930003950596],[121.60700173848207,25.016435042984067],[121.60598134732408,25.015762225115054],[121.60511050616205,25.013880849452914],[121.6039346191851,25.012275600372032],[121.60600403470288,25.01012879578235],[121.6065993527935,25.009214462326923],[121.6074815633553,25.007248756088803],[121.60775996392276,25.006216315893223],[121.6079779887622,25.004101883194338],[121.60791551911474,25.003040254214184],[121.60745063243418,25.0009591918941],[121.60558907570359,24.99705083110515],[121.60428578458655,24.995290278968458],[121.60263070030098,24.99379525812156],[121.6003050165303,24.992460256329796],[121.59916173626189,24.991412762122927],[121.59974814499853,24.988176169208383],[121.60045132062042,24.98689189935517],[121.60092756238222,24.985562483325953],[121.602426984594,24.983574818104497],[121.60344375063491,24.98110971097021],[121.60673779473163,24.98122657589758],[121.61081106061653,24.980745821386606],[121.61303768312357,24.980120168284834],[121.61408984150073,24.979661268460465],[121.61602127689032,24.978473382240953],[121.61688195104854,24.977755838314007],[121.61835184731578,24.976108040501703],[121.6194407828118,24.974230512109095],[121.61982869695947,24.97322787836396],[121.62027278643336,24.97114306221333],[121.62026213876565,24.969019331682002],[121.62008573683467,24.96796840529912],[121.61939926844116,24.965938935588316],[121.61889581780534,24.96497993559423],[121.61759268836805,24.963219489602483],[121.6168055614876,24.962434995190616],[121.61499801369594,24.961095159809197],[121.61293849911834,24.960102507588953],[121.61070615033948,24.959495177293594],[121.60838673568998,24.959296502982166],[121.60684964534092,24.959405352688496],[121.6056559838078,24.95812560956879],[121.60384861762464,24.95678563460786],[121.60178926144717,24.955792824588578],[121.59955704178617,24.955185324334956],[121.5972377220217,24.954986474430417],[121.59492040954166,24.95520391505936],[121.5926941348582,24.955829292627914],[121.59019278764107,24.957146731411676],[121.58866679499329,24.956253626223145],[121.58651071400482,24.95544939340395],[121.58422397694792,24.955044049436882],[121.58189444026706,24.955053167976892],[121.5796116036686,24.955476399112044],[121.57851526949908,24.955838834145144],[121.57646544825157,24.95684792889642],[121.57486759311543,24.958038287527778],[121.57150175826604,24.956453695701395],[121.56926966534576,24.955845739102475],[121.56811538810611,24.95569414566577],[121.56578583259204,24.955703012504877],[121.56463298336985,24.95586338751329],[121.56240653412283,24.956488315274317],[121.5603565661968,24.957497190752267],[121.55856184640977,24.958851252301244],[121.55709134094984,24.960498474337065],[121.5564958791936,24.96141261805079],[121.55561316271226,24.963378042737112],[121.5551680044557,24.96546268739051],[121.5551775331837,24.967586443799533],[121.55559362592565,24.96949678996958],[121.55328366362258,24.96971321439015],[121.55215345220273,24.969975740783234],[121.55000458249879,24.970796434256144],[121.54596266347639,24.973413367576637],[121.54432178540499,24.974921123924563],[121.54320879633494,24.97642512846031],[121.54075497856623,24.97735608474674],[121.53942430045133,24.97813301272648],[121.53721443899603,24.97854538459359],[121.53506531805043,24.97936586566271],[121.53313306893963,24.98055271514385],[121.53149193862353,24.98206033282268],[121.53020499541857,24.983830792154187],[121.52858356246273,24.98716185505969],[121.52712168612874,24.988520071994657],[121.52583461416548,24.99029049413533],[121.52495120984472,24.992255741008414],[121.52450543867187,24.994340296282406],[121.52445270505945,24.995402377606936],[121.52468052483134,24.997758413472493],[121.52371141842266,25.001087978297765],[121.52354469663973,25.00214023312035],[121.5235379053437,25.003992448467745],[121.52107518204699,25.004885368819235],[121.51914240078337,25.006072041276184],[121.51828095354314,25.006789030339263],[121.51680934592542,25.00843586217454],[121.515546129968,25.010757084631834],[121.51444038082354,25.012010347410868],[121.51343481288714,25.012749324468107],[121.51189521398344,25.011846422788366],[121.50834879223531,25.010255561541147],[121.50611601418052,25.009646673089726],[121.50445670503967,25.009473723823678],[121.50265875295757,25.008139986966775],[121.50059931702604,25.00714578432553],[121.49836663150468,25.006536777800893],[121.49683198870348,25.006334644119086],[121.49450145199633,25.006342410808237],[121.4933480285646,25.006502241746503],[121.49112029121602,25.007126119492106],[121.48906889083423,25.00813402915891]],[[121.57476684187863,25.09673557702456],[121.575589101727,25.09647335768055],[121.5760322359981,25.097349994847402],[121.57476684187863,25.09673557702456]]],[[[121.66787312399408,25.015060812308228],[121.66571552007005,25.014257763834387],[121.66342745958626,25.013853666655603],[121.66109684974492,25.01386404656718],[121.65810375454275,25.014195134441152],[121.6558767663442,25.014821466895583],[121.65362769913966,25.015967425353622],[121.65147465737866,25.016790533601036],[121.6487068688413,25.01821139477538],[121.64691227487691,25.01956650928082],[121.64544226287909,25.021214582423294],[121.64435332981742,25.023092289741353],[121.64368733625287,25.025127480310545],[121.64346989561196,25.02724194819695],[121.64370938688535,25.0293544370595],[121.64439662914725,25.031383762559432],[121.64550523093324,25.03325193261935],[121.64620482416072,25.03410282692965],[121.64786097664265,25.03559733378182],[121.64880158605875,25.036226550777087],[121.65086266088778,25.037218665590732],[121.6530966066176,25.037825355264687],[121.65541755427463,25.038023299755583],[121.65773628825168,25.037804890700563],[121.65922725054675,25.03742227531516],[121.66041398346394,25.037812185111857],[121.66270248148393,25.03821631844761],[121.6638682969646,25.038263280927236],[121.66618701721522,25.038044740215383],[121.66731758572313,25.03778134234744],[121.66946679174582,25.036958953892004],[121.67046472721802,25.036407885318358],[121.67225929586,25.035052489768933],[121.67372910338602,25.033404158420247],[121.67432402128688,25.03248956442853],[121.67520530092399,25.03052348077654],[121.67564863416037,25.028438530063294],[121.6757000736148,25.027376424450836],[121.6754600405836,25.02526399776624],[121.67477232755864,25.023234824045446],[121.67217323814157,25.01857697665323],[121.6706857419675,25.016942014935108],[121.66981737275677,25.016231958296125],[121.66787312399408,25.015060812308228]]]]},"properties":{"city":"taipei","minutes":15,"minutes_label":"15分鐘"}},{"type":"Feature","geometry":{"type":"MultiPolygon","coordinates":[[[[121.48962081818338,25.01250162434805],[121.48775499738144,25.013771466081064],[121.48637610716777,25.01547840393304],[121.48578663747179,25.016788416845266],[121.48548178174357,25.0183217320706],[121.48429585648142,25.020140135179236],[121.48335575564863,25.022160091043354],[121.48289418197223,25.023615949780886],[121.48211561632179,25.024930032944955],[121.48155841601536,25.02698784587217],[121.48172062037278,25.029247021656552],[121.48132588016024,25.03017820403564],[121.48102812502104,25.031567822508077],[121.48115052948596,25.033684397825052],[121.48194205908457,25.035677458202844],[121.48353433102443,25.03820414900206],[121.48452453821893,25.039295396511985],[121.48639816538605,25.040551872659982],[121.48783613199568,25.041088983533797],[121.48934383702722,25.041357860473088],[121.49039958128982,25.042129806986583],[121.49151598787365,25.042683050252503],[121.49305305344829,25.04420976070423],[121.49500433432732,25.045271992010733],[121.49549171810132,25.047112045322965],[121.49649419512617,25.049024719076307],[121.49806303043198,25.05058992525114],[121.49949668110503,25.05143113675561],[121.49922668627049,25.0527188135215],[121.49923242128675,25.054134647363266],[121.49954127732029,25.05552225650137],[121.50002926383188,25.056614405940877],[121.50037108745934,25.05887230089109],[121.50137373866595,25.06078493604343],[121.50236428670658,25.06187605612063],[121.50332246005644,25.062604578453406],[121.50290043565766,25.06809707157287],[121.50314211202247,25.06980466373333],[121.50287020511817,25.071677073567365],[121.5032202273069,25.07377245569735],[121.50385945754134,25.07513722833088],[121.50206100396608,25.076999055356666],[121.50087198647115,25.07882103488715],[121.50031487350977,25.080878902240674],[121.50032023277981,25.082702282872653],[121.4990555427208,25.083193081239585],[121.49680609050158,25.08456398218726],[121.4944266860884,25.08691654572687],[121.49167134826473,25.088961720689976],[121.49048449879047,25.090373325583208],[121.48701999656994,25.0935567703271],[121.48589132983638,25.094411505264333],[121.48483313952573,25.095625817087225],[121.48214619940941,25.09757349053134],[121.4809797106383,25.09866598043485],[121.47552473076072,25.098604915796795],[121.47271530274593,25.09899135697373],[121.46946904593953,25.099917048215648],[121.46747671047882,25.10101298555519],[121.46621337297496,25.102224925757564],[121.46441669415981,25.102952201477184],[121.46312679050251,25.103742838152602],[121.46156949287753,25.10531814470131],[121.46058143418522,25.10723722881534],[121.46028327308133,25.108626797406096],[121.46028857417593,25.11004262867765],[121.46075019489267,25.111815620792346],[121.45949155179186,25.112750512096508],[121.45806101073818,25.114554618696193],[121.45669153570171,25.115550407884143],[121.45570906300931,25.116647895472603],[121.45472082408702,25.118566940189453],[121.45442257121569,25.11995649620016],[121.45454463292074,25.122073073658424],[121.4550010898635,25.123426553290702],[121.4557388275991,25.12467295117461],[121.45682579484706,25.125843279774966],[121.45662655435521,25.127444654518815],[121.45681421849287,25.129093197302833],[121.45727072772533,25.13044666794861],[121.4581700761472,25.1318899375967],[121.45875054822203,25.13406674227914],[121.45948838944497,25.13531311827527],[121.46121430525312,25.137451017692168],[121.46231787641368,25.138448729934076],[121.46382591322117,25.139321666296212],[121.464744285694,25.14059116179829],[121.46560874186203,25.141392891164323],[121.4663255689562,25.143116770575123],[121.46719419737126,25.144291261979898],[121.46829787882474,25.14528892717929],[121.46959419922221,25.146071421818814],[121.47178933558561,25.14677848281175],[121.47333785050533,25.14691231918871],[121.47488529453354,25.14676858984735],[121.4763721901417,25.146352819311613],[121.47774138827828,25.145680988141997],[121.47894026586741,25.14477891839518],[121.47975916551846,25.143883549767033],[121.48077844807825,25.144224432039348],[121.48136034981496,25.14641785791952],[121.4825645911901,25.14823188848749],[121.48366843157459,25.149229436274442],[121.48496488966252,25.150011793921177],[121.48640413910319,25.150548891645865],[121.48750128613341,25.150763531416146],[121.48891504908038,25.15164188924534],[121.49111039186481,25.152348660224618],[121.49339117421079,25.15262010713248],[121.49494671297768,25.15261491684967],[121.49822781251112,25.15190805963029],[121.49772963376788,25.153229243141013],[121.49576320827268,25.15431404227838],[121.49420570568131,25.15588968437676],[121.49321776806447,25.157808971512893],[121.49288449816316,25.15990662733845],[121.49323462976099,25.162002006961675],[121.49423804209596,25.163914652673313],[121.49580834293806,25.16547983653312],[121.49781030155688,25.16656275073257],[121.4993007011803,25.16696872585968],[121.50162721429885,25.167064859026265],[121.50315190813407,25.16678346993193],[121.50525346394643,25.165870117265293],[121.50645232971898,25.16496782731406],[121.50743472162479,25.163870011361016],[121.50816288917035,25.1626188623742],[121.50853082455579,25.161550587358413],[121.51049724929508,25.160465619626528],[121.51159307295143,25.159460693675854],[121.51278268777986,25.157638638151592],[121.5132492228621,25.1561521912556],[121.51651181017918,25.157138894278233],[121.52043780760393,25.15727129886756],[121.52160127566914,25.157570147082662],[121.52286525289584,25.15924216196106],[121.52374619567215,25.16133946117655],[121.5253990922161,25.16394602163564],[121.5269697849111,25.16551086867005],[121.52884806821727,25.16654054857407],[121.52728399026844,25.168121196451256],[121.52655598805688,25.169372435967496],[121.52611019377828,25.17072888316712],[121.52600500074196,25.17284617973943],[121.52631448219238,25.17423370141294],[121.52675326098114,25.17523061928575],[121.52643948108359,25.17636032265034],[121.5249109377378,25.17725509123271],[121.52335352972977,25.178831033817204],[121.5223658740545,25.1807505052865],[121.5220682515467,25.18214017649962],[121.52219156084793,25.18425666173431],[121.52298476794911,25.186249437130634],[121.5243795881858,25.187946876020444],[121.52625590964259,25.189202781317505],[121.52769579580652,25.18973946465927],[121.52922309258796,25.190010222497715],[121.53077909712523,25.190004648171097],[121.53303636836033,25.189481543510727],[121.5344057232682,25.18880918945078],[121.53560459095326,25.187906665971866],[121.53658689784149,25.18680866114574],[121.5375278296373,25.185008976619716],[121.53920668159286,25.186103096397204],[121.5414029209136,25.18680910370691],[121.54376543918853,25.186899628059056],[121.5451131313156,25.18725913781887],[121.54666222372515,25.18739219706439],[121.54821007708719,25.18724769525617],[121.54951001674446,25.186892913097815],[121.55079069254182,25.188417855507325],[121.55335001477155,25.190381739801936],[121.5553528777086,25.191463856982036],[121.55684376101283,25.191869243120077],[121.55839292205593,25.192002178241516],[121.5599408171998,25.19185755302934],[121.5614279515642,25.191440926469568],[121.56279716692606,25.190768312051826],[121.56399583956994,25.189865561958566],[121.56497790343107,25.188767372972613],[121.5659744409221,25.186812518704215],[121.5667892045706,25.188247847821348],[121.56778137601663,25.189338485135334],[121.56898834177603,25.190232032916747],[121.57036371652343,25.190894148108327],[121.57185463936638,25.191299382251273],[121.57340380617521,25.19143216002574],[121.57495167308919,25.191287378167225],[121.57714147166973,25.190564827292974],[121.57931642902054,25.189134968298617],[121.58029834763295,25.18803668002812],[121.5808986142431,25.18703283025991],[121.5821967380133,25.186782124270408],[121.58363166665067,25.18623466193699],[121.58492162969819,25.185442983215662],[121.58601705089704,25.184437516257365],[121.58687583412149,25.18325690524179],[121.5874649810636,25.18194652459511],[121.58776185869182,25.18055673463571],[121.58763742295895,25.178440322492047],[121.58717929432846,25.17708728915561],[121.58643990867543,25.175841581981036],[121.58466833622992,25.17407739018489],[121.58337100223241,25.173295923038925],[121.58193107820385,25.1727597811386],[121.58040389206919,25.17248956499301],[121.57902229989521,25.172487187004677],[121.57996617652843,25.171607791318316],[121.58082493157714,25.17042721394689],[121.58160005678322,25.168428602075828],[121.58170428661705,25.166311281340043],[121.58112867885313,25.164257594735993],[121.57992283401255,25.162444396542018],[121.57819061383773,25.161027824389546],[121.57608119167435,25.160129857439482],[121.57455417504255,25.159859577462488],[121.57307117823962,25.159862076872788],[121.57312381867249,25.158071746462927],[121.57270381433233,25.156004334115078],[121.57169925629688,25.15409223741083],[121.57070734242026,25.153001616805746],[121.56970163357991,25.15224249049745],[121.56978419507178,25.150516983098136],[121.57110472088235,25.149358198769846],[121.57220664121074,25.14770439226235],[121.57255601205783,25.147551623061318],[121.5742696176908,25.14867395674045],[121.57570922479432,25.14921018051315],[121.57723611065776,25.149480451272545],[121.5795613455915,25.149367373658666],[121.5810478967801,25.14895055784771],[121.58303995753128,25.14785310488864],[121.58459620035879,25.146276547907185],[121.58542118911521,25.14477300165273],[121.5876245718433,25.14505218702142],[121.5891718344706,25.14490726636063],[121.59136072236497,25.14418451703596],[121.59265019767322,25.14339277541625],[121.59355598149946,25.14257896241585],[121.59468716698024,25.14276052612529],[121.5962425545058,25.142754274244535],[121.59776671007954,25.142471919039938],[121.59920105179674,25.141924313253348],[121.60049045159457,25.141132504512978],[121.60204638290952,25.13955576844549],[121.60277343683939,25.138304169514733],[121.60319625060538,25.13702906294772],[121.60389625871268,25.136215689839915],[121.60462327456442,25.134964081989114],[121.60517885946726,25.13290586386503],[121.60505419016587,25.13078945745643],[121.60459606023095,25.129436469602666],[121.6038567975251,25.128190839384168],[121.60228562951312,25.126626808672786],[121.60098869501039,25.125845483735638],[121.59974537157987,25.125372488644608],[121.60049737971418,25.123417664507986],[121.60060126214097,25.121300324332903],[121.60029109023111,25.11991296043508],[121.59928641421692,25.118001043949636],[121.5977154365168,25.116436959164734],[121.59571345101547,25.115355388813843],[121.5934528504841,25.114849463966788],[121.59150935561861,25.114870510078024],[121.59046643925569,25.112821432183434],[121.58947470268086,25.11173092817057],[121.58853591868416,25.111016548629635],[121.59073198272061,25.111094344685643],[121.5927350092482,25.110653758608592],[121.59493494779586,25.110932210710924],[121.59648177123344,25.11078722108036],[121.59867001019164,25.110064372424898],[121.59995908370732,25.109272571040965],[121.60105371331825,25.108266997296347],[121.60191183332596,25.107086299458302],[121.6026862357749,25.10508757387578],[121.60283173567748,25.10367797251351],[121.6024799264183,25.101582864820454],[121.60187850384277,25.100277251693885],[121.60048364895421,25.09858052385007],[121.59860799239706,25.097325532451663],[121.59687174136384,25.09672300672558],[121.59685390813735,25.094937836547732],[121.59891763963587,25.095380583174606],[121.60047242636196,25.095374297937585],[121.60373607456971,25.09467187982355],[121.60583563000962,25.093757126464137],[121.60703304714242,25.092854039323832],[121.60801396294252,25.091755571865363],[121.60874068368358,25.090503942070786],[121.60912566765437,25.089368225746828],[121.61025867299867,25.088662242251534],[121.6113530370647,25.087656594736487],[121.61221091754693,25.08647583860978],[121.61279006116658,25.08518934004636],[121.61632929241608,25.08555650750016],[121.61443642707974,25.08708380101327],[121.61357856414205,25.0882645695871],[121.61295831083439,25.089692985602696],[121.61089959627058,25.09038603074878],[121.60961079055652,25.0911779242016],[121.6085163812898,25.09218355924936],[121.60765842631088,25.093364294527582],[121.60688417478386,25.095363046321275],[121.60673872911018,25.09677265217796],[121.60689807851382,25.09818101095089],[121.60735610936746,25.099533999068154],[121.6085617160856,25.101346993249123],[121.60966613094999,25.102343598555503],[121.61096286753609,25.103124853658922],[121.61240208874254,25.103660731176014],[121.61392847857404,25.103930634527334],[121.61625280567428,25.10381699715148],[121.61773867640238,25.1033998233287],[121.6197296688365,25.10230189039132],[121.62128486833055,25.100724958131615],[121.62230215388055,25.098686915042197],[121.62383886886523,25.098249697859494],[121.6252067014469,25.09757652367801],[121.62640400929203,25.096673282641213],[121.6277818169319,25.094965081593237],[121.62855572402806,25.092966227176408],[121.62870091571031,25.09155660408685],[121.62854132756013,25.09014827210257],[121.62774707413396,25.088156055844482],[121.62687733904805,25.0869825160658],[121.62578218215117,25.085993603943038],[121.62797636867143,25.085056457006573],[121.6296934935871,25.083625827569453],[121.63088062686006,25.081802850496764],[121.63141493490426,25.080096094649992],[121.6315182651229,25.077978731407143],[121.63094227639162,25.07592522180588],[121.62948303732458,25.073329745023557],[121.62849128717201,25.072239496587365],[121.62719129868955,25.07129574797671],[121.62704008221522,25.07002837096549],[121.62638740342469,25.067561681325227],[121.62542587409341,25.06553617798885],[121.62478604822607,25.064642038383067],[121.6259329807854,25.063404806440637],[121.62665935663536,25.062153090849918],[121.62710366699612,25.06079634878994],[121.62724884602574,25.059386721462594],[121.62689676641644,25.05729166474065],[121.62587362247234,25.055357294544066],[121.62585678283315,25.0541390586514],[121.62554651400956,25.052751737261232],[121.62494509935756,25.05144620918001],[121.62411351123357,25.050318690055224],[121.62462854686281,25.04938321137511],[121.62503572912763,25.048164119997615],[121.6259315107462,25.047266043406637],[121.62688841469176,25.045891359023333],[121.62837763915168,25.04501167607015],[121.62993201946131,25.043434657261834],[121.6318481462418,25.040182865614575],[121.6322923256193,25.03882610670579],[121.63239562286856,25.03670873213086],[121.63178228144572,25.03458374871253],[121.6321825480118,25.03292455504925],[121.63217529276308,25.031508749751346],[121.63186501608486,25.03012143763302],[121.6312553000546,25.02880336899933],[121.63181739674432,25.027702886154007],[121.63226153476724,25.026346125947303],[121.63236482715757,25.024228748054938],[121.63205456859798,25.022841434664695],[121.63166730376936,25.02194339285537],[121.63151690736366,25.02034818888112],[121.63123579518151,25.019439136956702],[121.63132439997048,25.017408810920873],[121.63074872115769,25.015355278331697],[121.63000990816887,25.014109751265988],[121.62901864197555,25.01301948851227],[121.62781301807809,25.012126383687676],[121.62643936560846,25.011464753836265],[121.62418056505908,25.01095925598185],[121.62262684973179,25.010965769206223],[121.62110437738058,25.011248352797015],[121.61967164637707,25.011796149211897],[121.61838370871428,25.012588110371176],[121.61604003908614,25.014803755306055],[121.61518267877986,25.015984534690176],[121.6145945844031,25.01729503426237],[121.6142983635895,25.018684895350905],[121.61430540956762,25.020100707918196],[121.61496082279099,25.022484311875417],[121.61588318024148,25.023953394629167],[121.61565220947408,25.02468732239098],[121.61424717093472,25.0262956109279],[121.61296129047176,25.02607931215532],[121.61140738153492,25.0260857117705],[121.60708035453067,25.02709525496231],[121.6073919773523,25.02566588357872],[121.60738499933889,25.024100070406416],[121.60707502075053,25.022712699470716],[121.60647395367509,25.021407084869367],[121.60507995359815,25.019710366765377],[121.60387443197408,25.018817066570634],[121.60251285251869,25.01816033789923],[121.60222475557059,25.016902950043747],[121.60162376903449,25.015597313326356],[121.6007548068315,25.01442359477644],[121.59943831144284,25.013284304164184],[121.59953585298238,25.01217825683267],[121.5993627298148,25.01071991086673],[121.60114495013276,25.009712679436657],[121.60223870392745,25.008707100190968],[121.60309614076516,25.00752639290643],[121.60368431404787,25.006215935672227],[121.60401532925265,25.004118027686353],[121.60366382213626,25.00202288993795],[121.6021028153092,24.998767301030124],[121.60070913693076,24.99707053090419],[121.59950387079456,24.996177187853203],[121.59781703395407,24.995414475394238],[121.59631065050525,24.993927004907484],[121.59442755013121,24.992895163064365],[121.59525891831701,24.99080811847943],[121.59579951116383,24.987916547945925],[121.59582577906625,24.98706414351517],[121.59678413430866,24.985524691687644],[121.59728440297995,24.983813907895385],[121.59852773073206,24.982496166694254],[121.59951266406584,24.980576186201006],[121.59980897023807,24.979186346066427],[121.5997473994693,24.977444318679925],[121.6030349914634,24.977300332337716],[121.60477853559941,24.977640706099763],[121.60633183722828,24.977634387207246],[121.60792104542874,24.977329763515513],[121.61002065963267,24.97720722098507],[121.61150503786055,24.976790131019452],[121.61287160923115,24.97611708392153],[121.61458742700083,24.974686633938447],[121.61544451567327,24.97350585684154],[121.61603240329065,24.972195350401776],[121.61636313041477,24.970097411128606],[121.61620387201076,24.96868903728237],[121.61574626316143,24.967336045369574],[121.61454190629475,24.965523054117686],[121.61343870246186,24.964526444312966],[121.61214342694758,24.963745168996606],[121.61070585225073,24.963209247982437],[121.60918121608574,24.96293927332997],[121.60465449061842,24.96317285226317],[121.60385804748024,24.961780914303258],[121.60228904618769,24.960216809165733],[121.60099388458356,24.959435434239904],[121.59880140228589,24.958730220928214],[121.59647877966285,24.95863554089059],[121.59422600581625,24.959159547185934],[121.59223705888897,24.960257120523142],[121.59089215075159,24.9615745797815],[121.58915539255572,24.961166971099114],[121.58748321690507,24.95980752470334],[121.58537720412048,24.958909604674485],[121.58307597208,24.95860763289641],[121.58153103316327,24.958752451474176],[121.58004676229932,24.959169241486702],[121.57868019081478,24.959841988669414],[121.57748382982561,24.960744843673666],[121.5764725011146,24.961890954095548],[121.5743975526,24.962214169332714],[121.57254541219295,24.960976115733732],[121.56926812140416,24.95955983420491],[121.56774361146849,24.959289432716883],[121.56619052937637,24.959295344908462],[121.56393760544239,24.959818895523263],[121.56194837072738,24.960916069252303],[121.56085469715089,24.961921357088773],[121.55966763093566,24.963743801989025],[121.55922290087481,24.965100367273617],[121.55911838111675,24.96721773310926],[121.55942767074112,24.968605226437333],[121.56002797595218,24.96991105388439],[121.56094074966238,24.97112942975853],[121.56068662138986,24.972940050927264],[121.56080212633377,24.974090808595392],[121.55639433868451,24.973139489744877],[121.55407239526174,24.973252149559347],[121.55258785320211,24.973668669729587],[121.55122096860906,24.974341169014586],[121.54791428348207,24.97667372844046],[121.54693371692153,24.97777180936977],[121.54598388414443,24.97959882321],[121.54432927102752,24.97988703103297],[121.54333817787582,24.98022847953786],[121.54197116947077,24.98090089538258],[121.54091384120535,24.981687286716262],[121.53913312781862,24.981821986647713],[121.53764843011491,24.98223835994005],[121.53628136771212,24.982910724236735],[121.53508447056711,24.9838132448983],[121.53370656907339,24.985520612472467],[121.53239674833554,24.98815248195401],[121.53200262969655,24.989320284979847],[121.53019434447262,24.99080011402176],[121.52933631485763,24.99198041380178],[121.52874741140494,24.993290592060028],[121.52841513970387,24.99538835725772],[121.5284763009094,24.996516142340898],[121.52879058057738,24.997916914329764],[121.5276009040574,25.001778754683492],[121.5274546381576,25.00318831434667],[121.52780486008821,25.00528365421289],[121.52856830263754,25.0071283746419],[121.5279905517323,25.007298614926082],[121.52591249541403,25.00723513767436],[121.52438982671018,25.00751673432622],[121.52295669004498,25.008063605947],[121.52166815296735,25.008854739969557],[121.52011279135435,25.01043065043211],[121.51938561676442,25.01168186735733],[121.51903417762014,25.012691093470988],[121.51810363191622,25.01355963956023],[121.51734433548494,25.01458804557693],[121.51631812392104,25.01523456327611],[121.51522360063866,25.016239522574743],[121.51436249518142,25.01742510533298],[121.51258483621147,25.016995792514987],[121.51070891644831,25.01539973039908],[121.50684594141873,25.013597056434676],[121.50458755377281,25.01308973429692],[121.50267078078835,25.013145318878173],[121.50167398900216,25.01204417646565],[121.50046927462164,25.01115002310792],[121.49909629129715,25.010487204979093],[121.49760779608131,25.010081190082982],[121.4956810046078,25.00989757847914],[121.4933814973804,25.010216224420454],[121.49128248575727,25.011129388570094],[121.48962081818338,25.01250162434805]],[[121.49065974729687,25.124278751711373],[121.48871064137597,25.12858972683025],[121.4868897033418,25.12762750382259],[121.48462929150494,25.127119916540426],[121.48230436124992,25.127231499224287],[121.4807863324225,25.127660964705804],[121.47894801184012,25.12616961884425],[121.47934774737062,25.124362591426696],[121.47922620653773,25.122251737152755],[121.48128015624688,25.122898590521757],[121.48282837815432,25.123032332432693],[121.48437550888114,25.122888508133805],[121.48586208295274,25.1224726458008],[121.48723096368765,25.121800729522118],[121.48895026365895,25.120371700617437],[121.49013984995068,25.118549817985432],[121.49062043672511,25.116975827440765],[121.4923703017035,25.11668370989377],[121.49460004928522,25.11568276843801],[121.49465146757345,25.115952213045738],[121.49380060381576,25.117521894374274],[121.4925177757151,25.11886955775947],[121.49178969849889,25.120120635670578],[121.49134368664208,25.12147699041544],[121.49122992070316,25.12345630373624],[121.49065974729687,25.124278751711373]],[[121.57351939165594,25.10018613722465],[121.5694746370479,25.098820590851833],[121.56624674328643,25.098487747436845],[121.56176705594245,25.099180590055088],[121.5605764264398,25.098078182395447],[121.55873383716552,25.09706374859321],[121.55760648268279,25.0960382802125],[121.55459236046154,25.09401242352042],[121.55392388292739,25.0928345121615],[121.5574906322779,25.09201514943432],[121.55892997905194,25.09200457215134],[121.56113554071992,25.091584361672147],[121.5625955903322,25.09230404416917],[121.5641175752308,25.092713619411757],[121.56588963240172,25.093430073482118],[121.56819335093981,25.09373226182466],[121.57015825466866,25.093490439677282],[121.57139353854497,25.093582257940938],[121.57294017726744,25.093437516923316],[121.5744260798426,25.09302077601809],[121.5758776639832,25.092291135958362],[121.57794916153019,25.091613789112525],[121.57857838978771,25.091786998363744],[121.57860050360296,25.09288889523737],[121.57891035688071,25.094276315207246],[121.57951150693434,25.095582027477025],[121.58021374065022,25.09655249372025],[121.57993858262101,25.098441221258906],[121.58009762834358,25.099849614067995],[121.58055537278513,25.10120268991384],[121.58169832958534,25.10294013334157],[121.58169978957496,25.104389071950884],[121.58200970946005,25.10577648215933],[121.58301401519087,25.107688525557784],[121.58400566199552,25.1087790750013],[121.58527441073561,25.109753493860005],[121.58307837090227,25.109675616856617],[121.58155458350991,25.109957815483664],[121.58037157130327,25.110395935750564],[121.57802696284634,25.10999087356432],[121.57722633232298,25.109604359183635],[121.57768618321879,25.1082188874106],[121.5777904518732,25.106101552019926],[121.57739056361794,25.10444413700866],[121.57678939055117,25.103138418065964],[121.5759200258725,25.10196457486652],[121.57481588246708,25.100967713183838],[121.57351939165594,25.10018613722465]],[[121.55197032646257,25.17092412750644],[121.54966483892353,25.169951563868356],[121.5503163695447,25.169188065146024],[121.55163408531254,25.167056684524077],[121.55244338069869,25.16515835691117],[121.55278436674585,25.16312195017862],[121.55317656262866,25.162683914950925],[121.55489471615388,25.16239261265095],[121.5570094568685,25.16146923263397],[121.55701251757202,25.16170750176457],[121.5559657243624,25.16335389779734],[121.5554064649809,25.16546691531096],[121.55372456180103,25.166871360096323],[121.55286556667073,25.168051784903394],[121.55227611056111,25.169362035537976],[121.55197032646257,25.17092412750644]],[[121.58754703335069,25.031602563199495],[121.58588607686845,25.028844191156725],[121.58415570328212,25.02742763065067],[121.58204855021064,25.026529692137558],[121.58052318560489,25.02625943933035],[121.57912557302893,25.026257892609443],[121.5801694658571,25.025106928934477],[121.58100947234546,25.023562758718846],[121.58186938242545,25.022586856132953],[121.58245033540254,25.021619076907474],[121.5844771427628,25.02205058892742],[121.5860310085634,25.022044471743857],[121.58709284330828,25.02186936384765],[121.5878486283591,25.023158700122348],[121.58883962056602,25.02424924120021],[121.59004509001832,25.02514266370093],[121.5916393841617,25.025875581780742],[121.59218997070373,25.027783205816988],[121.59292849127417,25.029028924221702],[121.59449826977665,25.030593099657505],[121.59579414770135,25.031374510596873],[121.59723246097778,25.03191055718116],[121.59875792853573,25.03218063634017],[121.60031191787778,25.032174367530956],[121.60221918363276,25.031764893097886],[121.60190748651031,25.033194255113138],[121.60191439492877,25.034610068181774],[121.60210808982924,25.035582437694305],[121.60196257038601,25.03699232479419],[121.60212177256028,25.038400702435432],[121.60257951418518,25.039753721260386],[121.60378444646257,25.041566781026283],[121.604888276477,25.04256344063894],[121.60618434568023,25.04334475613962],[121.60769734394232,25.043897374810868],[121.60762774114919,25.044746926939723],[121.60544960560789,25.04470073341096],[121.60292467620924,25.04432774213613],[121.60079501595352,25.04460848714533],[121.6007335436352,25.04291621195866],[121.60130217458764,25.041317733016466],[121.60144763141818,25.039908122077918],[121.60109605212423,25.037812989378313],[121.60009206208267,25.035901045108243],[121.59749214898368,25.03323696624306],[121.5954915340162,25.032155355835172],[121.59192259339258,25.031240335875562],[121.5895986091046,25.03114557441352],[121.58754703335069,25.031602563199495]]],[[[121.66602217695203,25.018253897302863],[121.66458374131895,25.0177185181309],[121.66305832532316,25.01744911330461],[121.65889578855449,25.01773342978268],[121.65741109296187,25.018150996939028],[121.65538368482625,25.01928118994175],[121.65335967313625,25.01996704962336],[121.65030191624578,25.021629238663795],[121.64920845028503,25.022635164310845],[121.64835135920909,25.02381612855168],[121.64776358478824,25.02512675175752],[121.64746772237511,25.02651667049739],[121.64747515143524,25.027932472506873],[121.64778559677377,25.029319749057567],[121.64879026252443,25.031231359397626],[121.65036076414412,25.032794929989183],[121.65165700792888,25.03357584622749],[121.65309557711007,25.034111346736417],[121.65462118076272,25.034380849446315],[121.65694414433827,25.034266600621457],[121.65842903420659,25.033849035036422],[121.65937142846072,25.033409951443172],[121.66154605030731,25.03435146566096],[121.66307167326991,25.03462088116711],[121.66462567402763,25.034613939283147],[121.66687949230604,25.03408885082835],[121.66886892546039,25.032990279948546],[121.66996231724096,25.031984212460067],[121.6711483681315,25.03016092305606],[121.6717024038724,25.028102458614566],[121.67157674160562,25.025986099094354],[121.6711183030466,25.024633304400695],[121.67001679560136,25.022947538863075],[121.66962817498424,25.021843379340307],[121.66888893398023,25.020598055316523],[121.66789727723622,25.01950806074337],[121.66602217695203,25.018253897302863]]]]},"properties":{"city":"taipei","minutes":10,"minutes_label":"10分鐘"}},{"type":"Feature","geometry":{"type":"MultiPolygon","coordinates":[[[[121.49263730064267,25.014839253930553],[121.49222293947145,25.015406436559648],[121.49149907647629,25.015681383901246],[121.49056744073381,25.016315760957536],[121.48987800616274,25.01716924412889],[121.48943447120178,25.018519075279645],[121.48955948451737,25.019805747380808],[121.48881738307588,25.020335730067238],[121.4881279143114,25.02118920518818],[121.4876837084641,25.02255180208757],[121.4868931222703,25.023864192073436],[121.48673423684,25.025045073805305],[121.48578276812982,25.026300062449202],[121.48550419804259,25.027328975481446],[121.48550698346165,25.028036896318643],[121.48607406684538,25.029553938000074],[121.48512290899754,25.031214151074433],[121.48495635798047,25.032262986326355],[121.48503528821117,25.03296724938047],[121.48543107854131,25.033963769524632],[121.48622728833695,25.034894635681336],[121.4866210417632,25.035883797592696],[121.4876064886948,25.036969770201672],[121.4886063726721,25.037511311890274],[121.489350771384,25.03771436323994],[121.49119485494094,25.037640330223358],[121.49227655757993,25.038909847136175],[121.49327647737273,25.039451356706657],[121.4941992893959,25.03967788610483],[121.49500510508277,25.040911158688793],[121.49586988140142,25.041619966216395],[121.49692328258278,25.042069552412375],[121.49833013099804,25.042208900215417],[121.49857095939933,25.043651051739833],[121.499122639145,25.04466885623187],[121.49928089247716,25.04605107055609],[121.49978215173803,25.047007395363178],[121.50087989466435,25.048000037357543],[121.50244664799071,25.048552269681718],[121.50330737630577,25.0497030195655],[121.50461290059286,25.05048669580916],[121.50345180940467,25.052030518139762],[121.5031733332047,25.053059459374268],[121.50317622337136,25.05376737586807],[121.50346309967668,25.05479440107906],[121.5041363240558,25.055772575065912],[121.50400611923898,25.057117399382456],[121.50446066433912,25.058464217437912],[121.50515720144334,25.059313053854993],[121.5057598116332,25.059760105972025],[121.50739674968213,25.060321498779874],[121.50727542807357,25.061603596396274],[121.50742926306248,25.06257541639891],[121.50713298158684,25.063739570650245],[121.50723289712334,25.064935529413788],[121.50700291447883,25.0658395683441],[121.50707290271271,25.066928407978082],[121.50686521926578,25.06808358872123],[121.50704025700556,25.069131275329852],[121.50737584964425,25.069837717860057],[121.50700151538977,25.070614737538182],[121.50683510399608,25.071663589727063],[121.50714260515461,25.07304449615204],[121.50819610596285,25.07436809055982],[121.50778259743232,25.07565959452438],[121.507865324322,25.076793970838196],[121.50665545768146,25.07769959159093],[121.50611991598426,25.078496014136732],[121.50513544522768,25.07927956076271],[121.50454095312548,25.08019056355963],[121.50426242681137,25.081219503801204],[121.50440164617905,25.082556168557517],[121.5042047152549,25.083683525520758],[121.50455341887319,25.085143003268684],[121.50444663514999,25.085593022405636],[121.5035718824441,25.085660844849944],[121.5012888864884,25.08621884746743],[121.4993329879148,25.08734701401343],[121.49728930818866,25.089508179166383],[121.49640560924195,25.090115924431725],[121.4959096842173,25.090672412552724],[121.49448561594171,25.09150588836223],[121.49359383801563,25.092775192434893],[121.49055560699902,25.095325815201726],[121.48983720841693,25.096234747602193],[121.48870560671034,25.096955780643476],[121.48776600887612,25.098347893744467],[121.48671479214062,25.098804665746094],[121.48560315882195,25.099837365192826],[121.48438560992463,25.100595699825373],[121.48389455957555,25.101144534588006],[121.48342624744811,25.102038460511636],[121.48230773818713,25.10236116798139],[121.48137586283825,25.10225882554284],[121.4802024981061,25.102425542790787],[121.47914473350237,25.102194957654824],[121.47754872425926,25.102356671375354],[121.47592735269674,25.102197459484827],[121.47473914046934,25.102484756455414],[121.47350262784957,25.102530681749716],[121.47099948085122,25.103248533353465],[121.47000329786827,25.1037965156509],[121.46894878166201,25.105038357132848],[121.46822115226594,25.105516307216366],[121.46671829030625,25.10593111941216],[121.46536585364377,25.106765337292344],[121.46467574714498,25.107618703106816],[121.46438068582987,25.108273663609346],[121.46423429974395,25.10967636667567],[121.46468861624184,25.111023300634606],[121.46538518640818,25.11187231740956],[121.46632245866275,25.112500666552325],[121.46741971310041,25.112854231463356],[121.46896726625157,25.112849344883326],[121.47070193459194,25.11216777436932],[121.47230058162647,25.11189146576442],[121.47358429815878,25.11110455731399],[121.47442917326418,25.109950395263684],[121.47470257420638,25.10980839909184],[121.47596930133018,25.109478137014463],[121.47776123913722,25.109405925700703],[121.47888406592034,25.10955117399437],[121.47976938087328,25.109453395391597],[121.48106413001643,25.109651172789427],[121.48217746346322,25.10950058857552],[121.48256856629206,25.109586727405357],[121.48272877170722,25.1103806711082],[121.48323017454194,25.1113370415413],[121.4840149085731,25.112119705648574],[121.4846629386645,25.112510889275534],[121.48614546453868,25.112915054645697],[121.48777662325696,25.112741705990835],[121.48928034276052,25.11332433401016],[121.49082789686895,25.11331921918482],[121.49192236817512,25.112958573140734],[121.49285471884826,25.11232418477821],[121.49354465320572,25.111470690878885],[121.4939884589989,25.11012085986941],[121.49392709594194,25.1090625907009],[121.49332966976458,25.107762809270845],[121.49223144474716,25.106770126634288],[121.49081837760417,25.106239874347324],[121.49069731944242,25.105204827672228],[121.4918331892742,25.104483435195576],[121.49212146903002,25.10553413736607],[121.49298588661786,25.10670282902696],[121.49392325692791,25.10733100263202],[121.49523197168476,25.107712198211253],[121.4955313993299,25.109254221898706],[121.49639587577715,25.110422892203438],[121.49733329183132,25.111051043238],[121.49805271112666,25.111319538280675],[121.49920466404573,25.1114711620783],[121.50015107619386,25.11135910776863],[121.49921401515532,25.112254887411027],[121.49851707246279,25.11376862824743],[121.49852278757218,25.115177633025084],[121.49904205558495,25.116359519579742],[121.49774499933103,25.11828949853617],[121.49730025068516,25.119658505393886],[121.49605456306865,25.120579398558352],[121.49533001817126,25.12182446880469],[121.49516344584329,25.12287330329535],[121.4954455801804,25.12419040059182],[121.49399968024231,25.12629033069835],[121.49371821715619,25.127374337027497],[121.49301962753871,25.12839030760565],[121.49273722042574,25.129492950271153],[121.49216957705144,25.13037028767486],[121.49194655685811,25.131048465115033],[121.49189367627615,25.132107111315],[121.49222805462551,25.13322452483446],[121.49224767437005,25.134490756405697],[121.49107460499262,25.134658162870732],[121.48987058893199,25.13521912997601],[121.48881983464183,25.134885681331625],[121.4878006979344,25.13483060775158],[121.48776790840876,25.13359274235837],[121.48717042291605,25.13229294120798],[121.48607202395078,25.131300218770495],[121.48463993233928,25.130765699377513],[121.48347702394912,25.130717498423262],[121.48234881639307,25.130978672596335],[121.48135246275028,25.13152673168022],[121.48068039845464,25.132182614428583],[121.47994505093983,25.131818812966944],[121.47892031701205,25.131578869082052],[121.47788507369329,25.13011750283013],[121.47678469253034,25.129419725926912],[121.47624507912921,25.128807533246377],[121.47480187833962,25.1278456819679],[121.4744222042318,25.127384222440355],[121.47484990228837,25.12652615452278],[121.47500488295903,25.125273848595967],[121.47534310308906,25.12437207921416],[121.47533765143407,25.12296307131743],[121.47474035030064,25.121663215485928],[121.47316044182928,25.120036409707343],[121.47311753610242,25.11886313084747],[121.47252027899351,25.1175632647195],[121.47202490463857,25.117017611390665],[121.4710875690083,25.116389299599657],[121.46999027275417,25.116035762611084],[121.46858116586041,25.11602150988126],[121.4673122017157,25.11483048712914],[121.46588038176459,25.11429578130549],[121.46471763414762,25.114247430688035],[121.46395556568763,25.114387926237367],[121.462593227574,25.11505639451134],[121.46161554277,25.116148635606322],[121.46122324203547,25.11717225856168],[121.46043826967372,25.1174610448391],[121.45950570957615,25.118095231915575],[121.45881549965637,25.118948570640406],[121.45852038074753,25.119603519314403],[121.45837391639935,25.12100621560124],[121.45866058706773,25.122033321360295],[121.45952480871219,25.123202208464463],[121.46083465774937,25.12398748200919],[121.46125889477831,25.125418308333177],[121.46089004216131,25.126049505181363],[121.46061105204983,25.12707836403144],[121.46079800944032,25.12872011861658],[121.46129932021175,25.129676562260148],[121.46219191653906,25.1305316570503],[121.46218202784054,25.131996689351567],[121.46277924910798,25.133296595181022],[121.46482399515779,25.135649385868227],[121.46582459140456,25.136191063609477],[121.46692762962752,25.13644141705891],[121.46720023323638,25.13738353452883],[121.46780220032272,25.138290611984306],[121.46866751748688,25.138999560982114],[121.4693629935733,25.13933378461621],[121.46942180794723,25.14040688174967],[121.47001914781737,25.141706755234928],[121.47080399638071,25.142489484484667],[121.47145214738462,25.142880722543048],[121.47217170005972,25.143149340137033],[121.47332392390804,25.143301160478078],[121.47447494830134,25.143141981224698],[121.475525639713,25.142685512036355],[121.47638550806293,25.141971066770527],[121.47698050142925,25.14106017677537],[121.47725938356436,25.1400312905697],[121.47710687084451,25.13864623194972],[121.4776347507029,25.138780875763285],[121.48079495199163,25.140391208603944],[121.48226024907713,25.140658920920007],[121.48375501873475,25.14161123714827],[121.48521403511744,25.141878658728125],[121.48478621546568,25.142938283146133],[121.48479178052233,25.144347285289292],[121.48538930198183,25.145647093423683],[121.4864878259886,25.146639817166257],[121.48792011176326,25.14717431465848],[121.48930573584774,25.147226588450494],[121.4901243314836,25.148059804350645],[121.49149219845053,25.148719478648786],[121.49415454045656,25.149041146545667],[121.49530558860378,25.148881805148072],[121.49635083235918,25.14842816857916],[121.49781565283013,25.14828178468291],[121.49886629807308,25.147825150898267],[121.50126605752193,25.145770540655512],[121.502356781882,25.14390007091562],[121.50273364609848,25.14393820471553],[121.50370776409613,25.14448827390411],[121.50443471961563,25.145200041560962],[121.5050829896039,25.145591130488448],[121.50662606948006,25.145997563582434],[121.50610597010225,25.147198847896128],[121.50611178101295,25.148607844674665],[121.50670954827822,25.14990756227641],[121.50780828060948,25.150900124089095],[121.50924070549168,25.15143441290498],[121.51043846728908,25.151477607860734],[121.51183612032843,25.151845090956343],[121.512842689242,25.151810699109777],[121.51416572301268,25.15262153043],[121.51557939999923,25.152886771945855],[121.51652577870904,25.153391553182917],[121.51727092607396,25.153594449579984],[121.5208843758355,25.15361075751719],[121.52235107091826,25.15402447310199],[121.52381817339658,25.154030227620332],[121.52485103591953,25.155218956224747],[121.52540969234117,25.156377973851598],[121.52627324030802,25.157212794555853],[121.52723814722799,25.159624771169035],[121.52807126900498,25.16058465208851],[121.52868960064605,25.161928046774662],[121.52947494945107,25.162710455123843],[121.53047604582947,25.16325168626625],[121.53122127512303,25.163454510849956],[121.5323845056204,25.163502331550117],[121.53335308607886,25.163293465175578],[121.53408348529577,25.163751478605647],[121.53518138633476,25.1641045290189],[121.53595578123713,25.16417111537835],[121.5370682305819,25.164020414880497],[121.53745149543973,25.16465479092284],[121.53655803347384,25.165861419209726],[121.5362761605777,25.166959675649196],[121.5354226501236,25.167670261089174],[121.5348200976812,25.168601653567805],[121.53349541666877,25.168517677943175],[121.53201561841733,25.168932017236784],[121.53082267875168,25.16983016560434],[121.53022795377348,25.17074126432529],[121.52993187542353,25.172124259661285],[121.53010727481917,25.173171898841836],[121.53060930962343,25.174128090973365],[121.53148551927066,25.17497124336405],[121.53075289963945,25.17586032633104],[121.53036490059246,25.176859506057603],[121.53037099821577,25.178268491771647],[121.53078274227273,25.17928757653975],[121.52918049365562,25.17928104704708],[121.52775230217681,25.17982535094933],[121.52666171142049,25.180825555028264],[121.52607475443999,25.182129395959006],[121.52602215501105,25.183188042770247],[121.52630954457301,25.184214998038602],[121.52691218074085,25.185121819121196],[121.52777816871671,25.18583040775422],[121.52883292914524,25.186279736982815],[121.52998562119191,25.186431108035112],[121.53113696757376,25.18627148399234],[121.53218780702312,25.185814612838335],[121.53327839547234,25.18481436871248],[121.53386528752938,25.183510500718285],[121.53385914827656,25.18210151680388],[121.53344736887925,25.181082441420727],[121.53466464076855,25.18114231474423],[121.53614457615161,25.180727947368887],[121.53733758045655,25.179829756318867],[121.53796584466048,25.178832218655344],[121.53913211137431,25.17844176919875],[121.5389216390995,25.179604504669367],[121.53912712338295,25.18078213151263],[121.53986250557047,25.182022082413493],[121.54072854467626,25.1827305946755],[121.54178332385143,25.1831798314297],[121.54254694452023,25.183315140159756],[121.54431337593994,25.183096831302993],[121.5458715866015,25.1837145713302],[121.54664611030793,25.183781099418123],[121.54779740754316,25.183621346448476],[121.54916002075659,25.182952095931157],[121.54970787220023,25.182449493306354],[121.55030250585132,25.1815383192078],[121.55058085566702,25.180509308903748],[121.55047711122955,25.17930165385451],[121.55102735357174,25.17858927172923],[121.55141518825245,25.177590040785013],[121.55148826763096,25.176885266243463],[121.55131268003576,25.175837656065347],[121.55101204666305,25.175184750929642],[121.550314524138,25.1743361591746],[121.54971118507422,25.17388930694445],[121.54865645863586,25.17344012528071],[121.54750386896572,25.173288897752826],[121.54673003028371,25.173361145639905],[121.54598654698589,25.173569385978855],[121.544999006661,25.174111838518115],[121.54419204353559,25.17157491113469],[121.54375726380863,25.170987901474305],[121.54274173572146,25.17011647423418],[121.5444651344669,25.16874230270261],[121.54523328206741,25.168530644257032],[121.54622963937894,25.1679821579271],[121.54700813138993,25.16719407071056],[121.54779694716285,25.16600935793694],[121.54864165919228,25.164124227880528],[121.54879030025421,25.16342936682235],[121.54874901066809,25.162493960874624],[121.54924762808763,25.16121511688308],[121.55034680866663,25.160039301178045],[121.55078583971763,25.158716539164633],[121.55180189678143,25.15903460799515],[121.552965090076,25.15908226759998],[121.55372732432383,25.158941312287478],[121.55477784411507,25.158484284412406],[121.55563735097051,25.157769386218934],[121.55623182413203,25.15685818806602],[121.55651007218387,25.155829165001037],[121.5564656703639,25.154875522258337],[121.55799746674947,25.15530518349378],[121.55981524622739,25.15512177643471],[121.56147532398613,25.15529224208433],[121.5626035737512,25.15503046524914],[121.56359974253108,25.154481864238463],[121.5651880327177,25.15306366978709],[121.56555178994458,25.152437958282636],[121.56582995020362,25.151408918621247],[121.56582668573971,25.150701018700293],[121.56553905103232,25.14967413979298],[121.56453081377475,25.148389054784953],[121.56611756285542,25.14825121532415],[121.5674796835683,25.147581801490006],[121.56845665793718,25.14648887780265],[121.56875124803965,25.145833721007822],[121.56891620691196,25.144805302174426],[121.57031364410663,25.144530388756063],[121.5713096930697,25.14398173720775],[121.57208787212367,25.143193521022276],[121.5725073191417,25.142424035224007],[121.57333726354209,25.141729024655746],[121.57379866019102,25.141076315665575],[121.57441396274163,25.140716889110564],[121.57408580207604,25.141600637885784],[121.57401286954986,25.142305424298563],[121.57432131538137,25.143686162563036],[121.5751867811685,25.14485435124343],[121.57647751450062,25.145632136036735],[121.57799700501704,25.145901098411493],[121.57951390596187,25.145620288354273],[121.58079726523509,25.14483246035525],[121.58165169611647,25.14365756225369],[121.5819471271664,25.1422744694803],[121.58165489584985,25.140934648737346],[121.58214413900222,25.13977925388926],[121.58239557120761,25.137590153046784],[121.58293403409468,25.136359235304994],[121.58291452712211,25.134904511823084],[121.58353394798269,25.133559221327786],[121.58352725274881,25.132150239874246],[121.58329830163142,25.131473710908274],[121.5826955251651,25.130567115413886],[121.58182962335543,25.129858841434547],[121.58054900577119,25.129359250209763],[121.58026824611184,25.12837378616351],[121.57966550745553,25.127467177293795],[121.57754460028102,25.125719957748927],[121.57761580601648,25.124590718746422],[121.57736573202732,25.12365823582007],[121.57754263590876,25.123109911919013],[121.57898020438262,25.123191844635468],[121.58099821792798,25.123615243055433],[121.58234010286822,25.12351699637983],[121.58362730009243,25.124937111560733],[121.58374267292727,25.12586145433231],[121.58314871684955,25.126772555672062],[121.58287075385896,25.127801627686203],[121.58293289484783,25.12885984425826],[121.58332979670541,25.129856071930202],[121.5840272849239,25.130704513688208],[121.58496529452148,25.131332098605],[121.58606304204419,25.131684775903903],[121.58722598349149,25.131732170984304],[121.58835395864806,25.131470202026815],[121.58934981967278,25.13092143157988],[121.59094778414652,25.129083105078404],[121.59153380431803,25.127779014152516],[121.59147527517366,25.126185411618522],[121.59167522477682,25.12555958213876],[121.5927274223748,25.12565109875075],[121.59387810814286,25.12549099700062],[121.59492818874357,25.125033690119476],[121.59578722674307,25.12431856412775],[121.59651075758076,25.1230730204969],[121.59665908189517,25.122378113283812],[121.5965968272938,25.12131990364276],[121.59619984772476,25.120323711816656],[121.59550233720833,25.119475326619042],[121.59456436711011,25.118847806722027],[121.59346671208503,25.11849519013659],[121.59248258717005,25.118418899336483],[121.59133196537817,25.118578989227874],[121.59028192546911,25.11903627026488],[121.58931266516461,25.119887916183313],[121.58910610760509,25.119762998017762],[121.58778930713763,25.117512122245767],[121.58777672086964,25.116140136445825],[121.58737982994566,25.11514391869879],[121.58668240959858,25.114295489767432],[121.58539194715497,25.113517785836073],[121.58387284422263,25.11324889122241],[121.58272225801463,25.113408913728907],[121.58167222849518,25.113866133882073],[121.58066095256412,25.11476348105544],[121.57992939953628,25.114188867332473],[121.57887508456535,25.11373989018979],[121.5777230246532,25.11358888744094],[121.57681083321351,25.113693504445653],[121.5761094763628,25.113148921989048],[121.57476226763792,25.112634319518524],[121.57389951010921,25.111928953558884],[121.57321225869362,25.11159790288113],[121.57006310859552,25.110880154048644],[121.57242899398878,25.10962174293558],[121.57320695277953,25.10883352120691],[121.57370010567097,25.10787361924276],[121.57386598823375,25.10682470597642],[121.57369032296111,25.105777114041942],[121.57329974459532,25.104854249426943],[121.57260247990851,25.10400575032206],[121.57166474333881,25.103378080042955],[121.57028226649895,25.10298791174635],[121.56909526397565,25.10244995679303],[121.5666521703878,25.102114778566705],[121.56511286203572,25.10225875927369],[121.5640128016454,25.102749954941732],[121.56240007673281,25.102741195576296],[121.56069679810254,25.10328919847924],[121.5598532594622,25.102419082557994],[121.55906108129034,25.101966890654875],[121.55807327000984,25.10087911186506],[121.55707256971704,25.100338056108267],[121.5561910513921,25.100117422067626],[121.55510329812685,25.098839160777967],[121.55382696242224,25.098209428559453],[121.5530233175845,25.09739919503315],[121.55116795285662,25.096239678515325],[121.55072979360077,25.09499477760028],[121.54963158527097,25.093834424610147],[121.54903832977557,25.092551590973326],[121.54854272369087,25.092006195228063],[121.54760519950375,25.09137836814448],[121.54612274459116,25.090974815011712],[121.5445835469565,25.09111858092324],[121.54353355860555,25.09157553158373],[121.54293461986863,25.092026824127462],[121.54199774938853,25.09341393453682],[121.53939079979534,25.093691056525888],[121.5381741080371,25.0941195354396],[121.53714086086212,25.09418104376365],[121.53605540913892,25.094538227782287],[121.53533556039599,25.09408851676451],[121.5342814459205,25.09374513291841],[121.53299314295586,25.09296828728927],[121.53167281465029,25.092707012708658],[121.53158627248365,25.09049161479833],[121.53078169251948,25.088877571527878],[121.53090540953663,25.087985864732456],[121.53066614993787,25.08641164052396],[121.53006845297769,25.08511200754258],[121.52908308198317,25.084195254117173],[121.52836400231905,25.08299068749914],[121.52855491519264,25.081477469949157],[121.52966681613107,25.081725157924808],[121.53044413259849,25.081722381640116],[121.53269887620954,25.081538995940047],[121.53372870642025,25.081205995816028],[121.53480876054489,25.081546781981803],[121.5343005715322,25.08235130615011],[121.53402229055092,25.083380298006347],[121.5340839811823,25.08443854891832],[121.53431257010783,25.085115164264575],[121.53491476407932,25.086021971870988],[121.53578008730821,25.086730533873617],[121.53683401768843,25.087179825628333],[121.53759703447687,25.08731517162108],[121.53913619424824,25.087171478774884],[121.54050161217633,25.086499141913517],[121.54181322085364,25.08610793733339],[121.54245782400683,25.085712282803307],[121.54323583006838,25.08492421503695],[121.54391448150217,25.083380570075217],[121.5446700025426,25.083272341916945],[121.54514774016148,25.083412051455003],[121.54521405394715,25.084378839272265],[121.54544270360252,25.085055436456464],[121.54630747401959,25.086223814731436],[121.54834358693836,25.087447789509017],[121.54884497816467,25.088162254539547],[121.5497103952617,25.08887073349637],[121.55076439298696,25.08931992500642],[121.55152743695977,25.08945519883978],[121.55306660423504,25.089311361348386],[121.55413402593962,25.08884243033807],[121.55546957936602,25.08880885959336],[121.55690918577892,25.088255722823668],[121.5577476215347,25.088415211784394],[121.55890967476071,25.088358839846663],[121.56033222749842,25.087816695185786],[121.56155647799268,25.087991136964924],[121.56250817372066,25.08787740497483],[121.56374535569834,25.088811849795334],[121.56555660062324,25.089228678833457],[121.5663054098528,25.089701880486583],[121.56740273251324,25.09005470544287],[121.5685652757552,25.090102254268338],[121.5699458036055,25.089730319810958],[121.5713767676517,25.089971129854444],[121.57289299763129,25.089690397407907],[121.57425490899563,25.088829823367394],[121.57580306088683,25.088550366705288],[121.57718361185695,25.087663506697876],[121.5779904776558,25.087554539803627],[121.5790482539825,25.088142174067027],[121.58017827811514,25.08839525650433],[121.58134031712993,25.0883387090731],[121.58266313567903,25.08795807398211],[121.58270414375443,25.089149819439022],[121.58308424488757,25.09011432594253],[121.58254191284361,25.09181159639572],[121.58270021214491,25.09321320549814],[121.58320231294425,25.094169228278904],[121.58369807915086,25.09471450521556],[121.58505765920039,25.095514510056777],[121.5850353320683,25.095886233384206],[121.58436447130744,25.09672155085397],[121.58407007723594,25.097376739413193],[121.58390429296719,25.098425663634554],[121.583983837979,25.09912985756877],[121.58438064705454,25.100126087977223],[121.58481536045822,25.100712985013942],[121.58625280709751,25.101703061884404],[121.58578990086689,25.102616787401733],[121.58564153625163,25.1033116862679],[121.58579988846215,25.10471328899556],[121.58630206203084,25.105669298525132],[121.58741740674847,25.1067114127373],[121.58878531292979,25.107370191672192],[121.58993732610939,25.107521109403095],[121.5914537251033,25.1072401847498],[121.5925460737518,25.106610890523868],[121.59339842746161,25.107052307977582],[121.59452865333475,25.107305276753227],[121.59530612276889,25.107302157789874],[121.59643385624008,25.107040130906395],[121.59711790065342,25.106703669812934],[121.59797679987732,25.105988531969096],[121.59857071291303,25.105077167758257],[121.59884849658638,25.104048066514228],[121.59878623595235,25.102989855367433],[121.5983893012723,25.101993666189436],[121.59769188269382,25.10114528756723],[121.59675404366165,25.1005177776095],[121.59565654754513,25.100165173474494],[121.59449390326071,25.10011783893179],[121.59336622848961,25.10037985021678],[121.59235124302906,25.100944786842728],[121.59142457104082,25.10036542734699],[121.5920270005772,25.09972310290969],[121.59251997019355,25.098763140504857],[121.59294481993392,25.095520327051183],[121.59278981183448,25.09482663343308],[121.59228763444011,25.09387064459148],[121.59150234182849,25.093088561164176],[121.59053584152619,25.092562328606277],[121.59074526389574,25.09120043790867],[121.59215771165452,25.09105103335635],[121.593207507615,25.090593741818424],[121.59429676030379,25.089593059322837],[121.59505391907136,25.088236533087745],[121.59558498112312,25.088108892714263],[121.5957604563494,25.08916353533803],[121.59626264044526,25.090119512884524],[121.59715794415158,25.090991573025985],[121.59815873797659,25.091532357239263],[121.59928882950238,25.091785292717024],[121.60045088841233,25.091728595204376],[121.60256800353746,25.091220945918092],[121.60361776059446,25.090763581416414],[121.60447651194478,25.09004840717742],[121.60507030191664,25.089137017322585],[121.6053479979329,25.088107903390764],[121.60520720972966,25.08671068062792],[121.60599101105983,25.08663856572576],[121.60708489109558,25.086277078591024],[121.60801643319898,25.085641977907574],[121.60870541136993,25.084787961807454],[121.60899964453226,25.08413272624575],[121.60916519768239,25.083083776291478],[121.6088001518597,25.081462408410793],[121.60970921925343,25.080951113429375],[121.61058384649192,25.080013656282475],[121.61149847680538,25.080861808637344],[121.61249924807818,25.08140249722292],[121.61362927310925,25.081655325015404],[121.61489939197787,25.081573365453767],[121.61630935086508,25.08194533009722],[121.6170866569046,25.08194209999249],[121.6182141089739,25.081679911888397],[121.61920943397854,25.081130947308722],[121.61988473061173,25.080469170726538],[121.62048651669724,25.081373703830316],[121.62135228839928,25.082081758916065],[121.62240647766872,25.08253043821203],[121.62316954996193,25.082665343079306],[121.62394685953633,25.082662076956627],[121.62507430234264,25.082399836910792],[121.62606960142774,25.08185082684886],[121.62684703853667,25.081062330588765],[121.62752244684403,25.07940809882555],[121.6275950428039,25.07870328658974],[121.62741896700558,25.077655762148414],[121.62596333922245,25.075066247864235],[121.62541118990758,25.074568004053038],[121.62439836995469,25.07401483567979],[121.62343587891954,25.07315722207986],[121.62315506498176,25.070749235918086],[121.6227735069211,25.06969897359013],[121.62269501203808,25.06896924881324],[121.62173642751242,25.066950007511238],[121.6206375580481,25.06595828168437],[121.61938554638756,25.065465295023664],[121.61818048362754,25.064757459805477],[121.61666192089419,25.064488889243325],[121.61524638577164,25.06473691236103],[121.6146563609448,25.064337411822056],[121.61570278297299,25.063384254586452],[121.6160375670108,25.06334155930136],[121.61716648938022,25.06384040638314],[121.6183181237447,25.06399111163697],[121.61909122505939,25.063918502306517],[121.6201848641019,25.063556922094445],[121.62111616754662,25.062921741823146],[121.62239611471739,25.061698051555027],[121.622824915753,25.061107642873274],[121.6232118129007,25.06010822584746],[121.62326354456553,25.05904954311893],[121.62297566409829,25.058022767907573],[121.62237297091279,25.057116323443996],[121.62154398619363,25.05643276717216],[121.62191697688087,25.055217483345047],[121.62175829073081,25.053815916390164],[121.62102288627916,25.052576351473316],[121.61998242724283,25.051773782587354],[121.61984321250617,25.050575168970653],[121.62014866906316,25.04990246391547],[121.62030755448157,25.04898714136704],[121.62108860753871,25.04768244134521],[121.62124326035193,25.046451122105687],[121.6228556987918,25.044988054988544],[121.6235841665011,25.04372137882502],[121.62427960686499,25.042949307607746],[121.6255373889847,25.04244327978774],[121.6263956797664,25.04172798300357],[121.62698908087644,25.040816507146996],[121.62722635166752,25.040074487234623],[121.62801435228651,25.03913753608538],[121.62840114225112,25.038138104758776],[121.62839396342194,25.036729116911722],[121.62816495662551,25.036052649825162],[121.62762766480687,25.035225699857534],[121.62753208746399,25.034321350384335],[121.62818097643384,25.03293811421085],[121.62817380181653,25.031529125318386],[121.62757536391389,25.030229889150554],[121.62640331625643,25.029198496130586],[121.62724402847068,25.028217562937474],[121.62764328571708,25.02713886686235],[121.62814865862997,25.02633648926998],[121.62837074683928,25.02565811435068],[121.62842242663476,25.024599426087278],[121.62813459057155,25.023572655412718],[121.62757564792246,25.022719291033024],[121.62771321192938,25.021773318781477],[121.62763347750627,25.021069144757604],[121.62705584093717,25.019801107655724],[121.62738581083917,25.018487362148644],[121.62732336547893,25.017429154694938],[121.62692649326806,25.01643302953083],[121.62622937893708,25.015584769732992],[121.62529205970718,25.014957423188697],[121.62419525418322,25.01460501299999],[121.6230334118314,25.014557886250284],[121.62227215503219,25.014699182411313],[121.62091179717886,25.015369078294242],[121.61911496304432,25.017081910889768],[121.61868629217426,25.017672309739456],[121.61824417220393,25.019022500253396],[121.61838653111654,25.02041071503119],[121.61878334847438,25.021406863547046],[121.6196113885255,25.02236230330729],[121.61988540357106,25.023307231991716],[121.62031415747852,25.024002266591733],[121.61957203737127,25.02526760172557],[121.61942701386901,25.02666218038037],[121.61800471483542,25.027661895826668],[121.61728194242448,25.028907545497702],[121.61713737651259,25.030310382607507],[121.61749947254793,25.03147869386823],[121.61550380774132,25.03112285120521],[121.6144070989462,25.030258368234833],[121.61335338897878,25.029809619915728],[121.61181367775413,25.029677857528206],[121.6079158718755,25.03069291981406],[121.60672481816066,25.031591661514856],[121.6061313082498,25.03250305957796],[121.60583638613409,25.03388621098963],[121.60591600638729,25.034590397713792],[121.60626814618958,25.035501603650495],[121.60599898721638,25.036271407698248],[121.60594711221945,25.037330090274875],[121.6062347993338,25.03835690494258],[121.60683728047543,25.039263421156697],[121.60770267413746,25.0399715669191],[121.60838961076821,25.040302466719787],[121.6099078582166,25.040571128728242],[121.61068081890862,25.040498565646228],[121.61177427782386,25.04013704971672],[121.61306057973233,25.03912020589391],[121.61345946033379,25.040263381667728],[121.61355411302785,25.040599006630266],[121.61290568632849,25.0414121902188],[121.61165870964939,25.044141561955072],[121.61158603813847,25.044846371014472],[121.61172581522665,25.04576506543554],[121.61139596179852,25.047216367387684],[121.61173259598367,25.048836602541826],[121.6100788336252,25.048864757673204],[121.60910587514556,25.048565093558654],[121.60787144304851,25.048527923506416],[121.6067408693232,25.048274676465837],[121.60503125523428,25.048475595685574],[121.60333096822774,25.04795468298095],[121.60179238671464,25.04809903202371],[121.6005243738447,25.04870544922135],[121.59891406628451,25.048308298505667],[121.59821780066555,25.0477686004007],[121.59638543049468,25.046866986710636],[121.59651511757235,25.04544203780968],[121.5968639473912,25.04395412805988],[121.59678437147306,25.043249936517693],[121.59644772222869,25.04236812014363],[121.59731821422969,25.04097305766799],[121.59746301574495,25.039570237374896],[121.59730805970472,25.038876542446385],[121.59680608529172,25.037920558166743],[121.59499113106253,25.03603850364674],[121.59362399353243,25.03537976170492],[121.59243499117163,25.03523069501325],[121.59078130367672,25.034734701935463],[121.58924286918725,25.034878918500986],[121.58783937694359,25.03558410901069],[121.58632488171276,25.035358938505187],[121.58516339133749,25.03450790676569],[121.5836786953304,25.03408925831836],[121.58366412561372,25.032730283130213],[121.58326755122746,25.03173403778468],[121.58257064360353,25.030885570996194],[121.58163342218084,25.030257948479253],[121.58053659715624,25.029905217095767],[121.57976302939878,25.02983884800833],[121.57899011362515,25.02991124947777],[121.57790641535874,25.03025905513193],[121.57678141640866,25.029218802601484],[121.57578122529964,25.028677858938256],[121.57426319147584,25.028408843806645],[121.57286771502564,25.02864993679541],[121.57234147190127,25.02858981292269],[121.57224850899067,25.0279993067532],[121.57255866871718,25.02692639189962],[121.57323085294298,25.025970338763415],[121.5744072678467,25.02536177048328],[121.57533336026218,25.024345350963074],[121.576374349593,25.023662636663367],[121.57706321329009,25.022808762588678],[121.57748544505122,25.021587493631422],[121.57856463828519,25.02059346602161],[121.5792326220343,25.01899231112443],[121.57973459803758,25.018433441290007],[121.58022735300325,25.017473513396087],[121.5803756554618,25.01677861326277],[121.58033350921386,25.015839087099984],[121.5813179879892,25.01546963006918],[121.5817329486577,25.01657600278906],[121.5827190621727,25.01766133608808],[121.58408594530506,25.01832018453716],[121.58523711866145,25.018471155754444],[121.58638681735444,25.018311127835045],[121.58743602209384,25.017853883552498],[121.58829437090223,25.01713880352037],[121.58895064337788,25.0160655823471],[121.58986005159878,25.015998702001685],[121.5907415012592,25.015729677415763],[121.592400122346,25.015748687316933],[121.59382612596826,25.015203787408357],[121.59442450674541,25.014752294945982],[121.59511319537097,25.013898339404196],[121.59540734067221,25.013243126353473],[121.59557292817699,25.012194181214312],[121.59539723139078,25.01114660258078],[121.59489538920889,25.010190605942462],[121.59411062510748,25.009408518044932],[121.59328777973484,25.008943220850924],[121.59363717094375,25.008203175374778],[121.59379729626332,25.00726568471961],[121.59543891529722,25.007755320936397],[121.5964957648607,25.007742207838707],[121.59762258947009,25.007480185308445],[121.59830608409736,25.007143724539507],[121.59916429548547,25.006428583274314],[121.59959302316646,25.005838238791164],[121.59997994679013,25.004838874579928],[121.60005266632442,25.00413406662169],[121.59987694465359,25.00308649264461],[121.59906104457147,25.001766050437922],[121.59878427110773,25.00080337898353],[121.59841506730307,25.00018053147534],[121.59791962636636,24.99963529097184],[121.59698256977249,24.999007759657523],[121.59626360535734,24.998739732190245],[121.59513128234386,24.998589604103483],[121.59436205053771,24.997226898318957],[121.59316263102984,24.99633780500869],[121.59206607835863,24.995985152167577],[121.59129271861191,24.995918838997863],[121.58901770114244,24.99633973304706],[121.58773592192405,24.997127618838235],[121.58683478113986,24.99842586663985],[121.58548408181619,24.999331580873253],[121.58502480588473,24.99926039303288],[121.58486692297167,24.997856874609024],[121.58456656762553,24.997204017340067],[121.58386985127218,24.9963555493503],[121.58258065673267,24.995577786035668],[121.58017725994566,24.994949627951936],[121.57879113750538,24.993582863084512],[121.57973666147066,24.99292931058576],[121.5810196371104,24.992888767172197],[121.58223828759445,24.992458238040044],[121.58331614149286,24.992890186587417],[121.58626712927084,24.993451167233218],[121.58849662174394,24.99304112622424],[121.58985691891938,24.992371526131713],[121.59078403891283,24.991423212878423],[121.5912766040673,24.99046324844004],[121.59185474593524,24.98757832646593],[121.59179262624703,24.98652009370065],[121.59156242952241,24.98584072379563],[121.59252363597318,24.98506873906301],[121.59311702743221,24.984157391897],[121.59339460698294,24.98312828838],[121.59328373487381,24.981895928840576],[121.59473373005781,24.981052314579067],[121.59522381257143,24.980503121268484],[121.59571630130023,24.979543142174485],[121.59588184739775,24.97849419285115],[121.59570620228011,24.977446609024785],[121.59520450037833,24.976490606633813],[121.59410666122365,24.975498653567744],[121.59305349326333,24.975049748042775],[121.59190271733632,24.974898829197976],[121.59052476447877,24.975134495686966],[121.58906021076494,24.97515127591977],[121.58754229598388,24.975759120281868],[121.58711589985765,24.97458396465429],[121.58637670525454,24.97370062080644],[121.58764969124256,24.97365873987311],[121.58911967937229,24.97308357168389],[121.58978337036177,24.973591316381953],[121.59083651443046,24.97404024557714],[121.59191889169283,24.974225328300868],[121.59307984952716,24.974168707912096],[121.59417278010928,24.973807328183263],[121.5951035546344,24.973172313435146],[121.59564022159847,24.972551513639893],[121.59697200154399,24.972053056433793],[121.59761107553487,24.97281475230985],[121.59821358400195,24.973261436417594],[121.59964430244624,24.97379489500707],[121.6020257916508,24.973792208137823],[121.60332423736851,24.973455166807465],[121.60438689690463,24.973910341706343],[121.60553767667027,24.974061163950033],[121.60668693370327,24.973900986369223],[121.60742278000025,24.97361630043097],[121.60923030609808,24.97366861385547],[121.61065575053779,24.973123560069105],[121.61174384359956,24.97212275605454],[121.61232893355235,24.97081857374915],[121.61240156693883,24.97011375826091],[121.61222579586105,24.969066195167738],[121.61192537064841,24.968413391996293],[121.61122863609232,24.967565049294958],[121.61062611003638,24.967118417881235],[121.60957295680348,24.96666962849915],[121.60803403692131,24.96653781087416],[121.60662124806615,24.966924798630053],[121.60500412380281,24.96676780107572],[121.60367577668235,24.967117928612545],[121.60275314932838,24.96673967682176],[121.60116864552411,24.966546315352613],[121.6012306419312,24.96545017795183],[121.60077541119443,24.96410365138592],[121.59978957944001,24.96301842502699],[121.59842323380397,24.962359706237518],[121.59727257063076,24.962208826572393],[121.59650008917575,24.962281311720506],[121.59507470315643,24.96282622960139],[121.59421676459078,24.96354134627435],[121.59355943262165,24.964618142404696],[121.59252656431069,24.96529768707069],[121.59192471107261,24.966018626381214],[121.59134310843018,24.966303960721817],[121.59054984114567,24.96550857627405],[121.58955011348178,24.964967712297437],[121.58842120701178,24.964714676762654],[121.58691932422362,24.964850556330756],[121.58616138906851,24.963527068530716],[121.58496235924889,24.962637898064216],[121.58348134495881,24.962234685405665],[121.58232049294723,24.96229122907574],[121.58089504139028,24.962836012375114],[121.58003701902182,24.963551048849695],[121.57931422028433,24.9647965248726],[121.57915534814865,24.965961515303142],[121.57889224577518,24.966048486767317],[121.57715153697765,24.965504699265384],[121.57599065035869,24.965561194170917],[121.57456513226525,24.966105917817934],[121.5734767842857,24.967106455462908],[121.57298416875683,24.96806636480719],[121.57283587711842,24.96876126179621],[121.57299387843248,24.970162909116755],[121.57349538356476,24.971118990745005],[121.57399060153199,24.971664318670054],[121.57492733430053,24.972292002935507],[121.57599428739938,24.972638208834624],[121.57651021873463,24.973048721890287],[121.57633570822111,24.973811357811204],[121.57638210185289,24.974776556222775],[121.57463322193706,24.97440881782887],[121.5731184069615,24.974689547116366],[121.57183674491763,24.975477296024764],[121.57096454971862,24.976700682005106],[121.56964403589937,24.976391944864925],[121.57049221429244,24.976087637044866],[121.57142313052344,24.97545276804853],[121.57191329657981,24.974903649607167],[121.5724059465838,24.973943744049564],[121.57257168449298,24.97289481642175],[121.57239624519963,24.97184720058849],[121.57189474540986,24.970891115251955],[121.57124849031874,24.970222037857113],[121.5721431500649,24.969353648550637],[121.57263577708984,24.96839374194619],[121.57280150661916,24.967344813451955],[121.57249356106009,24.965964031282155],[121.57212459613174,24.96534111136626],[121.57134026434044,24.964558890950837],[121.56850066553508,24.963137913743612],[121.56698345398878,24.962868807406988],[121.56546876072782,24.96314945710092],[121.56418716655854,24.96393714012089],[121.56349853205862,24.96479095706978],[121.56305598204857,24.966141000656833],[121.56311784211094,24.967199252875137],[121.56351403692418,24.96819556709969],[121.56421045281992,24.969044138885526],[121.56514711715172,24.969671886135988],[121.56620151619074,24.970047919988517],[121.5653068090258,24.97091627468187],[121.56472121883301,24.972220281183667],[121.56472765136878,24.97362929762745],[121.56512388074617,24.974625606122082],[121.56582034466084,24.975474168817044],[121.56642275426964,24.97592098327078],[121.56747583713388,24.97637007876056],[121.56830594001573,24.976508054917375],[121.56745775347358,24.976812350570462],[121.56652680627326,24.977447195193893],[121.56583811491464,24.978301022462542],[121.5655436685893,24.97895700426146],[121.5640821282416,24.978915926535574],[121.56291437015683,24.97838996348841],[121.56169586741706,24.9782421005166],[121.55897692846513,24.977365296630985],[121.55783319256545,24.977316792337533],[121.55640699920187,24.97678530820963],[121.55524552703959,24.97673764491014],[121.55448441720633,24.976878592101446],[121.55343543027433,24.97733560250338],[121.5523669168756,24.97831106762321],[121.55101410710246,24.97897783503324],[121.55003827232707,24.98007064824618],[121.5496510153367,24.981069891664614],[121.54957801858941,24.98177468200994],[121.54975328099302,24.982822326463427],[121.55021560852792,24.98371964331458],[121.54885172268311,24.98378184888332],[121.54741729360208,24.983245351902877],[121.54587138535295,24.98325102980928],[121.54418553069598,24.983895465673726],[121.54310936302238,24.98488019043227],[121.54166880453559,24.985400565808128],[121.54069420502857,24.985288802191135],[121.53954474617689,24.985448473338902],[121.5384956298168,24.98590538009087],[121.53789717742137,24.986356650432615],[121.53720823726806,24.987210348427375],[121.53677659822294,24.988489100327076],[121.53606333431833,24.989521286954623],[121.53578526199806,24.990550291189894],[121.53580842593303,24.99137840275105],[121.5354495710342,24.991844662527246],[121.53445835100862,24.99218192923054],[121.53352711599442,24.992816570971858],[121.53283811013665,24.993670249096308],[121.53245067281502,24.994669448983494],[121.5324767309598,24.99649846950988],[121.53287277924275,24.9974948639938],[121.53331948162156,24.998094502880093],[121.53282656788453,24.99864556482234],[121.53233351332906,24.999605343097354],[121.53219068016426,25.001024105634688],[121.53149043125613,25.00246942858739],[121.5314379247517,25.003528100826976],[121.53159246347239,25.00422187486934],[121.53260252128435,25.00658485989963],[121.53329894962795,25.00743357192599],[121.53395729515316,25.007910771391295],[121.53392902757224,25.008306536278763],[121.53260627926218,25.009435567546017],[121.53203423483174,25.01068740486551],[121.53028612095801,25.010487582936577],[121.52915911554925,25.01074909807988],[121.5283842075248,25.011147382220535],[121.52747802121358,25.010875454185307],[121.52631623494266,25.010827570441272],[121.52518921744412,25.01108905567475],[121.52450549502639,25.011425184012996],[121.52364680822926,25.01213990197284],[121.52321769169345,25.0127300336239],[121.52283011930723,25.013729208155144],[121.5227765036195,25.014770132589256],[121.52203548609397,25.01512514881508],[121.52117675940518,25.015839852806607],[121.52074761840886,25.016429977436687],[121.52039370826347,25.017304550678727],[121.5191555057833,25.017805106640246],[121.51829674375657,25.01851979431162],[121.5177026342998,25.019430851003712],[121.51741323836534,25.02068324449555],[121.51573505477799,25.020808297716275],[121.51427671195339,25.021558214304747],[121.5128928508981,25.020888463832655],[121.51003499350135,25.02014912873176],[121.50938420356624,25.019118613367997],[121.50851951122385,25.01840988108491],[121.50783295609621,25.01807851210211],[121.50674561596477,25.017830380949782],[121.5060295529439,25.017269916659476],[121.50497633320309,25.016820390730185],[121.50382526099207,25.016668796144813],[121.50305237512478,25.01674080227413],[121.50195878728543,25.017101521340038],[121.50115997906353,25.017625485294896],[121.5007362322189,25.017540749141347],[121.50004145958682,25.01695506931657],[121.49974587972541,25.01577578937304],[121.49914429475821,25.014868821077396],[121.49827969030981,25.014160027456782],[121.49722652450227,25.01371044559353],[121.49569550090072,25.013508790120298],[121.49454571533171,25.01366811806619],[121.49349618880521,25.01412471218829],[121.49263730064267,25.014839253930553]],[[121.54328090801779,25.148739396817295],[121.54222642234308,25.148290163804326],[121.54137308609582,25.148151157005362],[121.54140525298988,25.14720326622497],[121.54225652362175,25.14661320571632],[121.54299778133895,25.145659366592223],[121.54427601291937,25.14585111934453],[121.54519702204121,25.145744715919122],[121.54478578570934,25.1467798680887],[121.54474332898552,25.147898054817176],[121.54328090801779,25.148739396817295]],[[121.54293320568543,25.13195336536946],[121.54121408437372,25.131598873642783],[121.5400632643575,25.131758568525584],[121.53870116278334,25.132427731266883],[121.53792283259563,25.13321577571355],[121.53735592380252,25.13444680454099],[121.5363039880129,25.135590430912828],[121.53591615531845,25.13658962775777],[121.53586365266517,25.137648282837393],[121.53601839970082,25.138342036596956],[121.53686264307115,25.139690769807235],[121.53651515817127,25.13960058243905],[121.53593976223345,25.138381869945775],[121.5351545316577,25.137599491439154],[121.53415362678011,25.13705828695902],[121.53266193360162,25.136790005907343],[121.53268173351961,25.136064555375732],[121.53369653213464,25.13591149385547],[121.53474693398745,25.13545460867912],[121.53560640130605,25.134739825253522],[121.53620091672988,25.133828704049368],[121.53642369599528,25.133150464089873],[121.53647619266626,25.132091808283658],[121.53618884910405,25.13106486494361],[121.53558898727783,25.130161198801307],[121.53679861906215,25.129542350067084],[121.5380462854494,25.128439778388657],[121.53864075301196,25.127528647430157],[121.53891908771602,25.126499651989548],[121.53885732715987,25.12544141010426],[121.5384607985514,25.12444505631157],[121.5377636570913,25.123596393387118],[121.5371122543707,25.12312333008238],[121.53699759497454,25.122788767285616],[121.53718719552369,25.121843174512698],[121.53833248425728,25.12158074956875],[121.5396785009282,25.12087230605196],[121.54045674304527,25.12008425256727],[121.54093079273387,25.119174461213007],[121.54201586170241,25.118473230738214],[121.54270548388234,25.11761951372544],[121.54309320420076,25.116620298486225],[121.54307402139415,25.11516500183769],[121.543388683014,25.1136195401863],[121.54337674045937,25.112859001132744],[121.54378624384304,25.111435556174644],[121.5446463052434,25.112330707708793],[121.5463811979377,25.11354494256313],[121.54636443591565,25.114378550502263],[121.54665182229823,25.115405475646927],[121.5475042558115,25.116642230569823],[121.5482331380026,25.11725916759338],[121.54822299164948,25.11872893291862],[121.54880980727782,25.120011560782103],[121.54816425627202,25.12082070379947],[121.54773312316749,25.122036746990002],[121.5469635851887,25.12269047176456],[121.54636920272306,25.123601635270465],[121.54609093678661,25.12463064394675],[121.54623703892425,25.125990014791245],[121.54477377048114,25.12683688500847],[121.54391909598978,25.12801157716012],[121.54309938968022,25.129855705263708],[121.54289073840128,25.131010562271552],[121.54293320568543,25.13195336536946]],[[121.55123828826044,25.01048038768814],[121.55004833019197,25.009349285298754],[121.54936171829696,25.00901810867164],[121.54823248337775,25.00876477536769],[121.54707117289446,25.008821051637216],[121.5458609422531,25.009246496258605],[121.54452436833569,25.009398529571452],[121.54347506951848,25.009855473092642],[121.54265213379645,25.010534188190412],[121.54162612189599,25.009850062932262],[121.54251234976174,25.008579594925806],[121.5428997465322,25.007580371324163],[121.54297265755098,25.006873251615037],[121.54383211815396,25.0056068221719],[121.54499764481406,25.00636482237544],[121.54553689086634,25.007152178417087],[121.5464017112931,25.007860694303258],[121.54745499895519,25.008309926137454],[121.54911756252322,25.00854522879715],[121.55027886915452,25.00848893660565],[121.55137223297999,25.00812786535692],[121.55230348786093,25.007493112799015],[121.55327844134986,25.006454944292933],[121.55450257941854,25.007530693094367],[121.55489278782001,25.00850537779739],[121.55532703030543,25.009092376485736],[121.55670192369985,25.010290841301302],[121.558132903717,25.010824691969656],[121.55995914498115,25.01075385001141],[121.55870949107604,25.01255421124214],[121.55773577537299,25.013476135713752],[121.5569378094867,25.014781242571317],[121.55715300020834,25.013605204268195],[121.55697762615705,25.012557574680187],[121.55647607269117,25.011601443382926],[121.5556915384357,25.010819148726164],[121.55469158755277,25.010278057619974],[121.55356233096008,25.01002476521566],[121.55240101192591,25.01008108325808],[121.55123828826044,25.01048038768814]],[[121.54873373348931,24.99238833747498],[121.54719745281002,24.991982509481378],[121.5464427626318,24.991491221364154],[121.54756218395084,24.990377151772016],[121.54845889425773,24.990880863623794],[121.54907746439453,24.992337987767062],[121.54873373348931,24.99238833747498]],[[121.5185450262151,25.146342216913403],[121.5174571033882,25.145870341766827],[121.51705488887548,25.145782373516877],[121.51792318561547,25.145576904062118],[121.5185450262151,25.146342216913403]],[[121.51958184380936,25.139938687694286],[121.51887048204445,25.13929139904438],[121.5192706275375,25.138475002327663],[121.51943701210892,25.137426145844262],[121.5193578070537,25.13672191509434],[121.51896139740386,25.13572550865699],[121.51797487013226,25.134639775387324],[121.51732661864273,25.134248742030525],[121.51628006172245,25.133906999127095],[121.51694068424062,25.13292918523908],[121.5172192129091,25.131900228156603],[121.5171576355198,25.130841975009123],[121.51655985511913,25.12954229651315],[121.51577480364455,25.128759811472822],[121.51440703479985,25.12810035816057],[121.51284617681554,25.127967590106902],[121.51146904703315,25.12833725780861],[121.51209045848846,25.127149310016765],[121.51235898102887,25.12618360011839],[121.51342301242894,25.126639644510366],[121.51457512604749,25.12679114600756],[121.51572593665433,25.126631649163432],[121.5170881038741,25.12596269608378],[121.51806536528399,25.12487009691622],[121.51867626670457,25.12309769558451],[121.52010621627468,25.123349534400994],[121.52086355394434,25.124471690399222],[121.52180024524176,25.125218823949552],[121.52305353628384,25.126901735122328],[121.5241779469339,25.12775036607208],[121.52389326250125,25.129104075318043],[121.52403382525809,25.13096796517128],[121.52449707309928,25.132327039763872],[121.52454237531082,25.133488320457605],[121.52497917804494,25.13454546489901],[121.52480937703425,25.135112738415046],[121.52378459453816,25.134998865043325],[121.52263371740828,25.13515842537892],[121.52158327131052,25.135615225391266],[121.52098403875834,25.13606643142194],[121.52029416255789,25.136920049399166],[121.51999933232226,25.137575114558317],[121.51983295238992,25.1386239715785],[121.51999164657622,25.139612399100425],[121.51958184380936,25.139938687694286]],[[121.51587309992608,25.10058858629518],[121.51530656051919,25.099918762498454],[121.51661145297942,25.099590512112393],[121.51587309992608,25.10058858629518]],[[121.50843752745881,25.132174031499797],[121.50936084124402,25.130852790730426],[121.50928317353583,25.131573685537216],[121.5094411224614,25.132559800555654],[121.50843752745881,25.132174031499797]],[[121.5040241458733,25.110908572954898],[121.5028940591268,25.1106549119129],[121.50155883234835,25.110750910108816],[121.50249586493305,25.10985511613723],[121.50308274324655,25.108551357471057],[121.50307697759654,25.107142352419007],[121.50252537368138,25.10591176477018],[121.50341506633794,25.105180523574074],[121.50405447103985,25.1043405073002],[121.50486050048688,25.104044038640783],[121.50672545791672,25.103941737821586],[121.50826301012798,25.103126864324167],[121.50778047082606,25.104074778513393],[121.50761402622625,25.105123627470807],[121.50792162683379,25.106504524629834],[121.50889974245435,25.10776611443527],[121.50844059347484,25.10895339387903],[121.50738440485974,25.109108282594413],[121.50633412086353,25.109564973511247],[121.50547465324844,25.110279589529164],[121.50482995445489,25.11131950411241],[121.5040241458733,25.110908572954898]],[[121.50884916038983,25.09837247030212],[121.50775089751761,25.097379901974634],[121.5070639002132,25.097048539835697],[121.50593393554585,25.09679489959476],[121.50406655269778,25.096777545515653],[121.50182467870651,25.09725822922036],[121.49952465473892,25.09846965777531],[121.49939622552964,25.097947591523546],[121.50011432661158,25.097070543799973],[121.50061042976004,25.096037553444805],[121.50189056733224,25.095323707035586],[121.50313298926788,25.095899579975363],[121.50467343662568,25.09603245615243],[121.50580127423754,25.09577111652124],[121.5064868643243,25.09543415003595],[121.50818541232479,25.09531173098935],[121.51011348676869,25.094289489951702],[121.50999434886477,25.09516368605723],[121.51016945606013,25.09621136414203],[121.51133352408483,25.098321222330995],[121.5100972930282,25.098701682142114],[121.50930681874343,25.099218356451694],[121.50884916038983,25.09837247030212]],[[121.49437190834146,25.14128608165797],[121.49472607345983,25.141085218950966],[121.49501117961488,25.140891263988433],[121.4946841518181,25.141574112455984],[121.4945559810954,25.141646944552697],[121.49437190834146,25.14128608165797]],[[121.5151754374579,25.078331683399277],[121.51654325222242,25.077657603638954],[121.51695158681551,25.078266104392995],[121.51660807813971,25.079179084108763],[121.51655293066406,25.08019486597078],[121.51590313525806,25.07941679880823],[121.51528064532798,25.07895910522019],[121.5151754374579,25.078331683399277]],[[121.5342348340955,25.15587965841982],[121.53375394450104,25.15459326181488],[121.53419128418616,25.15441661472537],[121.5345998804102,25.155138175355102],[121.53530219719964,25.155852609427722],[121.5342348340955,25.15587965841982]],[[121.53770627371178,25.01677241472205],[121.53875591741496,25.017405617389255],[121.53906192087439,25.01786151708164],[121.53810642760709,25.018506677686876],[121.53752884982137,25.019155281401797],[121.537713154635,25.018015719994537],[121.53754485891005,25.01699282419137],[121.53770627371178,25.01677241472205]],[[121.5696283973599,25.074883759066463],[121.56862195090861,25.074337938478262],[121.56749207832839,25.07408476486097],[121.56583938345379,25.07422739549339],[121.56738532424924,25.073352773301828],[121.56787588829528,25.072803668179557],[121.56836894473304,25.071843781110218],[121.5685173731349,25.071148895524182],[121.56845539583065,25.070090662005626],[121.56774861152682,25.0686587653752],[121.56933684847161,25.06852123857532],[121.57055995659044,25.067945930411433],[121.57085347563654,25.06907605230618],[121.57129191477205,25.069783148007367],[121.57067053520964,25.070722204197203],[121.57039258390752,25.07175126016656],[121.5704545789815,25.072809492332564],[121.57074483518156,25.07360317963064],[121.57037479071539,25.07433893665854],[121.5696283973599,25.074883759066463]],[[121.5723887200483,25.06358368328342],[121.57254727756735,25.062410443158516],[121.57285043686939,25.061270409307603],[121.5735530752072,25.061737160680643],[121.57275560404845,25.06268124870564],[121.5723113470581,25.064061350406497],[121.57209683804922,25.064233981291757],[121.5723887200483,25.06358368328342]],[[121.56504141244518,25.019527960147098],[121.56352351267702,25.019258832610333],[121.56226299548045,25.019449815730347],[121.5623382252561,25.01924340272849],[121.56360397082189,25.018462886899815],[121.56437320620513,25.017452665438352],[121.56537394583202,25.01665928533178],[121.56595769062355,25.015767512127177],[121.56681121351963,25.015441960008122],[121.56878512874904,25.01589862061535],[121.56746552656067,25.017026357317736],[121.56688999811131,25.018292419422075],[121.56627586966624,25.018840801477506],[121.5656558055957,25.019819939349357],[121.56504141244518,25.019527960147098]],[[121.57154779881371,25.00931897806277],[121.56916882902091,25.008527650807693],[121.56967217438827,25.008326569038093],[121.5705266807453,25.008411170032684],[121.57167630756697,25.00825125697559],[121.57239276586806,25.007977589968878],[121.57332390881074,25.007342707687307],[121.57413418581115,25.00646357626643],[121.57461563726896,25.00553283861119],[121.57547266863448,25.004538813816616],[121.57590998929757,25.00322178487862],[121.5767591927274,25.004101238424646],[121.57775918655182,25.0046421807781],[121.57888843940913,25.004895289628042],[121.57997513828437,25.004849141132514],[121.5808992537565,25.005841306323397],[121.58189927936287,25.00638222013443],[121.58421367535693,25.007154812717644],[121.58557185891647,25.00717490274789],[121.58568969941325,25.007819117407134],[121.58462532572794,25.008792132419856],[121.5828346502459,25.00921917572101],[121.58165083181602,25.008527797909593],[121.58052154037676,25.008274710857755],[121.57936025456145,25.008331238931905],[121.57826697514965,25.008692514526377],[121.57680289571591,25.009568305572746],[121.57602557325166,25.010356545058247],[121.57543991905762,25.011660588179605],[121.57542659531693,25.01295088467314],[121.5727384514078,25.01420990091319],[121.5731571705414,25.013363697836713],[121.57332294775425,25.012314774072518],[121.57324353025224,25.011610564148558],[121.57284711091722,25.01061428546648],[121.5724127807282,25.010027339614364],[121.57154779881371,25.00931897806277]],[[121.57386891303452,24.983287063765495],[121.57409596352358,24.98336012381338],[121.57419940067894,24.983383315438083],[121.57403220872743,24.98352261013918],[121.57386891303452,24.983287063765495]],[[121.55815508803256,25.067967703340894],[121.55702762310857,25.068229435757583],[121.55597864440387,25.068822493735272],[121.55532742567276,25.06894773851087],[121.55445374140767,25.06885885111463],[121.55346216863204,25.068981817056045],[121.55262543770432,25.06865006451457],[121.55147382905132,25.068498849118612],[121.54995780566,25.068779359865655],[121.54896226055052,25.069327864684336],[121.54818438828424,25.070115961832027],[121.5476911797535,25.071075784667656],[121.54753315779566,25.072262397342794],[121.54649010846705,25.071133910430518],[121.54587056630906,25.07007237458355],[121.5465649431389,25.069469641782053],[121.54715907078351,25.068558475317182],[121.5474372104785,25.067529459189362],[121.54740954590133,25.06667508742922],[121.54804693593191,25.06566544495961],[121.54892673736983,25.065603423883935],[121.54978078703583,25.066300736774377],[121.55046772216329,25.06663190346403],[121.55198618166764,25.06690115311214],[121.55350217698138,25.0666206220555],[121.55497124553368,25.065644197314068],[121.55583629366534,25.06573115132452],[121.5580849473862,25.0655129482442],[121.55969264218515,25.06616467876481],[121.56085495793431,25.06621229211977],[121.56166519270847,25.06605526338922],[121.56207827988605,25.0669515067704],[121.56049754302109,25.0672294725397],[121.55923068073432,25.06800394297652],[121.55815508803256,25.067967703340894]],[[121.54809373084795,25.07396506581499],[121.54800494644172,25.073955415365887],[121.54799690329672,25.073817694826786],[121.54809373084795,25.07396506581499]],[[121.56463771046525,24.994259075366923],[121.56350156082651,24.99379136652104],[121.56345002494713,24.993262165937793],[121.5651656201538,24.994080056968055],[121.56688500874371,24.994187254203393],[121.56741722744695,24.99467492675787],[121.56710518139514,24.995219570392145],[121.56566940174592,24.995170740276016],[121.56463771046525,24.994259075366923]],[[121.56316127976666,25.008800742886283],[121.562870721686,25.008841143295168],[121.56239695002166,25.00896069507325],[121.56254294268122,25.008676364541643],[121.56316127976666,25.008800742886283]],[[121.56640125260905,25.00893794458438],[121.56603454367492,25.00881995041176],[121.56554100223869,25.00872006015762],[121.56598013570182,25.008554100655104],[121.5668661231413,25.008780874292054],[121.56640125260905,25.00893794458438]],[[121.5718014337976,25.015170157152987],[121.57160895824512,25.015493675058913],[121.57134482630339,25.015451373697633],[121.57157559583658,25.01532412864704],[121.5718014337976,25.015170157152987]],[[121.60707871430867,25.068652682045624],[121.60514419270066,25.068078720107795],[121.60525469015882,25.067233890261015],[121.60510221015815,25.066269790554838],[121.60643531881308,25.06514879524239],[121.60749758356324,25.066354398475376],[121.6076559671807,25.068356766862316],[121.60707871430867,25.068652682045624]],[[121.59371057902867,25.075151690561498],[121.59502747569323,25.074238025831193],[121.5957744066559,25.073957236387237],[121.59670591690028,25.073322206299352],[121.59739490768499,25.072468241120912],[121.59775338521754,25.07157509065951],[121.59879134951058,25.0708558119502],[121.59979513066462,25.070830381151602],[121.5990435489599,25.07159711031619],[121.59855073481954,25.072557094945847],[121.5983851030959,25.073606035960957],[121.59848650382757,25.074387996821667],[121.59775533080324,25.07485178999362],[121.59647394563207,25.0747778316749],[121.59480891035975,25.075295654717003],[121.59382750025485,25.075371092847053],[121.59371057902867,25.075151690561498]],[[121.56600647836831,25.137539578776767],[121.56455383840496,25.138498709998782],[121.5627522142287,25.13913586081865],[121.56174625281719,25.140032336568154],[121.56053031065962,25.13899914790568],[121.55909781866049,25.138465355468362],[121.55793481956441,25.13841774058922],[121.55668745307936,25.138731373621894],[121.55504352973456,25.138770522691683],[121.55452943210334,25.13777146240721],[121.55374408904784,25.136989184289842],[121.55106314735423,25.13571812273192],[121.55020592523803,25.135500678931727],[121.54966455572202,25.133884789461906],[121.55034602965233,25.133039320352193],[121.55065388536593,25.13233538435277],[121.55115073862981,25.133278534427184],[121.55236390637661,25.134712331280234],[121.55356440785613,25.135601719146926],[121.55428408948885,25.135869936002383],[121.55543633397144,25.13602111735431],[121.55658717138748,25.135861302829074],[121.55761158932742,25.135418518312562],[121.55813398126277,25.136172448601265],[121.55899979461216,25.136880862063908],[121.56005424034917,25.137329976992355],[121.56120650474475,25.13748111308302],[121.56272334409391,25.13720047578493],[121.56400672733338,25.136412792003625],[121.56486126408274,25.135237987614907],[121.56515427752676,25.133810724398167],[121.56587270781698,25.134008022141288],[121.56567056464161,25.134841172779485],[121.56573256241768,25.135899398117417],[121.56596142610279,25.136575955386128],[121.56648935427292,25.137391665389764],[121.56600647836831,25.137539578776767]],[[121.56993055879792,25.12842878004143],[121.56861963192192,25.127334576521157],[121.56856989498975,25.125741900154786],[121.56900643896219,25.125036227333474],[121.56954123897648,25.126108935946867],[121.57079722078888,25.127696202344744],[121.56993055879792,25.12842878004143]],[[121.55369612959242,25.15203008241004],[121.55394435987685,25.151199990647946],[121.55399670986515,25.150141333618045],[121.55384184535652,25.14944760170224],[121.55325806746049,25.148282628772588],[121.55320012500187,25.14746380946746],[121.55355420914827,25.146530003893005],[121.55361784564687,25.145664258352827],[121.55388098770636,25.1465456626899],[121.55439423989623,25.14734360034512],[121.55470093207491,25.148755683500447],[121.55520372536407,25.14954087384422],[121.55447560138542,25.151020126473064],[121.5544644407143,25.152324526207977],[121.55369612959242,25.15203008241004]],[[121.55901057113276,25.116671406426597],[121.55839728244663,25.115154292415856],[121.55919880349211,25.11504961796042],[121.56037443770906,25.11557998591466],[121.56303175023872,25.116165246398143],[121.56341471833422,25.116342495430462],[121.56358929616887,25.11737272978843],[121.56388384061535,25.1180141757556],[121.56323910704522,25.11799782743862],[121.5622498893185,25.117139121114857],[121.5611956107376,25.11669001773205],[121.56004354191371,25.11653887776345],[121.55901057113276,25.116671406426597]],[[121.55032072158362,25.10723966132563],[121.54926968925136,25.10626925717479],[121.54902550160142,25.105550854908593],[121.55004954097086,25.10548888135657],[121.55129386710966,25.10504512026478],[121.55188439117713,25.105190166519176],[121.55233147924096,25.106008555210693],[121.55299882246459,25.10669443929673],[121.55196318277207,25.10684865229773],[121.55072226382212,25.107435620030216],[121.55032072158362,25.10723966132563]],[[121.56269583187171,25.1305293140198],[121.56110605275435,25.13026215745418],[121.56077217678579,25.128995097331178],[121.56136970624088,25.128824848623275],[121.56276196468049,25.129807317737654],[121.56269583187171,25.1305293140198]]],[[[121.48430470396346,25.112468765291506],[121.48278581503459,25.112198831134084],[121.48126908504399,25.11247864928975],[121.47998540469884,25.11326562361491],[121.47929536519533,25.11411905577354],[121.47885138359972,25.11546884470832],[121.47900853870739,25.1168705785179],[121.47974292395311,25.11811085390716],[121.48060816458649,25.11881973618366],[121.4820400991611,25.11935429772685],[121.48358773087023,25.11934925734032],[121.48501542747684,25.118805382727295],[121.48561471183478,25.118354320342153],[121.48630473017602,25.117500859556756],[121.48674863644652,25.116151049782488],[121.48659139427093,25.114749325345965],[121.48585696121769,25.113509084051707],[121.48530519316695,25.113010314726537],[121.48430470396346,25.112468765291506]]],[[[121.5069445430734,25.151558555054024],[121.50581407500827,25.15130492358911],[121.5050363152756,25.15130757771263],[121.5039079681686,25.15156891753667],[121.50322341228896,25.151904954771886],[121.50213286198336,25.15290498114321],[121.5016389710727,25.153864651228915],[121.5014929663077,25.155267376925952],[121.5018313605264,25.15639212352438],[121.50041643122415,25.156287565685624],[121.49928802801296,25.156548870993912],[121.49829154658704,25.157097044125777],[121.49751279942943,25.157884880211196],[121.49692563546365,25.15918861271155],[121.49693134407299,25.160597609194284],[121.49752907555303,25.161897362356857],[121.49831422848285,25.162679939122214],[121.49931519107996,25.163221383135227],[121.50044575692378,25.163475062317012],[121.50160855483959,25.16341912833174],[121.50303667745952,25.162875076669078],[121.50389652203793,25.162160473898325],[121.50462120976661,25.160915366173978],[121.5047671842147,25.159512638908424],[121.50442875415409,25.158387899821527],[121.50584371032366,25.1584924190832],[121.50697211643569,25.158231063825852],[121.50796856709141,25.157682832821155],[121.5087472448042,25.15689494278942],[121.50933427172062,25.155591165132876],[121.5094075827484,25.154886405579695],[121.50923238888147,25.15383873606775],[121.508497488063,25.15259862063687],[121.5079454510027,25.152099942355694],[121.5069445430734,25.151558555054024]]],[[[121.5555024028172,25.174348724145514],[121.55445175111335,25.174805758460753],[121.55385245356207,25.1752570962931],[121.55316259420174,25.176110862758904],[121.55286785079772,25.1767659885557],[121.55270170622259,25.177814873192112],[121.55278113363171,25.178519078593485],[121.55317796149454,25.179515381895555],[121.5538439371609,25.180512914893885],[121.55307128059614,25.181296153022032],[121.55270737646059,25.181921833993396],[121.55242904162031,25.182950847853732],[121.55243223345036,25.183658746313863],[121.55288780240383,25.18500537652048],[121.55358540475375,25.18585395359452],[121.55501262710361,25.186713261899136],[121.55616884080605,25.18779081641297],[121.55760190142443,25.188324623971692],[121.55837645943976,25.188391090007013],[121.5595277827023,25.18823124537934],[121.56024531005326,25.187957624881584],[121.56117786129784,25.187322809258866],[121.56203277010319,25.18614802262065],[121.56231869281095,25.18459732316961],[121.56256616500991,25.18417743749568],[121.5636553316488,25.183817582773738],[121.56458783370591,25.183182746155076],[121.56527765114308,25.182328927925],[121.5657918803993,25.181066473252113],[121.56664576845382,25.182044195338413],[121.56758408975686,25.182671880664792],[121.56868225277869,25.183024677136025],[121.56960339076849,25.183083965977925],[121.56941897436678,25.18387130289768],[121.56948103817221,25.184929518694847],[121.5698780227506,25.18592577364163],[121.57057574649333,25.18677426837237],[121.57186689846843,25.187552081720632],[121.57338690145676,25.187821080899383],[121.57416081265349,25.187748692442298],[121.5752556862959,25.187387427207703],[121.57621070730428,25.186831619904396],[121.57698912041369,25.18604337824324],[121.5773529110818,25.18541763984963],[121.57763104076132,25.184388583001237],[121.57762770323265,25.18368068769517],[121.57734846422412,25.182675361242648],[121.57800435816017,25.18307200649583],[121.5791025531499,25.183424725018046],[121.57987708940777,25.18349107887699],[121.58102833514641,25.183331068136365],[121.5817457837877,25.18305734453911],[121.58267818396959,25.182422395605748],[121.58336786936786,25.181568495260063],[121.58375544744337,25.18056918441993],[121.58374873538499,25.179160211965584],[121.5831500089792,25.1778608268629],[121.58216422512248,25.17687871578196],[121.58079557020282,25.17621989515785],[121.57964291993774,25.17606891912445],[121.57849174018256,25.176228918059913],[121.57744116168578,25.176686114245697],[121.57658165434493,25.177401137314995],[121.57598723775794,25.17831241377076],[121.57570910690688,25.179341468370268],[121.57577122185737,25.18039968125684],[121.57604024490301,25.181152360921175],[121.57481577790706,25.18058993936949],[121.57325678485469,25.180460233686627],[121.57338757147184,25.179110802956835],[121.57293180181385,25.177764238328617],[121.57204411464906,25.176735756592333],[121.57075307701542,25.17595794167807],[121.56923322695384,25.175688912331204],[121.568082035446,25.175848830479325],[121.567031419775,25.176305953417053],[121.56602595396056,25.177201514171966],[121.56521424686144,25.176135883088914],[121.56392325771965,25.17535800766539],[121.56279246014023,25.175104817694464],[121.56201455669449,25.175107773620457],[121.56088612171526,25.175369548474002],[121.56000096844012,25.175842432153498],[121.55914209884156,25.174977268813596],[121.5602853664514,25.175022235292403],[121.56141379962693,25.174760465040187],[121.56269757948752,25.173972789629918],[121.5631885573199,25.17342370007095],[121.56365107979293,25.172543622873157],[121.56488289854569,25.17194441841825],[121.56628047418207,25.171918747850203],[121.56737523184394,25.1715575422232],[121.56856791419703,25.17065910375392],[121.56929198730475,25.16941369102211],[121.56945797963833,25.168364789232278],[121.56928225263566,25.167317201616317],[121.56877994786504,25.16636114443726],[121.56776858208646,25.16533061097148],[121.56744014668618,25.164342142164582],[121.56824836697506,25.163533592837243],[121.56883478695151,25.16222959053146],[121.56893775317279,25.161354807115718],[121.56878798135371,25.160399806025072],[121.56912470140057,25.159499584641615],[121.5691976701805,25.158794801590258],[121.56900814303864,25.157410607729148],[121.56861126271437,25.15641434489081],[121.56791372959778,25.15556583417584],[121.5669756170163,25.15493814506226],[121.56587771190134,25.154585330125265],[121.5643296564095,25.154591237268175],[121.56323503971359,25.154952418721646],[121.56230274212609,25.15558724562913],[121.56161305024276,25.156441050817893],[121.5611698345572,25.157791066465194],[121.56141203780756,25.15978010166683],[121.56107526005057,25.160680306870805],[121.5609722380955,25.161555085861615],[121.56130342729216,25.162979323030655],[121.56049259262403,25.163547216423837],[121.55980284435358,25.164401013257496],[121.55941511800596,25.16540026606779],[121.55916319473567,25.1670647600182],[121.55865903683643,25.167996343379098],[121.55766179219277,25.168435803373942],[121.55706253738752,25.16888715385546],[121.55637273562935,25.169740935020133],[121.55607802413057,25.170396067216586],[121.55591191461325,25.171444955739187],[121.55608753434201,25.172492560517018],[121.55658976714444,25.173448661254664],[121.55740798841002,25.174252743306127],[121.55626472843217,25.174207754487036],[121.5555024028172,25.174348724145514]]],[[[121.57531280861029,25.163707894705592],[121.57379310197574,25.163438909235445],[121.57227596720513,25.16371966415337],[121.57099235661481,25.164507420770754],[121.57030267722304,25.16536126523304],[121.56985952757181,25.16671130416876],[121.57001779728486,25.16811291358117],[121.5707534101425,25.169352709044826],[121.57161953303662,25.17006104021635],[121.57305244886047,25.170594701861162],[121.57460070401994,25.170588699984545],[121.57602857131145,25.170043948733994],[121.57662776023174,25.169592522664672],[121.57731741811892,25.1687386495776],[121.57776049202423,25.167388590006183],[121.57760213508618,25.165986990283606],[121.57686647461966,25.164747229159133],[121.57631410911101,25.164248812212136],[121.57531280861029,25.163707894705592]]],[[[121.58909208962777,25.134487754926525],[121.58757271908544,25.13421890383271],[121.58605597868218,25.134499793970097],[121.58477276072851,25.13528766606883],[121.58408333846226,25.136141573416186],[121.58364043994781,25.137491654305855],[121.58379882192052,25.13889325236004],[121.5845343910378,25.140132984875045],[121.5854003818547,25.1408412404855],[121.58683301072642,25.141374775905273],[121.58838089336446,25.141368636545568],[121.58980835930858,25.140823757494363],[121.5904073559345,25.14037227737806],[121.59109675668503,25.139518341454934],[121.59153957953824,25.138168239997352],[121.59138111048964,25.136766651667298],[121.59064549388965,25.135526953472212],[121.59009320763387,25.135028584597244],[121.58909208962777,25.134487754926525]]],[[[121.59615051883473,25.015687660351063],[121.59463260557152,25.015418850653223],[121.59311733972255,25.015699790365765],[121.59189241942765,25.0163385732819],[121.59091666398639,25.0174316479944],[121.59047423920624,25.018781761627157],[121.59063251654779,25.020183376048855],[121.59136741847637,25.021423106068653],[121.59223259792577,25.022131347569953],[121.59366386255394,25.022664850197856],[121.59443739113777,25.022731147689033],[121.59558711588849,25.02257104820014],[121.59717769813238,25.021811376667678],[121.5981534309734,25.020718261887602],[121.59859577771947,25.019368127176424],[121.59843741139365,25.017966522731886],[121.59770246058636,25.016726828019184],[121.59715068968443,25.01622846819678],[121.59615051883473,25.015687660351063]]],[[[121.60100045351865,25.021497615123675],[121.59948245907071,25.021228856674828],[121.59796713433438,25.021509846715645],[121.59668515620929,25.022297810757458],[121.59583168740089,25.02347279654375],[121.59553666867687,25.024855930935402],[121.59571238417364,25.026053507164413],[121.59644737284451,25.027293209510567],[121.59764712112705,25.02818226664111],[121.59912897391727,25.02858531929693],[121.60066731624849,25.02844100193591],[121.60202793068223,25.027771287676167],[121.60257488449406,25.02726849557222],[121.60316839669012,25.02635711105259],[121.60346332792814,25.02482396340831],[121.6031548836534,25.02344326425084],[121.60229003477019,25.02227520892004],[121.60100045351865,25.021497615123675]]],[[[121.59878175857806,25.12888766027325],[121.59726243857438,25.128618907447482],[121.59600173145527,25.128799034952838],[121.59463997812725,25.12946870615383],[121.5936633727589,25.130561798368266],[121.59327602501719,25.1315611375218],[121.59321394445702,25.1324485034581],[121.59209197173425,25.133467000460687],[121.59159886548015,25.134426959577706],[121.59145049937648,25.135121861392943],[121.59151271930673,25.13618007191946],[121.5917717218566,25.136966587559087],[121.59237459697944,25.13787314356632],[121.5932406157975,25.138581353030702],[121.59467325048921,25.13911481265523],[121.59622110243542,25.139108591904172],[121.5976485058509,25.138563638262287],[121.59824746209672,25.138112127040802],[121.59893679515899,25.13725815561018],[121.59932411344359,25.136258802939803],[121.59938125315631,25.1352882239164],[121.60009742143693,25.134772093709163],[121.60078672320574,25.133918113873392],[121.60108111065712,25.13326289536036],[121.60124678831369,25.13221395866122],[121.60107084925232,25.131166407657],[121.60056845328403,25.130210455449948],[121.59978287160874,25.12942842494198],[121.59878175857806,25.12888766027325]]],[[[121.66417113562808,25.021446959870175],[121.66307416794587,25.021094840206214],[121.6623006212569,25.021028900373857],[121.65931105898699,25.021359498460285],[121.65826210297655,25.021817245154995],[121.65725741920735,25.022714811849646],[121.6555955739292,25.022990472603926],[121.65442722610895,25.02368447761266],[121.65314218108213,25.024197168053853],[121.65205398191142,25.025198270353798],[121.65146907110903,25.02650259622863],[121.65147651007865,25.02791157964727],[121.65187361801352,25.02890763305385],[121.65257098318101,25.029755766066177],[121.65317396776925,25.03020221480231],[121.65422781923475,25.030650677836725],[121.6549905998764,25.030785425827375],[121.65576757743827,25.030781999655982],[121.65689447477972,25.030519527025216],[121.6580628718605,25.029825502007036],[121.65934795360627,25.02931276884347],[121.6600373720609,25.028768418071856],[121.6606085455018,25.029614503986185],[121.6611606281995,25.030112621129266],[121.66267805581364,25.03089073728894],[121.66421782385454,25.031021971307936],[121.66497912766286,25.03088045958865],[121.66602813379694,25.030422664972132],[121.66688610211187,25.029707139586705],[121.66747914439827,25.02879550778562],[121.66775619247841,25.02776628192525],[121.6676933947383,25.026708099842306],[121.66709456917448,25.02540902990469],[121.66628242856105,25.02460805172926],[121.66610695817305,25.02357480763386],[121.665604521268,25.02261906310547],[121.66510869658579,25.02207405577112],[121.66417113562808,25.021446959870175]]],[[[121.62227064321682,25.088247425608905],[121.62075178156661,25.08797890346685],[121.61942148997692,25.08818920580592],[121.6180603138754,25.08885908486795],[121.61708423466777,25.089952327320844],[121.61664185590074,25.09130250530078],[121.61680054210606,25.09270407087989],[121.6175361535713,25.093943646278838],[121.61840199881242,25.094651716020117],[121.61983422083424,25.095184943208185],[121.62060821671312,25.095251094862387],[121.62175857760356,25.095090782136985],[121.62329980389103,25.094370865655666],[121.62427586106577,25.093277583343053],[121.62471816212368,25.09192738442964],[121.62455938711976,25.090525828887127],[121.62382372692997,25.089286288711527],[121.62327152095406,25.088788038952725],[121.62227064321682,25.088247425608905]]],[[[121.61617086997995,25.09339748525482],[121.61465195636517,25.093128901809482],[121.61313578897428,25.093410059932438],[121.61185317293088,25.094198159567203],[121.61116416572959,25.09505218979006],[121.61072170452125,25.096402350772358],[121.61088033132302,25.09780392287999],[121.61161591547243,25.099043527343493],[121.61248176399698,25.099751631123947],[121.6139140215594,25.100284914470063],[121.61546137894653,25.100278501959167],[121.61688824570571,25.099733370283534],[121.61748694347366,25.099281783862295],[121.61817592911954,25.098427725138485],[121.61861831476739,25.09707754370514],[121.61845960110617,25.095675981395047],[121.61772396967935,25.094436411238416],[121.61717176428394,25.093938139088436],[121.61617086997995,25.09339748525482]]]]},"properties":{"city":"taipei","minutes":5,"minutes_label":"5分鐘"}},{"type":"Feature","geometry":{"type":"MultiPolygon","coordinates":[[[[121.34638396884841,24.84010947746884],[121.34220856350746,24.841431084665093],[121.34015864155202,24.8424369485263],[121.33836311996744,24.843788391705424],[121.33758277788947,24.844577946326318],[121.3362944360439,24.8463467820779],[121.3354090001645,24.848310969120497],[121.33512865518345,24.849342948831865],[121.3349061973713,24.85145708659821],[121.33514004410635,24.853570200624684],[121.33542596063016,24.85460090895004],[121.33632205148602,24.856561089177504],[121.33762008492113,24.85832408934884],[121.33840479947355,24.85911010207744],[121.34020791205873,24.860453370583937],[121.34120894390327,24.860997687408116],[121.34336184208942,24.861805520703783],[121.34449297066469,24.862061255507715],[121.3456461300512,24.862214596949546],[121.34787270295602,24.862213968466644],[121.34878923033394,24.86283082722876],[121.35137359129442,24.86667262790527],[121.35285509051802,24.86831089983188],[121.3546584917132,24.86965398907048],[121.35565966017906,24.870198206863687],[121.35764357550036,24.87095104243681],[121.36019082565049,24.87305317889854],[121.36238285322912,24.874336793500653],[121.36530209119277,24.8768222028143],[121.36693242452996,24.878576286777903],[121.36495483304401,24.881941239073022],[121.36428494178627,24.88397527538114],[121.36409102890119,24.88553752574257],[121.36085971969985,24.89031858974493],[121.35961093664726,24.893220110180852],[121.35700686085781,24.89244864744874],[121.35468904139998,24.89224600049713],[121.35237241063867,24.892459662388454],[121.34811611247758,24.89369136156701],[121.34606538279556,24.89469730828621],[121.34426917855679,24.896048820464436],[121.34279652277266,24.89769397042447],[121.3421997609777,24.898607282775362],[121.34139085129509,24.900374180088328],[121.33986032481356,24.900275995082694],[121.3375435158639,24.90048942840786],[121.3353168575006,24.901110970950356],[121.3341643015258,24.901607908448774],[121.33223128833471,24.902792174289946],[121.33136945145458,24.903508096864464],[121.3298965358055,24.905153120576887],[121.32929964324775,24.906066381784715],[121.32841368235144,24.908030517229356],[121.32813315048662,24.9090624775642],[121.32791047917677,24.911176590365393],[121.32814433214247,24.91328969854414],[121.32843033446012,24.914320411214568],[121.32932675818057,24.916280614456184],[121.33062532804608,24.91804365591294],[121.3314103810067,24.918829695658857],[121.33374054961833,24.920459073773085],[121.3353862177045,24.92195192654821],[121.33732591665779,24.923127496045502],[121.33947138631227,24.92393262011291],[121.33657168253242,24.92376562079981],[121.33411935784834,24.923059014965524],[121.33180099864313,24.922856018910387],[121.32948375298406,24.92306933094027],[121.32690734632881,24.923842345722953],[121.32325174487195,24.923646010774398],[121.31954458517279,24.923949167288598],[121.31731741361476,24.924570444358743],[121.31626458596061,24.92502725985828],[121.31433103675231,24.926211295377602],[121.31268791613233,24.927716537504114],[121.31139836865552,24.92948515095988],[121.31051196005295,24.93144917836512],[121.31023122813944,24.932481103786802],[121.31000821396563,24.934595186664573],[121.31006808519436,24.935656984790135],[121.31052772130195,24.937739063604116],[121.31092306499298,24.938739291670622],[121.31202581452585,24.940610049913047],[121.31272260345719,24.941462561449722],[121.31437352598985,24.94296087137891],[121.31531176021592,24.9435922376095],[121.31736867863358,24.944589042966637],[121.31959939006244,24.94520079361612],[121.32289258925549,24.9453582146445],[121.32455228982822,24.946432636789584],[121.32674159491873,24.947472133287608],[121.32769744365423,24.948807652709714],[121.32542658503097,24.950487838598146],[121.32395303910191,24.95213279974812],[121.32335588041813,24.953046034160348],[121.32210967117162,24.955428177978977],[121.32143869287833,24.95746201343096],[121.32121583029291,24.95957610456053],[121.32131070832196,24.960848909359036],[121.31970493396183,24.96237703255583],[121.31889088886169,24.963418251829825],[121.31786845612065,24.964101542850088],[121.31622488165466,24.96560682086801],[121.31493499682941,24.967375459326732],[121.31443876802574,24.968337627989087],[121.31376759578389,24.970371427296342],[121.31354458137461,24.972485504808635],[121.31377831785016,24.9745986194647],[121.31406434867176,24.97562935102372],[121.31496100157526,24.97758962243282],[121.31556299247298,24.978500281894526],[121.31792996787962,24.981372871794385],[121.31871534753867,24.982158968532193],[121.32039755555735,24.98342003657045],[121.32188988443325,24.98555311279216],[121.32354151144015,24.98705130527826],[121.32448012880752,24.98768260620768],[121.32653785688596,24.988679270930533],[121.32876940963422,24.989290872114378],[121.32992373720177,24.98944432035679],[121.33225400375109,24.98943913570008],[121.33542070785322,24.9887297007932],[121.33668438136739,24.988679097315888],[121.33896872060967,24.988259573584937],[121.3416394179051,24.987205063461108],[121.34293922385085,24.987789756088837],[121.345170838523,24.98840111070837],[121.34749044614644,24.988603883593253],[121.34980888273469,24.988390280568524],[121.35093971615359,24.98812928326618],[121.35309025267628,24.987311443855422],[121.3540892408701,24.986762479897937],[121.35588663912245,24.985410852527284],[121.35666773821166,24.98462120861295],[121.35795719838664,24.98285221707758],[121.35888111829031,24.980748413329437],[121.36119651978724,24.97898055973507],[121.36266988092513,24.977335237871216],[121.36376274085812,24.975459524015402],[121.36415274289016,24.974457526681736],[121.36460115900789,24.9723734111639],[121.3645948997964,24.97024959916114],[121.36394431661083,24.967687934704234],[121.36408445052298,24.96766863587464],[121.36754875995172,24.969098834532645],[121.36865928026707,24.970281750424526],[121.37046434874564,24.9716246113972],[121.37339185547198,24.97290183361134],[121.37532579685143,24.97474388686103],[121.37667485061813,24.975597597198373],[121.37896467184554,24.977424976108082],[121.38132928310523,24.978520001538364],[121.38321700089904,24.979659128942306],[121.38548213161624,24.980491103776234],[121.38770725233002,24.981899291183378],[121.3928345792753,24.98363425994347],[121.39722757050146,24.985833215974335],[121.39909665989069,24.987595062097544],[121.40180466691268,24.989097731012627],[121.40263638168159,24.990446006004486],[121.40445444345355,24.992708841899532],[121.40552607075824,24.995265144533807],[121.40493619171744,24.996431349446315],[121.40336554736639,24.99815820533514],[121.40227309687744,25.00003419949692],[121.40148323909257,25.002096261476435],[121.40065221779285,25.005686207074532],[121.39898585564839,25.00576791957437],[121.39644521768169,25.005516217216936],[121.39412655102477,25.00573054933608],[121.3929956528835,25.00599187510512],[121.39084506520388,25.006810290017004],[121.38984608293775,25.00735949929329],[121.38804874600027,25.008711532354834],[121.38726769963182,25.00950133791306],[121.38597838987428,25.01127057551746],[121.38548254558658,25.01223297123054],[121.38481231792181,25.014267068668058],[121.38464439413686,25.015319182310066],[121.38465101110923,25.01744297656783],[121.38482549400307,25.01849420379893],[121.38576217731224,25.021010045767557],[121.38269497818199,25.022040001407646],[121.38076057167156,25.023224894055005],[121.37911699557786,25.024730855097385],[121.37782397843492,25.026506684179857],[121.37700121188871,25.024736759207393],[121.37639854155805,25.02382636145793],[121.37570084576822,25.022974167304323],[121.3740481076517,25.021476573466607],[121.37310898198842,25.0208455938039],[121.37105034732798,25.019849587672784],[121.36872804691103,25.019218632956676],[121.3664078332369,25.01901619890005],[121.36524257963471,25.01907123411827],[121.36295776648457,25.019491164896134],[121.36186020556076,25.01985201737173],[121.3598075126681,25.020858158228954],[121.35887214608265,25.0214937591514],[121.35722832234798,25.022999481321243],[121.35593844017,25.024768461771902],[121.35544230752872,25.02573075884907],[121.35476151098125,25.027784722890555],[121.35453910761133,25.029898839276914],[121.35459941752283,25.03096060141866],[121.35506017654518,25.03304250449094],[121.35545619367647,25.03404259447858],[121.35656048172693,25.03591298274637],[121.3572581209246,25.036765265935408],[121.35891086513183,25.038263043388902],[121.35985005320939,25.038894110608116],[121.36190891946397,25.03989026674602],[121.36300876628685,25.040245759994033],[121.36627525769379,25.04071207440004],[121.36479545186263,25.041309341467134],[121.36286057059336,25.042494003523743],[121.36056794894344,25.044490018817005],[121.35794646314787,25.047119568778328],[121.3563731485259,25.049437738517707],[121.35439635172017,25.05116935347143],[121.35255349972667,25.053324886815826],[121.35195607412156,25.054238226588613],[121.35145979469192,25.0552005081987],[121.349841631942,25.059598532672336],[121.34779043901968,25.06083325720806],[121.34614596015575,25.06233885600074],[121.34545303901005,25.06319442599419],[121.34435913954904,25.065069994702196],[121.3439686994296,25.066071932810317],[121.34351961441584,25.06815596741082],[121.34352553814777,25.070279756297364],[121.34369975189733,25.07133102744484],[121.34428900220969,25.07312614273295],[121.34334424903413,25.07353578898184],[121.34093981703464,25.074181448823445],[121.3388860505837,25.07518730486136],[121.33708716768356,25.076538726316652],[121.33558785872954,25.07822112779732],[121.33403506428745,25.079252767453838],[121.33105707653752,25.07865581507397],[121.32872512378883,25.07866099816462],[121.32757079125976,25.07881955142893],[121.32534087716513,25.079440963401638],[121.32428676605376,25.079897839095537],[121.32235088716445,25.08108197763542],[121.32070582641813,25.082587296480646],[121.32001261483043,25.083442748364686],[121.31891814943002,25.085318130268774],[121.31850602010674,25.086398658979043],[121.31674699368469,25.0872763198929],[121.31494768938373,25.088627475006458],[121.31347237444683,25.090272319461885],[121.31245545377948,25.091997142296044],[121.31001095008214,25.0934013611572],[121.30836557384029,25.09490654376006],[121.30707424452551,25.09667509741275],[121.30657744542006,25.0976372287073],[121.30618659642028,25.09863906710819],[121.30575113080907,25.100633359664577],[121.30358241512302,25.100839186993838],[121.30135197787585,25.101460241609026],[121.29929742865468,25.102465553606095],[121.29758345664533,25.103745419514084],[121.29541614394206,25.102384408500715],[121.29325933957922,25.101575945548745],[121.29097078004988,25.10116611980315],[121.28980446305927,25.101116235353892],[121.28748379320683,25.10132892026462],[121.2852532631672,25.10194973356789],[121.2841388117851,25.102426323953733],[121.28220218855546,25.103609941888305],[121.2813386693679,25.10432557114676],[121.27986271532967,25.105970083655436],[121.27876743787981,25.10784517106479],[121.27809494110845,25.109878783345042],[121.27787108821889,25.111992775504124],[121.2781045046483,25.114105909804064],[121.27839057455566,25.11513669048746],[121.27966840519537,25.11767270972214],[121.27970020429584,25.119274708529577],[121.28016004733506,25.121356828335788],[121.28105724942444,25.12331726124782],[121.28235734784326,25.12508066137902],[121.28401038916356,25.126579252518457],[121.2859528476159,25.127755434214816],[121.28833153128879,25.128614039974426],[121.29021985247698,25.129518052820487],[121.29405392249723,25.130560188689735],[121.29637613601413,25.13076373079604],[121.29754248386281,25.130709226104774],[121.29982959249482,25.130290285534716],[121.30092832175491,25.129929885354358],[121.30298331404303,25.128924550326733],[121.30391978316756,25.128289299638293],[121.30549725036418,25.126853191292998],[121.30676847523897,25.128572160028426],[121.30842185882238,25.130070475027726],[121.31036460305624,25.1312463335478],[121.31252204012607,25.13205453846607],[121.31481124420176,25.132464023732442],[121.31714422077964,25.13245904931632],[121.31943129156424,25.132039806657726],[121.32166004705614,25.131180990800367],[121.32302245719397,25.131799027303448],[121.32525659549674,25.13241064355756],[121.32757889003359,25.13261369582379],[121.32919954633813,25.132496566115602],[121.330986115129,25.133567092589484],[121.33314372525074,25.134374995267503],[121.33543303757389,25.13478416071033],[121.33672197662389,25.13482793486877],[121.33898662200896,25.136267385319442],[121.34184982587095,25.137234306751207],[121.34372392695269,25.13812963600706],[121.34488807535678,25.138499565327415],[121.34765418331536,25.13996975084974],[121.34963817599419,25.140524522499355],[121.35212739086124,25.14214786470783],[121.35428528768054,25.142955455503007],[121.35549993939985,25.143221796188612],[121.35651429272279,25.143913900810336],[121.35857490218552,25.144910069954115],[121.36080945014834,25.145521144602235],[121.36379293635899,25.145692456235103],[121.36597544279972,25.14677028744496],[121.36821006009356,25.14738124950859],[121.36936591798018,25.14753437107925],[121.37169916758644,25.147528534562973],[121.37408198934327,25.147077019043433],[121.37493090660698,25.148156339568903],[121.37658537907402,25.149653878172433],[121.3775255149716,25.150284813270886],[121.37950892955396,25.151247578920803],[121.37974265761368,25.15333392040548],[121.38002967378758,25.154364489518436],[121.3809287109046,25.156324289621807],[121.38223058843482,25.158086786669593],[121.38388528449033,25.159584239108522],[121.38582920959749,25.16075909023183],[121.3868866435839,25.16121089292005],[121.3891216246222,25.16182153396749],[121.39027764261054,25.161974490121604],[121.39261116116963,25.161968320915005],[121.39495896686937,25.161528040770172],[121.39673099134335,25.163837675494744],[121.39751804891684,25.164623317128452],[121.39952595867996,25.16634501823961],[121.40093090506919,25.16722750399919],[121.40240602532185,25.16854516133686],[121.40435026761985,25.169719763964515],[121.40559087603857,25.170230464565666],[121.40787045749919,25.171679891772268],[121.41094113212687,25.172691837662427],[121.40881584560141,25.17350129958452],[121.40477574618099,25.175440496687134],[121.402976146223,25.1767927082519],[121.40150097894683,25.178438408208596],[121.40040693920663,25.18031436341279],[121.40001660507357,25.18131643254513],[121.39956807928655,25.18340059844708],[121.39957500562546,25.18552434077982],[121.39974987558101,25.18657552223221],[121.40043403881741,25.188605983821354],[121.40154042957631,25.190475973655246],[121.40223927085083,25.19132801336004],[121.40389466288852,25.192825226961062],[121.4058393079578,25.19399980121794],[121.40884789645182,25.194997688744383],[121.40923655494142,25.19663675654232],[121.41013637662407,25.198596358538435],[121.41143912858483,25.200358577927652],[121.41323507218334,25.201949756629517],[121.41417608654572,25.204056644931086],[121.4154789554309,25.205818825961558],[121.4162664055587,25.206604358525357],[121.41807549349252,25.207946548483143],[121.42001960412789,25.208891438328045],[121.42228648606614,25.21108469466332],[121.42409570588138,25.21242680844379],[121.42724443972303,25.213847580937244],[121.42754535596546,25.21495817416916],[121.42844560834962,25.21691765438228],[121.43012368444248,25.21905353238776],[121.43035716613197,25.221117963538067],[121.430644774198,25.222148417662783],[121.43154513069017,25.224107875746164],[121.4321492122951,25.225018007110112],[121.43363615675054,25.226655327651763],[121.43450470054819,25.227366745917877],[121.4364501873272,25.22854090114541],[121.43750839182312,25.228992327936414],[121.43974485613488,25.229602179358622],[121.44206915903605,25.229803407526614],[121.44439195578802,25.22958827768744],[121.44611445895904,25.22913261853512],[121.44820095500124,25.22990743711518],[121.4493356827482,25.230162315564613],[121.45049241522698,25.23031479027739],[121.45282721832845,25.23030765408452],[121.4551156156972,25.229886303171256],[121.45726964405335,25.229066934195544],[121.45920650909365,25.227881042742396],[121.46040213339231,25.226828588510195],[121.46240095479045,25.22698338118175],[121.4638524275126,25.226888284791443],[121.46621255187324,25.22817199230279],[121.46837269931223,25.228977880424196],[121.47066420392045,25.22938492013376],[121.4731589965717,25.229367463993906],[121.4754473008869,25.228945799421478],[121.47760117138137,25.228126136172467],[121.47953781983581,25.226939981152782],[121.48126204515367,25.225335019238756],[121.48189783814384,25.225280314966323],[121.48341931308391,25.226968109919024],[121.48522942883024,25.22830945977611],[121.48729248716259,25.229303791900644],[121.48952919242969,25.22991288618694],[121.49185356951035,25.230113330013957],[121.49302075191935,25.23005727441561],[121.4953089950574,25.229635303143105],[121.49746273921964,25.228815352289867],[121.50073771218055,25.226750624088655],[121.50259356682596,25.226196260458117],[121.50393057817647,25.22764925458915],[121.50479953082898,25.228360253539627],[121.50674569223402,25.229533473043773],[121.50780415598535,25.229984392444536],[121.51004097019394,25.230593174438958],[121.51119777389594,25.230745172749018],[121.5135325643019,25.2307370773112],[121.51582074335887,25.230314789345382],[121.51797435620327,25.22949454156879],[121.52007062960983,25.228217855174638],[121.52093359483781,25.227500852280052],[121.52239362309957,25.22587141147398],[121.52464133910776,25.225454577532016],[121.5272755641951,25.22436974937298],[121.5281140194299,25.22572435048199],[121.52960224002788,25.227360685832426],[121.53141285757266,25.228701461876195],[121.53241773353683,25.229244409099],[121.5345783182356,25.23004932222868],[121.53571321505734,25.230303534589893],[121.53687004401151,25.230455331456284],[121.53920481924565,25.230446830495776],[121.54149289640156,25.23002414650461],[121.54259177478886,25.229661954432327],[121.54464638794595,25.228653281497508],[121.5464451437723,25.22729936756714],[121.54722651219245,25.226508741134918],[121.54851567932906,25.22473815336804],[121.54940030148789,25.222772805871326],[121.54967964235706,25.221740487333168],[121.5498989717466,25.21962617673389],[121.54966064762966,25.21751356771008],[121.54937205287948,25.21648335981218],[121.54846988066681,25.214524645647497],[121.54716502329042,25.212763669088325],[121.5455076340656,25.211268093622316],[121.5435614049065,25.210095382909767],[121.54140111877867,25.20929059407942],[121.53910977728313,25.208884647650645],[121.53677541353566,25.20889314034893],[121.53448771242756,25.209315746274672],[121.53185387592166,25.210400695630018],[121.53101548748658,25.209046115122145],[121.53019951211355,25.208079036774137],[121.53017587196182,25.20624613723524],[121.52971145513608,25.204164878461185],[121.52931345538943,25.203165304861244],[121.52820501223358,25.201296304324334],[121.52750524689911,25.200444874617972],[121.52584826334005,25.19894906964234],[121.52346374792653,25.197589219792675],[121.52248487760768,25.19596668427711],[121.52099714073262,25.19433026269348],[121.51918715067846,25.192989342879024],[121.51749421749909,25.192152986981366],[121.51727861556554,25.18959614884869],[121.51659251914324,25.187566255979025],[121.51548441409555,25.185697150827373],[121.5142173447528,25.184280282094715],[121.51347212542089,25.181896490685805],[121.51296857373352,25.180937160160962],[121.51166458816076,25.179175848416456],[121.51087671449471,25.17839082710496],[121.5090670716763,25.17704977514139],[121.50806272907577,25.17650665698141],[121.50590326292895,25.175701332886522],[121.50361265904412,25.175294822892898],[121.50244557692044,25.175246623016733],[121.50012392759206,25.175462649621664],[121.49813624809862,25.17600659314112],[121.49794619829399,25.17492114160547],[121.50088584920877,25.173028974894702],[121.50174854606439,25.17231208293753],[121.50252986365597,25.171521687789756],[121.5038191211964,25.169751475435167],[121.50431464728673,25.16878870874222],[121.504983688739,25.16675412978928],[121.5051507658605,25.16570191301323],[121.50514201734303,25.163578196029196],[121.50467819985163,25.161496837447885],[121.50428054827304,25.16049718535862],[121.50317288170812,25.158627974462533],[121.50247353731619,25.15777641491952],[121.50081744071372,25.156280307212484],[121.49841892357698,25.15491358619477],[121.49678682187596,25.15359517296231],[121.4965061267651,25.15194118382182],[121.49907798660817,25.1493819516272],[121.50036706777276,25.14761176687785],[121.50089807930853,25.14655751775633],[121.50453880981154,25.144795305967474],[121.50632255381316,25.143453723412883],[121.50800893926575,25.14260515078616],[121.50980686411319,25.14125168039528],[121.51128012094968,25.139604920607173],[121.51237209846228,25.137728165628626],[121.51276137702504,25.136725809678587],[121.51320781662132,25.13464131801999],[121.51332055083151,25.13220925526743],[121.512926456569,25.129536461333366],[121.51299992493543,25.128245145791695],[121.51577318759713,25.129083370204533],[121.51942925435074,25.129605355722173],[121.5217621154967,25.129597160958657],[121.52291664816778,25.12943709423729],[121.52514641694913,25.12881271710163],[121.52786026774164,25.12763435743762],[121.52979484829935,25.12644756115223],[121.53065705082575,25.125730504252783],[121.53212984187326,25.124083541249725],[121.53272624791221,25.123169498866176],[121.53361042500647,25.121204226852228],[121.53388968523024,25.120171925648393],[121.53410914090243,25.118057608064174],[121.53383733338653,25.11582344133121],[121.53607029757117,25.11498405982436],[121.53706947484929,25.114433871511967],[121.53886666631745,25.11308005535094],[121.53964737157378,25.11228946810297],[121.54093548226949,25.11051893738708],[121.54187849807995,25.108335227492706],[121.54371387749508,25.1094348829403],[121.545872406738,25.1102396780198],[121.548161919703,25.110645555682723],[121.55049440994247,25.110636914729522],[121.55164872303637,25.110476627411675],[121.55387799498872,25.109851824695056],[121.55593052525089,25.108843014424483],[121.55772742382635,25.107488973550343],[121.55850797097294,25.106698289071872],[121.559795749734,25.104927598817202],[121.56029058173803,25.10396464814528],[121.56095835898009,25.101929819983873],[121.56112487814434,25.10087754036371],[121.56111518878559,25.098753824196947],[121.56065069298668,25.096672634364307],[121.55991031037853,25.095020718144895],[121.56213120439809,25.093743861040657],[121.5641496659817,25.093903402727726],[121.56646964380218,25.093686398140118],[121.56934089062734,25.092781695900943],[121.57142004581883,25.092576313533748],[121.57508014565597,25.091544259552737],[121.57551875962697,25.092688789920025],[121.57662690119845,25.094557468130176],[121.57811413183965,25.096193360937285],[121.57992330201053,25.097533591582796],[121.58198488113571,25.098526645634944],[121.58308585989678,25.098880487872435],[121.58537527120544,25.099285793203194],[121.58770753087924,25.099276570793194],[121.58999298821779,25.098853175566664],[121.59214379313573,25.09803188282748],[121.59407727542859,25.096844262127902],[121.59550672369018,25.095551260638118],[121.59735603638819,25.095348297814542],[121.60007283256041,25.09562333089966],[121.60239276708093,25.09540576511465],[121.60462149306544,25.09478020796958],[121.60614159406128,25.09406389723288],[121.60875439133694,25.09339271379492],[121.61090497021533,25.09257115253773],[121.61283818121919,25.091383291425934],[121.61447972387612,25.089874789123588],[121.6157665153211,25.088103626943045],[121.61640883333504,25.086758342822666],[121.6174566151054,25.08747520317472],[121.61951831509322,25.08846773446749],[121.62175305316732,25.089074876386064],[121.62388079741339,25.08926542401723],[121.6225576560722,25.090763198250364],[121.62146778047767,25.092640739118238],[121.62103813845754,25.093796819020994],[121.61964741664897,25.095363011712422],[121.61905179494097,25.09627739300214],[121.61716102299303,25.10018291603284],[121.61518999561909,25.101387271954458],[121.61389040879236,25.102548941269095],[121.61267639531535,25.101494762069066],[121.61073130688048,25.100322897053534],[121.60967360894108,25.099872692703077],[121.60743872893839,25.099265372277564],[121.60511668414382,25.0990667001297],[121.60395081630331,25.099123618090694],[121.60166540679718,25.09954722757917],[121.60056786950271,25.099909840646852],[121.5985158664093,25.100919260663595],[121.59758115939424,25.10155634861024],[121.59593925258885,25.103064668310747],[121.59485441678596,25.104525098422258],[121.59251603611919,25.105628993710447],[121.59071955652114,25.10698344915086],[121.5892477630734,25.108630980665833],[121.58865185051076,25.109545243628233],[121.58776864053341,25.11151083012928],[121.58732354668187,25.113595529607135],[121.58727132546697,25.11465760770838],[121.58751005883806,25.116770177498694],[121.58779872003757,25.11780032334392],[121.58870077114474,25.119758824760787],[121.58930547785579,25.12066831693557],[121.59255033653652,25.124262925770378],[121.5925126966772,25.126689662282473],[121.59297785427573,25.12877073221543],[121.59337611522169,25.12977013979933],[121.59448487206511,25.13163866426925],[121.59597279608593,25.133274357333477],[121.59792271478612,25.134744355874098],[121.59911332874383,25.13536612747375],[121.59714398851727,25.136339275505716],[121.59620900879521,25.136976356870868],[121.59456662105269,25.138484663216502],[121.59327900861766,25.140255644911424],[121.59239566325486,25.142221253561523],[121.59195054839105,25.144305958940176],[121.59196079134044,25.146429650504295],[121.59242602179455,25.148510715460766],[121.59332838250246,25.15046917517726],[121.59463321227092,25.15222975939566],[121.59542144128622,25.153014331348455],[121.59723164632197,25.15435432184858],[121.59929432408593,25.155347107605273],[121.60039586292258,25.155700808324376],[121.60361768917811,25.156143661537048],[121.60478840568618,25.156596495886077],[121.60560344947577,25.157620429393774],[121.60726081798968,25.15911534232401],[121.6092068184753,25.16028722675969],[121.61155278077416,25.161132652555985],[121.61187528545636,25.162362217976522],[121.61277806090608,25.164320547850323],[121.61438409943244,25.166380213025747],[121.61351272473341,25.168322946581597],[121.61323403666664,25.169355381165815],[121.61301587404068,25.17146977859483],[121.6132751701588,25.17371228225905],[121.6139627762868,25.17574170364887],[121.61507227456589,25.17761004883257],[121.61656104000159,25.179245509361493],[121.61837186404826,25.180585225044457],[121.62043515250862,25.18157770120776],[121.62153698619228,25.181931237766776],[121.62382806670041,25.182335912964334],[121.62499524363484,25.182383153473857],[121.62731676167054,25.18216516963257],[121.62844873951877,25.18190204523743],[121.63239710664575,25.180499126140827],[121.63499112948114,25.179120508774606],[121.63721281882638,25.179105950828394],[121.63912902039073,25.17876793549058],[121.6398132582048,25.180783609785856],[121.64092319355467,25.182651751363615],[121.64241236078763,25.1842869428058],[121.6432817868541,25.184997123139283],[121.64522853738426,25.18616851525591],[121.64738906056122,25.186971784955563],[121.64968031164273,25.187376056036424],[121.65103755859285,25.187433091006756],[121.65335911603489,25.187214697717245],[121.65572674661064,25.18652842014498],[121.65827137036197,25.186091280004238],[121.65936949194048,25.185728231836087],[121.66142237643761,25.184717962350987],[121.66321917347503,25.183362656563826],[121.6651108162218,25.181314380864396],[121.66661641434735,25.179139761011925],[121.66760334443246,25.17678583089549],[121.66922446095178,25.17861842425852],[121.67073801987442,25.17975857768226],[121.67144379272632,25.181320556818388],[121.66984223077145,25.18341125189415],[121.66895982901903,25.185377287934934],[121.66868157526392,25.186409816048855],[121.66797134083637,25.191623600611873],[121.66604079265842,25.192810163076167],[121.66517893684183,25.193527995821913],[121.663707149641,25.195176248902616],[121.6627800190716,25.196736475034598],[121.66080894112751,25.196403911672263],[121.65847486739364,25.19641432080534],[121.65618786124307,25.196838797878527],[121.65508963082914,25.197201824086353],[121.65305525141632,25.198201662356425],[121.6508323986379,25.19801694003457],[121.64966562101453,25.19807423499383],[121.64737855016124,25.19849857698453],[121.64628027727866,25.1988615385157],[121.64422702849424,25.19987160317521],[121.64329182336704,25.200508981108314],[121.64164919375341,25.202017802210477],[121.64092315516088,25.202927553118098],[121.63836190611806,25.204388730239614],[121.63626247800879,25.206384819976066],[121.63296950423137,25.206858227162147],[121.63081709415364,25.207680131822734],[121.62915235231543,25.20868421289678],[121.62640231195225,25.20888492352511],[121.623558983067,25.20977761971516],[121.62298054556996,25.208138398927243],[121.62187064069018,25.206270128279495],[121.62038146872074,25.204634734721182],[121.61857026157334,25.20329505514222],[121.6175652315495,25.202752694693398],[121.61540461299748,25.201948992665105],[121.6131131888974,25.201544194500165],[121.61090098421144,25.201547894841504],[121.61098428957631,25.198829688465796],[121.61080759190912,25.197778788164698],[121.61011990572315,25.195749359462937],[121.60901031155275,25.193880983362426],[121.60831003597129,25.193029944312578],[121.60665218690396,25.191535058741366],[121.60571057923536,25.190905606139445],[121.60364724659104,25.189912926584274],[121.6014107441146,25.189305552571263],[121.60025423590912,25.18915425439066],[121.59792027312595,25.18916370547555],[121.59676528997157,25.18932436385435],[121.59453481465448,25.18994982727001],[121.59248127043199,25.190959180052193],[121.59154585552811,25.1915962353484],[121.58990269229405,25.193104493275786],[121.58861445517374,25.194875433063547],[121.58773065996041,25.196841007953534],[121.58728528741354,25.198925689037594],[121.58729547481136,25.201049366719758],[121.58776085404848,25.203130428744274],[121.5882156419067,25.204236947066864],[121.58692190744661,25.205454332387447],[121.58563350056636,25.207225246389946],[121.58474957224061,25.20919080266619],[121.584304108353,25.211275473029318],[121.584314249705,25.213399148299988],[121.5847796299763,25.215480216317665],[121.58568238623872,25.21743869832611],[121.58628756864849,25.218348182592816],[121.58777646354791,25.21998392188252],[121.58864583815685,25.220694421216738],[121.58958759306059,25.221323977379022],[121.5916321274771,25.22230866448693],[121.5924521208347,25.224059178759664],[121.59305738681735,25.224968632993342],[121.59454645331401,25.226604299524155],[121.59541591429314,25.227314756832154],[121.59736290356271,25.22848676843137],[121.59842167885526,25.228937033210435],[121.60079890790053,25.229584437999797],[121.60195579997071,25.22973572403421],[121.60429053492152,25.229726195011505],[121.60657835195873,25.229302507410914],[121.608731310173,25.22848094780959],[121.60973106529482,25.227930266693406],[121.61152907278405,25.226575573533882],[121.61358191925677,25.224307787787804],[121.61441274736704,25.222936910121142],[121.61722022165051,25.22205279774924],[121.61830320081495,25.224650991448584],[121.6196091992001,25.226411316316206],[121.62039807351047,25.227195735415243],[121.62220966008397,25.228535381174012],[121.6232149244468,25.229077703738586],[121.62537607498794,25.229881278565557],[121.62766806829606,25.230285874199076],[121.63056490908505,25.230197643272202],[121.63305607791558,25.23043306629224],[121.63537848826732,25.23021493991691],[121.6375635839688,25.229604011209336],[121.64057921013779,25.23017594927411],[121.64319396093404,25.230165807077118],[121.64434925902444,25.23000478065659],[121.64658018774665,25.22937855997269],[121.64863390575539,25.22836845719297],[121.65043147741717,25.227013299029817],[121.65121215924249,25.226222135365635],[121.65249979723606,25.22445066871668],[121.65338273217598,25.222484730161085],[121.65366376790821,25.22143587692352],[121.65472051359781,25.22038691516902],[121.65618810074983,25.220473031461147],[121.6585102723695,25.220254545852555],[121.65964252774629,25.21999117837167],[121.66179494867683,25.219168854923264],[121.66372961784568,25.217980319874435],[121.66461130998161,25.21724256559429],[121.66651451949969,25.21629765247866],[121.66744971875093,25.215660129016786],[121.66909220228533,25.2141510267711],[121.67067338145857,25.211806681472847],[121.67361962164325,25.21214300524654],[121.67616482787537,25.211872293796755],[121.67770267000866,25.21357890696335],[121.67951466187748,25.214917844222015],[121.68052005746006,25.215459775142847],[121.68268132124791,25.21626251073612],[121.68381637097383,25.21651558285839],[121.686140742386,25.21671297033444],[121.68730767325565,25.216655384370384],[121.68959492801989,25.216230421641153],[121.69174605189549,25.215408111543457],[121.69479350263128,25.21466700619073],[121.69733205285971,25.21332512396609],[121.69931751534477,25.212557370932775],[121.70031671913522,25.212006086873885],[121.70211346642272,25.21065031416499],[121.70358490746818,25.20900168925938],[121.70418041722084,25.208086983528432],[121.70506240238691,25.206120751884708],[121.70550578372213,25.20403575819094],[121.70555699918377,25.202973671147546],[121.70531603298659,25.200861360815612],[121.70462677251967,25.19883240488045],[121.70351572467419,25.196964768657224],[121.70188559971464,25.195210223112745],[121.69959795153972,25.19361517046157],[121.69850133041255,25.19097415820176],[121.69728110853677,25.1893195229959],[121.69772918576534,25.188384456485743],[121.70015636958617,25.187497394230082],[121.70115536785832,25.186946107128787],[121.70295174506079,25.185590327797453],[121.7044228822525,25.183941695757618],[121.70501826867515,25.183026986349088],[121.70590007029314,25.181060747299206],[121.70617799758213,25.180028155375258],[121.70639456115047,25.177913655842737],[121.7063311176422,25.176852112383447],[121.70586384372038,25.174771454811022],[121.70546451879248,25.173772377411662],[121.70435369559682,25.171904736559558],[121.70286387219348,25.170270179825117],[121.70111165437687,25.168971134657152],[121.70317047828367,25.16747036035864],[121.70395044244509,25.166678927100218],[121.70523670163416,25.164907016343452],[121.70573061173158,25.16394360569742],[121.70743555883004,25.159389954074594],[121.70812015973311,25.158133440559727],[121.70870546807697,25.156396335556295],[121.7098907587257,25.155011396855897],[121.71117167951746,25.15263688971158],[121.71384497794737,25.15199993034239],[121.7166304919552,25.150826420652585],[121.71874287165727,25.150226356145026],[121.72059235080762,25.14948300163971],[121.72310316675367,25.148816215560817],[121.7251548930521,25.14780508181013],[121.7269886792802,25.146410195977108],[121.72890351606581,25.14585603083946],[121.73058709451573,25.14504809113766],[121.73306379249993,25.144385896884206],[121.73606508550088,25.14298569579533],[121.73762836126087,25.143226602862487],[121.73915589489788,25.143255018265705],[121.74074219383094,25.145078622010946],[121.74240099693456,25.146571993753756],[121.74434804071635,25.14774208110428],[121.7454066242083,25.148191302158825],[121.74650849167169,25.148543908864383],[121.74879930779014,25.14894665632006],[121.74996618909798,25.14899291753354],[121.75228680324383,25.14877299138426],[121.75451566898415,25.148145180518906],[121.75556869391404,25.147685268757375],[121.75750131063215,25.146495541273993],[121.75914175419918,25.144985470717334],[121.75983220232321,25.144128022038444],[121.7609203731085,25.14224951301813],[121.76158499644632,25.140213857079214],[121.7617498351698,25.139161392620004],[121.7617366587824,25.13703777365517],[121.76155877646565,25.13598707059275],[121.76086898649027,25.133958371775464],[121.75968740506028,25.13200586179609],[121.75987977531123,25.130039460911952],[121.7596380534191,25.127927236364503],[121.75902784658324,25.12584748401645],[121.75812305974368,25.12389007965971],[121.75681623424612,25.12213097225575],[121.7553377239565,25.120784720257472],[121.75557789254492,25.11945193398634],[121.75556483458793,25.117328306331967],[121.75498994350744,25.114980156284815],[121.75475674209866,25.113007646706325],[121.75406720328198,25.11097890436283],[121.75272837352102,25.10883509841395],[121.75554676812011,25.10785536300011],[121.75654486894436,25.10730371670365],[121.75833947440798,25.105947291419668],[121.75980892737823,25.104298130270028],[121.76040352495039,25.103383206660716],[121.7612838933042,25.10141665017634],[121.76172598514502,25.099331489274096],[121.76177669460725,25.09826937997097],[121.76153501814639,25.096157148844803],[121.76084547072612,25.09412843385615],[121.76034038360515,25.093169964943513],[121.75903386588658,25.091410862953428],[121.75737562911543,25.08991765374684],[121.75643406608751,25.089289150423006],[121.7543712974862,25.08829854604738],[121.75171600585125,25.087563420866744],[121.74939400780495,25.08736700699849],[121.7481536471247,25.087435530897316],[121.7470041625677,25.08591159401503],[121.74534614400797,25.084418244149294],[121.74440468315905,25.083789661624273],[121.74234210016104,25.08279888490901],[121.74010692887173,25.082193568977168],[121.73895128918126,25.08204333352808],[121.7366194275839,25.082054926465283],[121.73433484247406,25.082480564288403],[121.73190532411454,25.08341388362025],[121.72997342538487,25.08460327044129],[121.72833339991224,25.086113020192165],[121.72704827377932,25.087885124440554],[121.72655482259991,25.0888486054641],[121.72588986895549,25.090884125236514],[121.72568269675075,25.093148030110484],[121.72548980616631,25.09342985329786],[121.72308857644603,25.092753805425406],[121.72076651367323,25.092556944809434],[121.71960078383046,25.09261476937776],[121.71731593767566,25.093040150255096],[121.71621882032456,25.09340361106802],[121.71416791352803,25.094414609981573],[121.71323387233755,25.095052413887394],[121.71159350061491,25.096561984134585],[121.71030802431912,25.09833394865595],[121.70942685322538,25.100300221229258],[121.70898386725929,25.102385246026532],[121.70899611192297,25.10450890012721],[121.70946313992883,25.106589572075908],[121.71036702484622,25.108547298257253],[121.71127887570078,25.109890386251475],[121.70906735126933,25.110954412253015],[121.70727211432656,25.11231025411429],[121.70628210516122,25.113290198762485],[121.70481181543967,25.11493884595679],[121.7042167444707,25.115853555746536],[121.7033353567695,25.117819792374075],[121.70289221165876,25.119904797709296],[121.703016483027,25.122692733103023],[121.70234477845895,25.12424973133609],[121.70190159611717,25.126334732781807],[121.70191373165001,25.12845838327033],[121.70256776028013,25.131007188728596],[121.70058615419349,25.13138979994892],[121.69843553404297,25.13221265938084],[121.69650254534912,25.13340162628703],[121.69486146359553,25.13491101920177],[121.69266052988392,25.13752807671908],[121.69206526206642,25.13844273924896],[121.69118352519638,25.14040890531569],[121.69085161820968,25.14178453754578],[121.68977021278317,25.143037893934324],[121.68886500269898,25.144556919718067],[121.68751006823864,25.14608774777468],[121.68691472162828,25.14700239025507],[121.68603284347223,25.148968526461882],[121.68570130655885,25.150341293492048],[121.68437125613299,25.15187203745914],[121.68228692213938,25.152893265189423],[121.68002574312237,25.154720550327166],[121.67780588567089,25.15525485953281],[121.67483741677127,25.154633779216304],[121.67088849920799,25.15459084682146],[121.66806434993579,25.153734605930925],[121.66458831071812,25.15326383561682],[121.66225506012246,25.153274287696586],[121.66097104586056,25.153465571028],[121.65870458217107,25.15167332286752],[121.65698193686626,25.150826079643103],[121.65632967848498,25.149497149468974],[121.65502400618988,25.14773712480954],[121.65336622527929,25.14624275251164],[121.65142004259825,25.145071450030535],[121.65036181320492,25.14462154919826],[121.64812592712958,25.14401486572816],[121.64580298387692,25.143816849899252],[121.64418402479626,25.143937231756567],[121.6415271531214,25.142873086902966],[121.63939548368408,25.141214149007066],[121.6373327346033,25.140221921491687],[121.63509698890248,25.13961503815506],[121.63339304905772,25.13944184110203],[121.63101164524628,25.13851860423292],[121.62958401875096,25.138226762972874],[121.63111230453194,25.13726222702785],[121.63275421797626,25.1357535241788],[121.63415119612674,25.133802202618416],[121.63505013930563,25.131775802538343],[121.63635527365015,25.13029645929299],[121.636950923943,25.129382011957226],[121.63744523968249,25.128418816397318],[121.63811185531436,25.12638366886021],[121.63832513527801,25.124195084828532],[121.64003939975031,25.123181769474773],[121.64173422221317,25.123615111153683],[121.64405677749873,25.12381319903191],[121.64801728832032,25.123514908114103],[121.65024627232384,25.1228886621566],[121.6522981963188,25.121878530317787],[121.65444141329591,25.120171142246402],[121.65623282531033,25.119060949084012],[121.65787418557295,25.117551975259527],[121.6591606231033,25.11578044978242],[121.65965471077868,25.11481718299217],[121.66032088776875,25.112781940739808],[121.66053815372942,25.110667475175735],[121.66029818223078,25.108555045493482],[121.66000894023814,25.107525050947935],[121.65910585743073,25.105567000559663],[121.65780062824689,25.10380698133904],[121.65686199023337,25.10289987109773],[121.65641990994362,25.101746068296784],[121.65509022416582,25.09932330165851],[121.65691277878662,25.09795323041488],[121.65769261702336,25.097162036264095],[121.6589788510723,25.095390511808986],[121.65986080307273,25.093424521454804],[121.66013894002762,25.092391999829914],[121.66033962851573,25.090618349357495],[121.6627739976274,25.092189180226104],[121.66493296091335,25.09299223533289],[121.66722250200989,25.093396274626873],[121.66838884126669,25.093443190457936],[121.67070858832932,25.093224559436557],[121.67293690296924,25.092597983452563],[121.67567959978503,25.0911156500414],[121.67732004093142,25.090780983866953],[121.67947009255084,25.089958438525308],[121.68140257934627,25.088769697758757],[121.68319220294963,25.08707558186373],[121.68427449884204,25.08754293966475],[121.68428726198691,25.089646904936995],[121.68475381103394,25.091727668999948],[121.68565719111629,25.093685560452286],[121.68626247267709,25.094594648640808],[121.68775113548737,25.096229413216857],[121.68862018105602,25.096939343313196],[121.69056593228,25.098110173402798],[121.69162389685229,25.09855979528505],[121.6927251716626,25.098912817367612],[121.69501490384025,25.099316423110132],[121.6961813043196,25.099363118958845],[121.69850110224269,25.099144052146933],[121.70225948176359,25.098207010320994],[121.70431055320297,25.097196173046548],[121.70610560746294,25.095840368397855],[121.70757565786356,25.09419170952403],[121.70817060289531,25.09327698643744],[121.70905174692169,25.091310720142292],[121.70947452089811,25.08935420019849],[121.71003146251859,25.088020652299694],[121.71086898341808,25.084998005505888],[121.71103419679655,25.083945581540796],[121.71102192839443,25.081821922495067],[121.71055497926157,25.079741247076864],[121.71015594572003,25.078742163692485],[121.70904594921795,25.076874517049966],[121.7066672319521,25.074110012423013],[121.70579824966308,25.073400184625143],[121.70392325745324,25.072267578887292],[121.70446474040452,25.07193121007279],[121.70732706657985,25.07311314494661],[121.70961635850227,25.073516536135177],[121.71194807234144,25.0735053710239],[121.71423257840743,25.073080079302265],[121.71638206325717,25.07225700925027],[121.71831390753923,25.071067798788235],[121.7199538634241,25.069558158460104],[121.72123890914457,25.06778611330104],[121.7217323224321,25.06682264819919],[121.72239722610128,25.06478714188028],[121.72261335968078,25.062672596684674],[121.72241632127289,25.060820157629617],[121.72279186184468,25.058984697435758],[121.72284217592048,25.057910473208043],[121.7236687958997,25.05604967567176],[121.72394631837726,25.05501704270973],[121.72413629273306,25.05246586072757],[121.72580275482835,25.050937835569318],[121.7270875280898,25.049165741628034],[121.72796807037801,25.047199365216454],[121.72841055993695,25.04511427997656],[121.72839801388926,25.042990617953862],[121.72720065811265,25.037630050424383],[121.72629705902298,25.035672402562156],[121.72513889438885,25.034091829452684],[121.72660567737506,25.03368074779032],[121.72782775742151,25.03499158712941],[121.72963759567543,25.036329989226168],[121.73169929323426,25.037320968619277],[121.73280012280308,25.03767370589267],[121.73393360664808,25.037926434242742],[121.73625465276382,25.03812311315195],[121.73753986675086,25.03806516799919],[121.73953948561365,25.037705842380742],[121.7413083282627,25.039010484221],[121.74231252570092,25.0395520345082],[121.74447104525174,25.040353947505892],[121.7456045753411,25.04060658561281],[121.74792568558057,25.040803080536318],[121.74909090637242,25.04074504464818],[121.7513746643267,25.04031919642658],[121.75352332087512,25.03949560389693],[121.7554542885559,25.038305925069558],[121.75709335328087,25.036795888484974],[121.75837752757093,25.035023534390227],[121.75925747099649,25.03305698270203],[121.75955973601546,25.031864000669827],[121.76054022232317,25.03014983670009],[121.76120429940855,25.02811416607987],[121.76141971902298,25.025999570947455],[121.76135591559182,25.024938038518385],[121.76088836310747,25.02285752011151],[121.75988899363556,25.020148615864898],[121.75938423335408,25.01919012692565],[121.7580785431308,25.017430980401734],[121.75729018974066,25.01664726187079],[121.75548035554601,25.01530919323383],[121.7544763030781,25.01476772691914],[121.75231817480196,25.013965947598955],[121.75002987202888,25.013563189266225],[121.74757932180835,25.013564925082004],[121.74529604170856,25.013990705320634],[121.7441276685511,25.014385848632397],[121.74184059217158,25.01398323383271],[121.73992938606956,25.013851926693814],[121.737449407785,25.012876256865987],[121.73472205245865,25.01245578451036],[121.73329973658853,25.011966342837308],[121.73101152500544,25.011563289429105],[121.72806360015068,25.01166127189387],[121.72669696132267,25.011333675312766],[121.72437643138724,25.011136834708623],[121.72139912425764,25.01151014306049],[121.71943151109015,25.010569498389632],[121.71719776184516,25.009963799842886],[121.71574309688938,25.009801396068703],[121.71316826711718,25.008798158725934],[121.71118112435143,25.00739800501726],[121.71074954589496,25.006282220261227],[121.70964022172757,25.00441454582898],[121.70758587626186,25.002316911287203],[121.70649007278084,25.00047475476057],[121.70579026771559,24.99962414506628],[121.7050023553894,24.998840137431486],[121.70319333667376,24.997501410652582],[121.70095254258706,24.99642001596926],[121.69871913432603,24.995814031139368],[121.69756434850075,24.99566345300032],[121.69153441959001,24.995734323179207],[121.68894190291059,24.996261733813352],[121.68690481578018,24.996284277286282],[121.68462161965853,24.99670912455664],[121.68247321403031,24.99753171965024],[121.6809054927968,24.998472286249257],[121.6804665687029,24.9985746207048],[121.67961389999063,24.99771153163052],[121.67780516525629,24.996372489661788],[121.6757445732305,24.9953807333062],[121.67365029859828,24.994805430200298],[121.67629574472916,24.992214305536667],[121.68010539823801,24.990788634977537],[121.68203634950416,24.989599903128425],[121.68367570309806,24.98809066051716],[121.68440263750024,24.987176945583993],[121.68620031428493,24.98825005206152],[121.68725731114935,24.988699732085333],[121.6894905381925,24.98930589353298],[121.6918106159198,24.98950328915715],[121.69412836220691,24.98928433172315],[121.69635468483062,24.988657438257913],[121.6984040086667,24.98764670618961],[121.7001975671571,24.98629098634195],[121.70097643424482,24.985499574025557],[121.70226091368919,24.983727686327978],[121.703141416478,24.981761441363222],[121.70358412229521,24.97967640771566],[121.70357203986694,24.97755271545674],[121.70339491860742,24.9765019040261],[121.70270704221937,24.97447285028287],[121.702202916466,24.973514147282415],[121.70094454939945,24.971810416709275],[121.70043523702223,24.97005218694531],[121.69953258050921,24.968094338558835],[121.69799827466602,24.965974637628424],[121.6945225244722,24.963020757420466],[121.69358225613428,24.962391816568235],[121.69152211636148,24.96140026475374],[121.6892893875126,24.96079412093108],[121.68696985247468,24.960596673620962],[121.68465262688339,24.960815509183334],[121.68352279864025,24.9610790259129],[121.68137499819892,24.96190159605962],[121.68037770649964,24.962452729634013],[121.67944446599505,24.96309031469594],[121.67786526582528,24.964538672489432],[121.67565617896939,24.964554111636904],[121.67450341009014,24.964715335789954],[121.67227739623225,24.965341897628534],[121.67122558423206,24.9658012027591],[121.66929489130439,24.96698979251404],[121.66843460194526,24.967707632844967],[121.66708253202745,24.96921055790607],[121.6657328029934,24.967742305160492],[121.66486481421767,24.967032207190048],[121.6629213962339,24.965860971804922],[121.66076468936518,24.965057827867813],[121.65847755778759,24.964653632841532],[121.65614787306473,24.964663916286298],[121.65386514058162,24.965088283588326],[121.6517170634153,24.965910431037397],[121.6497861751572,24.967098771687173],[121.648146670599,24.968607648050448],[121.64679155071927,24.970469080420447],[121.64591021953109,24.972435011971957],[121.64546655987645,24.97451989578246],[121.64547764297274,24.97664361437831],[121.6459430660131,24.978724553881584],[121.64692109039265,24.980797262459298],[121.64761101160792,24.98284393707446],[121.6483942148317,24.98422321690027],[121.64708103478912,24.98621245890936],[121.64523496458155,24.988174488334927],[121.64464003377782,24.98908897140016],[121.64376749878916,24.991031729280312],[121.64225978816295,24.993028810716133],[121.6402631797515,24.997900232325826],[121.63787574126816,24.996221869947288],[121.6350384607179,24.99384366641211],[121.63409824739561,24.993214350976462],[121.63208720938182,24.99224291797169],[121.63256886105704,24.990684394134266],[121.63273463842326,24.989632032833086],[121.63274066794476,24.987794592176755],[121.63308430007348,24.986082012063946],[121.63307342509276,24.98395829101177],[121.63260819587155,24.981877308809388],[121.6317065119915,24.979919031961742],[121.63040304049557,24.97815870823644],[121.62874788124506,24.97666397610924],[121.62734211518858,24.975782838746174],[121.62730256133615,24.974248764973687],[121.6268374691789,24.972167759418973],[121.62593595025785,24.970209441903933],[121.62523805911846,24.969186030857905],[121.62748785380727,24.968110025119277],[121.62929046784609,24.966746481322048],[121.63114146978202,24.96560262221532],[121.6323949360379,24.96448603037763],[121.63308271827884,24.96427679065564],[121.63610065638747,24.96491625945918],[121.638430355115,24.964906289539528],[121.63958317960801,24.96474534366928],[121.64180936033851,24.96411926739262],[121.64396079067606,24.96303960458402],[121.64657104024587,24.963066211648968],[121.64772383554413,24.962905203271045],[121.64994993926231,24.96227900663265],[121.65100180433002,24.961819850562943],[121.65293259939628,24.960631495222355],[121.65457194101049,24.959122567890923],[121.65547117755695,24.957993643330862],[121.65807933480106,24.959709059071585],[121.66023593112716,24.960512244750873],[121.6617185973948,24.960875551578038],[121.66403810730874,24.961073392928323],[121.6652026338044,24.961016029043574],[121.66748524832238,24.96059149006394],[121.6685813481928,24.96022840465003],[121.67063044367502,24.959218056272555],[121.67258651554616,24.95769747572439],[121.67483172376016,24.957068207698278],[121.67688071438413,24.956057775067006],[121.67781391640011,24.955420206314958],[121.67945288040734,24.953911011826964],[121.68075553631171,24.95210380018817],[121.68570430649983,24.9521358377233],[121.68798667973134,24.95171098898768],[121.69013425871202,24.950888327102096],[121.69113141344747,24.95033713027234],[121.6929245237503,24.948981501275117],[121.69439305660131,24.947332974547184],[121.69500280497807,24.946388248323796],[121.6969293678948,24.947093025798267],[121.69993800704961,24.947525564087318],[121.70076992364837,24.949306443440094],[121.70137457961135,24.95021550048817],[121.70286164826496,24.951850178530886],[121.7046699828366,24.953188932199176],[121.70673008476243,24.95418030391029],[121.7078301011461,24.95453324796378],[121.71011718642953,24.954936686146898],[121.71244666174447,24.954925562456175],[121.71472898357344,24.954500304989224],[121.71582488230482,24.95413687576431],[121.71787347561211,24.95312588717233],[121.71880643803996,24.952488066443493],[121.72044485255479,24.950978432124415],[121.72113452602079,24.950121159756357],[121.72222166438326,24.948242911219502],[121.72288597461197,24.946207385025666],[121.72305427782396,24.945085262154677],[121.724076000032,24.946786972318233],[121.7255633199095,24.948421418717864],[121.72737184145268,24.949759893034205],[121.7299517452648,24.95091760763777],[121.72819209120006,24.95225106444258],[121.7274136056337,24.953042614083714],[121.7261297990423,24.954814710883593],[121.725341958272,24.95654237983347],[121.72269368628996,24.9572335281221],[121.72064506706442,24.958244583102854],[121.7188521377102,24.95960054040335],[121.71738379578795,24.961249301612536],[121.71629647415091,24.963127515786063],[121.71590937778743,24.96413038504095],[121.71546692937596,24.96621545383369],[121.71547920971994,24.96833914384115],[121.71594576999134,24.97041984222303],[121.71684870157618,24.972377584368257],[121.71745359115982,24.973286568222207],[121.71894115333433,24.97492106980563],[121.72075000051929,24.976259612717627],[121.72175359392877,24.976801319963634],[121.7239108803858,24.9776035660276],[121.7261984399699,24.978006745234993],[121.72736369766305,24.978053222190077],[121.72968115205013,24.97783371687905],[121.73201708348078,24.977186295651453],[121.73406591494005,24.976175081739044],[121.73499896169248,24.97553715946297],[121.73663747130723,24.974027349164768],[121.73792131671043,24.97225516518916],[121.73866664220762,24.97063741445105],[121.74025158558466,24.970309623261134],[121.7423991161903,24.96948621024959],[121.74339617628573,24.968934666696136],[121.74518896097841,24.96757841861167],[121.74665699764275,24.96592939137093],[121.74725105640027,24.96501451678326],[121.74813071163585,24.963048020087903],[121.74857259712826,24.960962866231053],[121.74855975312524,24.958839189863927],[121.74809269630326,24.95675860202571],[121.74718939639712,24.954801053978333],[121.74588458243737,24.953041765420295],[121.74412840740287,24.951458339916172],[121.74218451541574,24.950288147652575],[121.74079757167095,24.949733020527294],[121.74258746194764,24.948378619498108],[121.74336581981593,24.947586992968745],[121.7440553134265,24.94672961816554],[121.74514207116398,24.944851210175113],[121.74552887264116,24.943848269168626],[121.74597074270407,24.94176311827794],[121.74602156131442,24.94070099038601],[121.74578053785461,24.938588675790967],[121.74549102265412,24.937558831160395],[121.74458791196109,24.935601258123157],[121.74398301789272,24.934692380249555],[121.74249562988652,24.933058116520282],[121.7416274612373,24.93234846692146],[121.73968389687067,24.931178231572307],[121.73862721631251,24.930728913475615],[121.73639483288679,24.930123465889793],[121.73502064306359,24.929933167011505],[121.7326916493006,24.9299446329999],[121.73040984676001,24.930370155394396],[121.72931420210705,24.930733687329596],[121.72726607181386,24.931744825771293],[121.72633330772011,24.932382696724517],[121.72441939495017,24.93423529166182],[121.72362107139342,24.931380494380733],[121.7227183502774,24.929422778290025],[121.72141415520346,24.927663255463948],[121.71948851966928,24.925988882020587],[121.71955670081266,24.92335155585778],[121.7191272462429,24.92140247711494],[121.72154852414732,24.92097019911727],[121.72369534006643,24.920147066945745],[121.72562477418175,24.918957792325383],[121.72648439229867,24.918239631826435],[121.72795211650978,24.916590785746855],[121.7285460889593,24.915675981987995],[121.72942571553371,24.913709584034798],[121.72986776440138,24.91162446876631],[121.72991364826602,24.91047754834622],[121.73062529262616,24.9088395038854],[121.73122721505045,24.90608189892721],[121.73410407818386,24.906403309993564],[121.73642018105369,24.906183728661635],[121.73864479035589,24.905556234638826],[121.74123167447704,24.904176002361513],[121.74448881782027,24.90428531925961],[121.7467700886072,24.903859592153875],[121.74786544328722,24.903495937329392],[121.74991293762298,24.90248452682398],[121.75084535573066,24.9018465138433],[121.75248271812895,24.900336541660277],[121.75376559921585,24.898564226878953],[121.75588793616744,24.895010539007185],[121.75627450586644,24.894007569169034],[121.75671604044149,24.891922381036704],[121.7567030975528,24.88979868898979],[121.75623619759139,24.8877181046633],[121.75533330418195,24.88576057919048],[121.75402913066773,24.884001331420706],[121.75237380371559,24.88250795848283],[121.75043093576014,24.881337839553407],[121.74937464787975,24.880888585632086],[121.74714311990122,24.880283275258954],[121.74482502634528,24.88008669397373],[121.74250942753866,24.88030639491215],[121.7413804628883,24.880570333671635],[121.73906445955787,24.8814336996435],[121.73713573245651,24.88262313770658],[121.73509923971156,24.88462947740317],[121.73103455609554,24.883423489794723],[121.72871642236095,24.883226659180348],[121.72640072977394,24.88344611212099],[121.72417644671327,24.88407341779592],[121.72312551806124,24.884533074718806],[121.72119658534339,24.885722310898384],[121.71955902077943,24.887231946991054],[121.71886967418524,24.88808921162527],[121.71778298704933,24.889967440040476],[121.7172938693596,24.89135114415207],[121.71547683262776,24.89188315049579],[121.71342921725565,24.89289409223052],[121.71163713246588,24.894249955190823],[121.71052502670913,24.89545653072473],[121.70875316214443,24.8955098866103],[121.70552298552909,24.89480328390682],[121.70319463612938,24.894814274576387],[121.70091336327694,24.89523933546851],[121.69876681405643,24.896062136243433],[121.69683746343944,24.89725106485289],[121.69519944720814,24.898760441199265],[121.69391571418963,24.900532271111704],[121.69303560705113,24.90249847346043],[121.69259296464156,24.904583495060848],[121.69254169429095,24.905645619711603],[121.69278173382202,24.907758051277106],[121.69307073766767,24.90878801366155],[121.69397283655266,24.91074592825648],[121.69457724786795,24.91165502272317],[121.69527646425975,24.912505707588704],[121.69676405414016,24.913862702358976],[121.6963280497916,24.91455309642612],[121.69515271867803,24.914715611859915],[121.69302024424827,24.915311783938307],[121.69296611284823,24.914063675942238],[121.69250017383224,24.9119828768993],[121.69159808845616,24.910024953410456],[121.6902345367402,24.908185143311346],[121.68857962792757,24.90669105745064],[121.68663695440446,24.905520106629805],[121.68448116249698,24.90471728052806],[121.68256601319506,24.904361873419436],[121.6837563573314,24.902355890306186],[121.68442107759515,24.900320514671396],[121.68463764843648,24.898205970397733],[121.68439776988394,24.89609351966414],[121.68371068275415,24.894064340169578],[121.68320704547489,24.89310555242778],[121.68190379709951,24.891345655022732],[121.6811167390445,24.890561491664812],[121.67930958213486,24.889222416020328],[121.67664435225313,24.88803580026002],[121.67728494636322,24.88543870413202],[121.6772733654297,24.88331497322763],[121.67680781690049,24.881234108575857],[121.67640973521884,24.88023488868087],[121.67530209970369,24.878366891842333],[121.67460321607639,24.87751610247791],[121.67294890916004,24.876021824466708],[121.672009417558,24.875392723926247],[121.66995090536115,24.874400828237665],[121.66771985047933,24.873794319031703],[121.6654019715737,24.87359649887731],[121.66308632074595,24.873814968451743],[121.66195723030485,24.874078309171068],[121.65981077090127,24.87490054970101],[121.65788135815914,24.876088978985155],[121.65624313021686,24.877597936092847],[121.6549590439931,24.879369442954815],[121.65407845567788,24.881335430860148],[121.65363522256214,24.883420354882535],[121.65364639937022,24.88554409598025],[121.65411157958107,24.887625039403932],[121.65501290754949,24.88958321119052],[121.65561693046836,24.890492474212667],[121.65710267126187,24.89212764944813],[121.65890963847315,24.893466997628174],[121.66157482413196,24.894653927686075],[121.66093385755092,24.897250963750363],[121.66094516629691,24.899374697794986],[121.66141052586188,24.901455611045428],[121.6618085601657,24.90245486923295],[121.66291621919935,24.9043229599946],[121.66440222445247,24.905958054118187],[121.66620947333746,24.90729730561288],[121.66826850906715,24.90828923777896],[121.67128319485691,24.908998052638385],[121.67058580784986,24.910040631300067],[121.66970526385703,24.912006702784687],[121.6692621977089,24.91409166154432],[121.66921072553315,24.91515378114989],[121.66945039120803,24.917266255630867],[121.66973922662734,24.918296265567495],[121.67064103377238,24.920254325180146],[121.67124532459049,24.921163515718558],[121.67279164347434,24.922878519981257],[121.67459923158759,24.92421765971721],[121.67560220349914,24.9247596951301],[121.6777582929538,24.92556264126729],[121.68052078063602,24.925985703091666],[121.67887686762957,24.926641418057343],[121.67767998753317,24.92732910521709],[121.6748041790393,24.927525273469683],[121.6725788304531,24.928151828840637],[121.67152733197616,24.928611131735803],[121.66959721281987,24.92979971911565],[121.66873717818758,24.93051755932568],[121.66726239851855,24.932175212548124],[121.66476751552668,24.932163949174072],[121.66248541214367,24.932588437459334],[121.66033795367973,24.933410700035555],[121.65878315548508,24.93434262773749],[121.65571265870095,24.933976565340576],[121.65339586261344,24.934194906289136],[121.65117027892954,24.934821146168844],[121.6486850850644,24.936129243893713],[121.64662639460735,24.93633479051528],[121.64440073607491,24.93696093059136],[121.64235178155842,24.937970918035365],[121.64141852077695,24.938608267179465],[121.63977928088825,24.94011705164946],[121.63894700706715,24.941192414463547],[121.63606557201078,24.94160598893394],[121.6341938245441,24.941114839604708],[121.63187472572525,24.9409165245465],[121.62955774923724,24.941134498119858],[121.62733191270549,24.941760386278343],[121.62528273499589,24.942770142688946],[121.6237986739524,24.94386665891657],[121.62130228666467,24.94453019637442],[121.61925301256252,24.945539871328936],[121.61745912313593,24.94689462947425],[121.6166128154501,24.94776892878359],[121.61382567582848,24.946925121471295],[121.61205820392139,24.946748930681863],[121.60763421145307,24.94517504271348],[121.60590853044944,24.944362698902545],[121.60281843804967,24.943642754678425],[121.60177520117004,24.943073150034127],[121.59961927067964,24.942269102837994],[121.59733273953248,24.941863955663216],[121.59616784698831,24.9418164531627],[121.5932192525114,24.942180778140223],[121.59163871133369,24.941026152181056],[121.58957971416936,24.940033164610327],[121.58734783611418,24.93942547377766],[121.5861936932679,24.939274017708847],[121.58386445401204,24.939283161662296],[121.58183058458555,24.93964859161217],[121.57870489890168,24.9395531118625],[121.57755221844575,24.93971358420291],[121.5753736961308,24.940322973580262],[121.57387477397167,24.940094091497034],[121.57154551421681,24.94010304318758],[121.56926291331233,24.940526112288047],[121.56816667862955,24.94088847006567],[121.56692467948925,24.941437037633435],[121.56520235008108,24.942481716630173],[121.56202348262231,24.9426633189466],[121.55989902678503,24.94323254986913],[121.55798488058865,24.94305884292061],[121.55779550323061,24.943016344958526],[121.55789629207298,24.942378817120392],[121.56050524064851,24.940896358659217],[121.56136598716,24.94017913086859],[121.56283619927031,24.93853186737838],[121.56392566770649,24.936654726126843],[121.56459253815439,24.934619852925586],[121.56481120268923,24.93250545214614],[121.5647491525827,24.931443787539795],[121.56428528415528,24.929362552533554],[121.56388793846853,24.928363024448654],[121.56278153153951,24.926494180054576],[121.56120019539311,24.924779045309883],[121.56139028378664,24.9228457407848],[121.56134808191308,24.91981407417809],[121.56088431799871,24.91773282359196],[121.56037799517155,24.91652277161359],[121.56176946460944,24.914507866143932],[121.56226354980095,24.913544897932134],[121.56285840963258,24.911776557495827],[121.56465912528601,24.909207672063424],[121.56515316760242,24.908244694364846],[121.56581987489449,24.906209811010584],[121.56603847865766,24.904095401669892],[121.56580060077955,24.901982723438486],[121.56551266486922,24.900952492893456],[121.5646126498915,24.898993758473505],[121.56331099539523,24.897232795644236],[121.56158221432169,24.89568662168837],[121.56274997678364,24.8932824310879],[121.5631947734048,24.891197750465853],[121.56318514070394,24.889073975210913],[121.56272147186617,24.886992720324383],[121.56232428159005,24.88599317981405],[121.56121828922046,24.884124306204427],[121.55939135910351,24.882207283756998],[121.5590510148913,24.880863004953934],[121.55814171246651,24.87888983503962],[121.55877842071914,24.877402767383767],[121.55924846863039,24.87480664071105],[121.56164579946963,24.871647966870096],[121.56252779747426,24.86968249550138],[121.56297252172915,24.867597810407215],[121.56302489311824,24.866535703898737],[121.5627871518868,24.86442300811139],[121.56210222546513,24.862393219012105],[121.56099645393748,24.860524334126257],[121.55951234371511,24.858888164815138],[121.5586457246458,24.85817741258936],[121.55670500647774,24.857004725317182],[121.55564959518493,24.856554081530028],[121.55341938175755,24.855945846770226],[121.55110197831068,24.855746242473764],[121.54993836581507,24.855802698879494],[121.54765722813322,24.85622541644068],[121.54656166624213,24.85658760770374],[121.54451319812044,24.857596252632135],[121.54358001665855,24.85823299472871],[121.54271972358781,24.85895011973731],[121.5411022429339,24.8608243902356],[121.5396205434762,24.862200582772655],[121.53833492693808,24.863971117860178],[121.53650736331512,24.86737145264988],[121.53495029738713,24.86881030472728],[121.53425975665009,24.86966674123204],[121.53317040222059,24.87154368021816],[121.53250333130966,24.87357843307308],[121.53232915667608,24.874785634570607],[121.53109168518179,24.87729598861915],[121.5306463927317,24.879380585754124],[121.53059374118374,24.880442683890365],[121.53083097231726,24.882555435225395],[121.5311185760111,24.883585740849895],[121.53324774774424,24.888604779725966],[121.53454888819894,24.89036601565853],[121.53611666566509,24.8918462313176],[121.53556011721778,24.893176362373502],[121.53511484844853,24.895260968122717],[121.53512400363644,24.89738475163553],[121.53563723350075,24.89970610068756],[121.5365368001578,24.9016650174662],[121.53714002646274,24.902574773424245],[121.53862438047604,24.90421115174747],[121.53975209324994,24.905097014398137],[121.53796116740332,24.908181184895255],[121.53707851655716,24.910146512323628],[121.53679972265101,24.911178840205977],[121.5365824498458,24.913256062803292],[121.53605938094815,24.914918789114274],[121.53579643715992,24.91692274166435],[121.53416806769039,24.916664299137466],[121.5322439128084,24.916653044160146],[121.52996445913519,24.915780566307298],[121.52767862380324,24.915374336798184],[121.52534981040928,24.91538255883993],[121.52405693081356,24.915575200306993],[121.52288775602767,24.91541341469332],[121.52157837996467,24.913990246161536],[121.51976809635,24.912646800469542],[121.51953227880914,24.910556310103324],[121.51804756215535,24.905656388202416],[121.51694204860681,24.903787183083832],[121.51584957462099,24.90254165331429],[121.51531725482205,24.901056591203332],[121.51421182432681,24.899187363379873],[121.51168784349237,24.896480792174035],[121.50789245123286,24.89363971886265],[121.50689044232904,24.8930965357533],[121.50473597441302,24.89229108612629],[121.50245064836345,24.891884460491024],[121.50128624693569,24.891836207928915],[121.4989699139425,24.892052141970844],[121.49784028424857,24.892314249629333],[121.49569237584672,24.89313415263301],[121.49376106834406,24.89432048989921],[121.49212057251329,24.89582768084717],[121.49142958600437,24.89668392322064],[121.49033934913882,24.89856055690758],[121.4896714361128,24.900595124435373],[121.48945153389248,24.902709443893425],[121.48951292078853,24.90377115459117],[121.48997543473048,24.905852651218446],[121.4903721128442,24.906852390097864],[121.49147725800012,24.90872179721939],[121.4929610935793,24.91035863703734],[121.49450923438081,24.911527238583243],[121.49545570899444,24.912583930668127],[121.4959552556206,24.913991034075814],[121.49640468560973,24.91599314829862],[121.49756889402786,24.918352371940426],[121.49778676612667,24.920882913757886],[121.49847098842147,24.92291299416911],[121.49897333729308,24.923872425257283],[121.50027437653878,24.925633953750697],[121.50235732038065,24.927418726197477],[121.49916911698115,24.927884347327037],[121.49702060613535,24.92870427501168],[121.49602273183466,24.929254186780618],[121.49422769677155,24.930607483284703],[121.49344782217801,24.931397837620338],[121.49207248999532,24.933339919246148],[121.48903618919071,24.93238682359442],[121.48671744019698,24.932186242680753],[121.48440032534442,24.932401961240725],[121.48327029687557,24.93266396322401],[121.4811303062657,24.933479872476774],[121.47813657944667,24.931191010601538],[121.47556144682429,24.930029557451782],[121.47514760262636,24.92823930825654],[121.47475097498253,24.9272395309178],[121.47364590964779,24.92537000315081],[121.4729481174671,24.924518255064925],[121.47129555384956,24.923021719189954],[121.46905954588046,24.92172177919341],[121.46905038695702,24.92156294935284],[121.47100774657686,24.921186464378472],[121.47315630687658,24.920366910121146],[121.47415421456418,24.919817150301128],[121.47594931904375,24.918464092588994],[121.47672922699427,24.917673827967754],[121.4780162737125,24.915903813750553],[121.47889990619005,24.913938822066537],[121.47934618360206,24.911854373454688],[121.47939928224145,24.910792290792976],[121.47916286193166,24.908679452811253],[121.47887562552815,24.907649044662538],[121.47797691742551,24.905689768154545],[121.47737410479935,24.90477976677731],[121.47589054009516,24.90314276657502],[121.47408535923904,24.90180117214441],[121.47202792930014,24.900806530166324],[121.46979730292426,24.900197055823547],[121.4686436520653,24.90004468085934],[121.46631510548697,24.900051976844765],[121.46403284949596,24.90047343123477],[121.46188456884678,24.901292852096613],[121.45995280485263,24.90247875712773],[121.45909171830718,24.90319540811977],[121.45762051882913,24.90484167131081],[121.4570245756157,24.90575543163712],[121.45614065037968,24.90772030005583],[121.45586118525173,24.908752487167213],[121.455670628959,24.911386913247643],[121.4526170376513,24.91212470851411],[121.44996724061559,24.913540466054545],[121.44796378737736,24.91392306038014],[121.44506246301182,24.915156747633002],[121.44525069503837,24.914041409641698],[121.44610856059501,24.911639190271718],[121.44632921568952,24.909524926304993],[121.44609336047317,24.90741202742796],[121.44541008121793,24.905381688763672],[121.4443056548266,24.903511929029573],[121.44282253615681,24.901874593245523],[121.44101772462466,24.900532593109578],[121.44001594430958,24.899988957935562],[121.43786177302157,24.899182538859176],[121.43557652093664,24.898774888018632],[121.43441207177212,24.89872611419759],[121.43209547616023,24.898941013424025],[121.4298693398464,24.899563961041448],[121.42755700790943,24.900749541575355],[121.42639700782908,24.90009945208869],[121.4242429199171,24.899292835221136],[121.4219577071668,24.898884975216912],[121.4196291675768,24.898891542299577],[121.41734676260312,24.89931228446663],[121.41625042614098,24.899673528490542],[121.41519818270615,24.900131037118005],[121.41342023486317,24.901211336235367],[121.4126316304605,24.90093365227302],[121.41032990401719,24.899093914249057],[121.40796736975288,24.897999578460936],[121.40665842750226,24.896844905595696],[121.40471849881398,24.895670236508355],[121.40366328907348,24.89521851737245],[121.40143308275215,24.89460801465171],[121.39911516034284,24.89440605915081],[121.39671858227219,24.894630408906686],[121.39449233726616,24.895252830351826],[121.39344004854033,24.895710186342328],[121.39150770264932,24.89689521349443],[121.390646252906,24.897611474641803],[121.38916859539722,24.899265659065215],[121.3886096595952,24.899645154480982],[121.38743468587728,24.899999646436413],[121.3877881423104,24.89739960235464],[121.3873799045205,24.894662707791664],[121.3880662099493,24.893407851960855],[121.388735758849,24.891373715497725],[121.3889209290675,24.88862032094778],[121.38907013613786,24.88823649005332],[121.39077026036779,24.88605005154858],[121.39139985605874,24.88474215889983],[121.39331817336429,24.88471874821475],[121.39531343850791,24.88436475056874],[121.39753466590085,24.884553973007716],[121.40080881907035,24.884418680480273],[121.40625125166684,24.88325811747166],[121.41052973534448,24.881809413546232],[121.41246166341199,24.880624142984132],[121.41351477108262,24.879742697429492],[121.41568191956372,24.87933789431701],[121.41783013855478,24.878519137161184],[121.41956632276643,24.877466977449114],[121.42184568024784,24.876369482543765],[121.42449050163125,24.87541888511447],[121.42687734907084,24.873854723424408],[121.43063128674355,24.873948423545325],[121.43655346804412,24.87309739536697],[121.43870143741633,24.872278340521998],[121.43969911873612,24.87172881091732],[121.44149391954673,24.870376163568604],[121.44227375311371,24.86958607513637],[121.44356080951319,24.867816346831884],[121.44477551409013,24.865183702448807],[121.44543080814248,24.863197988966604],[121.44617042735821,24.86210617256665],[121.44687909196473,24.860592516493043],[121.44882911237653,24.85962842002034],[121.44976280023197,24.85899226241949],[121.45140333964815,24.857485529100654],[121.4526901424074,24.85571572285537],[121.45357376666455,24.85375086571491],[121.45385313497752,24.852718676796442],[121.45407357043732,24.85060438808566],[121.45401252039382,24.84954265045974],[121.45355083317597,24.847461014878807],[121.45265297357538,24.84550155808301],[121.45196063618121,24.844431446157554],[121.45126345516161,24.84357957880023],[121.44961224205227,24.842082767461303],[121.44767277942287,24.84090864171764],[121.4466178865135,24.840457218633325],[121.44438846623494,24.83984734257466],[121.4420715070988,24.839646039611818],[121.44090798007824,24.839701645524933],[121.43862673588185,24.84012270059675],[121.43647931784407,24.840941750272133],[121.43477310055513,24.841974128564082],[121.43245953561447,24.842831598150074],[121.43052838375134,24.844017123033574],[121.42851753936463,24.84552354241738],[121.42704659986958,24.847169513186245],[121.42645069934348,24.84808315779616],[121.42471745033336,24.852269694773987],[121.42270418801361,24.85280722042553],[121.41940749160902,24.85298072203423],[121.41718210832153,24.853603474222005],[121.41513260837397,24.854610360064104],[121.41276997861944,24.856537738896186],[121.41207511549423,24.856920351093613],[121.40966057459569,24.857800743757405],[121.40783431969145,24.858860819759286],[121.40585379578124,24.859740736428837],[121.40468860513174,24.85990048547405],[121.40246302145808,24.860523020354858],[121.40041328604708,24.86152970629958],[121.3991669255829,24.862425406333127],[121.3984964471061,24.86264630195613],[121.39653156669884,24.86276127449501],[121.39412132581579,24.8632239602563],[121.39027018209018,24.862745132055164],[121.38794231068114,24.862751196397685],[121.38391634651705,24.863391934766838],[121.37802807766283,24.858066307101147],[121.3758361827089,24.85678291665616],[121.37209036110983,24.853835538010213],[121.36978561501036,24.852758894633524],[121.36843721346892,24.85099295317957],[121.36767689552894,24.849377458140108],[121.36637853462075,24.84761472070244],[121.36559371874881,24.84682885485373],[121.36379053556503,24.84548589112846],[121.36278953265743,24.844941724187684],[121.36026002424889,24.84395619948234],[121.35787078911993,24.84202614450675],[121.35686983959855,24.841481937057097],[121.35471720971869,24.840674293306613],[121.34986351067045,24.83994536716654],[121.34753605527759,24.839950797119027],[121.34638396884841,24.84010947746884]],[[121.4858568992897,25.12658385314123],[121.48339006087647,25.1249110685247],[121.48340829928037,25.122619983447116],[121.48294501650882,25.120538537432374],[121.48204463256351,25.11857936553267],[121.48074176477333,25.11681774995641],[121.47770448410616,25.113762673627043],[121.47589616194627,25.11242118491938],[121.47170531466072,25.11039670948985],[121.46947088323087,25.10978730278142],[121.46764617411102,25.109607144650525],[121.46742175841004,25.107250155634794],[121.467031811551,25.1059621974751],[121.46921739954315,25.104721782781507],[121.47225749835513,25.104807671006558],[121.4734118702864,25.10464799184258],[121.47564145685756,25.104024360229598],[121.47769455316725,25.103016623505606],[121.48006303968847,25.101175941776884],[121.48074277445286,25.100831116589607],[121.4830126127503,25.100617833631127],[121.4848484099338,25.10012377143324],[121.48968312358072,25.100663522923625],[121.49084907679719,25.100607502059756],[121.49313492171869,25.10018559351995],[121.49813658610084,25.098155584967348],[121.5018930516386,25.095713681215233],[121.50400854095575,25.09674438449363],[121.50558562363551,25.097205733266296],[121.50645076525926,25.09963842493037],[121.50390519770804,25.10190840043183],[121.5024653116793,25.103514222293096],[121.50028519708555,25.105078197423108],[121.49919605106487,25.106249932654144],[121.49793518957964,25.10723806583958],[121.49668962234851,25.10860325221666],[121.49512518223162,25.109797908440783],[121.4927441762617,25.112068167940198],[121.49078789486143,25.114787029889904],[121.48930185430972,25.11644422800125],[121.48820970432192,25.11832082086874],[121.48754063262021,25.120355337527773],[121.48732982093155,25.122632701115688],[121.4858568992897,25.12658385314123]],[[121.48601488259422,24.972765716957966],[121.48612695311967,24.972728751700988],[121.48603279251247,24.97287312154877],[121.48601488259422,24.972765716957966]],[[121.43506577592201,25.130810092383694],[121.43689568550695,25.12862997286462],[121.43822700161432,25.126189617643355],[121.44049639160588,25.124437428043255],[121.43960062090173,25.128281561256536],[121.43938635585403,25.130514519327534],[121.43866025988933,25.132169340347907],[121.43837452035773,25.13323694144949],[121.43698895159571,25.132607746671717],[121.43440183731894,25.131951284625046],[121.43506577592201,25.130810092383694]],[[121.4434682270552,25.11406675801226],[121.44483723768084,25.11453894172545],[121.44536891414303,25.11515192715069],[121.44413936520043,25.118204201803348],[121.44347863306908,25.118872315455615],[121.44364920446392,25.117074869829537],[121.44341565292046,25.114978318067514],[121.4434682270552,25.11406675801226]],[[121.43374276382511,24.949877685775004],[121.42990374301577,24.948872762592266],[121.42761759634774,24.948465004477242],[121.42528812711168,24.948471672242558],[121.42317614537754,24.94885286907421],[121.42287101954913,24.94868730695197],[121.42037260060697,24.945081444522682],[121.41817039484944,24.94313435195537],[121.4166547351221,24.94219055278737],[121.41523947116191,24.94062874185878],[121.41600528895196,24.940128622084313],[121.41978196110558,24.940814976858],[121.42094680192486,24.940863859470273],[121.42326420181963,24.940649123957908],[121.42439443736426,24.9403875744558],[121.42654364787484,24.939568685300998],[121.42864164052378,24.938245709256357],[121.43078205448414,24.937209090087215],[121.43253751341909,24.93589012901937],[121.43510347663,24.936813123553048],[121.4343075940774,24.938236472513793],[121.4336385547927,24.94027079440621],[121.43341763684401,24.9423850346105],[121.43347856974155,24.943446769297296],[121.43394030527212,24.945528440010946],[121.4343366664872,24.94652832732069],[121.43544133773938,24.948398146959587],[121.43617779759224,24.949288832991662],[121.43602608139975,24.950435055818108],[121.43571145843057,24.95082442116407],[121.43374276382511,24.949877685775004]],[[121.39447609168681,24.924833511615553],[121.39347709868986,24.92383732849371],[121.39182368441931,24.92259637312229],[121.39569043314728,24.921149915253242],[121.3982337902885,24.91945711766274],[121.40072350562008,24.921116056208092],[121.40190410577355,24.92256309796681],[121.39933924025138,24.92369305041703],[121.39686252905197,24.924557071028868],[121.395266518916,24.92496710594864],[121.39447609168681,24.924833511615553]],[[121.3469460230877,24.92731667070557],[121.34494822217789,24.926345575962934],[121.34280459397678,24.925002516645105],[121.34065908316396,24.924197440514877],[121.34160516338885,24.9243232015383],[121.34344148357935,24.92519983027316],[121.34499309349174,24.925657798722703],[121.34654092137615,24.92648539763716],[121.34757080997343,24.927570590395806],[121.34937502449851,24.92891372403735],[121.35293283823084,24.930463423079946],[121.35082991544814,24.931201741830186],[121.34953546194826,24.929445753314077],[121.34875022720969,24.92865981206826],[121.3469460230877,24.92731667070557]],[[121.39764168512698,25.04462690243971],[121.3974123448232,25.04337917555207],[121.39756509410248,25.041058378870275],[121.39843303408809,25.04033831084416],[121.39990661425607,25.03869263081023],[121.40050360820527,25.03777910139199],[121.40132880886942,25.03597009833855],[121.40260331369889,25.036875966830515],[121.40505742226178,25.03799905401815],[121.40733625417505,25.039449966252008],[121.40949269162951,25.040256782423853],[121.41161966275628,25.04064351414303],[121.4128997234454,25.042758404311968],[121.41313353166152,25.044906441386427],[121.41342056020409,25.045936960586005],[121.41428024531692,25.04782194332588],[121.41299694011214,25.046694644851563],[121.41105457938704,25.045520112670253],[121.40889803948396,25.044713321035132],[121.4066101782904,25.04430526740444],[121.4042788954224,25.04431162940434],[121.40199375757817,25.04473216290056],[121.3998425600682,25.045550711326506],[121.3976116428013,25.046981926826824],[121.39764168512698,25.04462690243971]],[[121.3736538358015,25.038541481923087],[121.3733703600809,25.04036571346912],[121.37067438344039,25.040027935680524],[121.37215414674131,25.039430612213586],[121.3736538358015,25.038541481923087]],[[121.36201294012866,25.10877273102573],[121.3639165813417,25.107831815385556],[121.36571561830033,25.106480072537163],[121.36719041952469,25.104834717477782],[121.36795345794856,25.103600469226972],[121.36908027986435,25.10480174120134],[121.37030078257698,25.1057507151255],[121.36987267673673,25.10627271274974],[121.36815310800517,25.10757056945912],[121.36667828747711,25.109215933712434],[121.3655843137862,25.111091648231298],[121.3650476222696,25.11263152020731],[121.36395607653229,25.110787174068516],[121.36201294012866,25.10877273102573]],[[121.41464591877076,25.115897464227615],[121.41563823964468,25.1143918369545],[121.4178856749588,25.112928580064963],[121.41705230228378,25.11420868853351],[121.41432247027302,25.11721402801791],[121.41464591877076,25.115897464227615]],[[121.41547690958038,25.08424377326121],[121.41373657923396,25.081341969549708],[121.41448390510635,25.080796325088958],[121.41744889937094,25.07948942631505],[121.41914331612405,25.078223101769172],[121.4212824475926,25.079896753809],[121.42279172179272,25.080656719390255],[121.42036090907848,25.083077556165335],[121.418094246588,25.08440694512033],[121.41616011560087,25.086271967541215],[121.41547690958038,25.08424377326121]],[[121.46041959777007,24.945750409743468],[121.45998677241478,24.94468130840116],[121.46054359162976,24.944604244052755],[121.46156280735347,24.946309856421614],[121.46238301216238,24.947283904992208],[121.46090390379238,24.948215737207093],[121.46041959777007,24.945750409743468]],[[121.53831021647854,25.08481435022886],[121.53790053296396,25.08379186940646],[121.54014835160702,25.083374453664945],[121.54124592990675,25.08301228624386],[121.54339248371146,25.081939382099165],[121.54284666695328,25.084281917335538],[121.54285208874087,25.086338038900475],[121.53871020420502,25.086512721365402],[121.53831021647854,25.08481435022886]],[[121.51667455240744,24.945002944218533],[121.51697226349772,24.9425992499715],[121.51651498825788,24.93889651060949],[121.51583037874872,24.936866523458658],[121.51503623476079,24.935360427528853],[121.51648422260124,24.93609398129892],[121.51654001458817,24.937273338981157],[121.517003116354,24.939354733300522],[121.51829786706767,24.941909720300263],[121.5173144690898,24.943622648589013],[121.5167998754246,24.945090915567363],[121.51667455240744,24.945002944218533]],[[121.64323684345622,25.02505419969958],[121.6449660450869,25.023007961783332],[121.64798513305394,25.022805090625795],[121.6491156049632,25.022541832738778],[121.65126467581645,25.021719708771087],[121.65427641454704,25.019781285770218],[121.65623851645788,25.01790920071034],[121.65757106827769,25.017521803062948],[121.65957748816056,25.018055463217724],[121.66189807107516,25.0182533144119],[121.66762906531542,25.01786699902858],[121.66842589777235,25.01817978450078],[121.66943345200139,25.019028389530707],[121.67137777849356,25.02019951288488],[121.67353552202312,25.021002475618864],[121.67908402764495,25.02179643116798],[121.68141477863104,25.0217857661957],[121.68347527646938,25.021412986314996],[121.68351363726259,25.022986716422725],[121.6839798922279,25.025067507081047],[121.68488274440875,25.027025431313252],[121.68548768032528,25.02793453783215],[121.68697550504831,25.029569342086717],[121.68811407024772,25.030529306424093],[121.69005875181752,25.031700176031233],[121.6922168130196,25.03250285948681],[121.6933501741029,25.032755900459776],[121.6956710748117,25.032953217003417],[121.69683625710191,25.032895591945532],[121.69912007243259,25.032470545651545],[121.70021670573956,25.03210721899192],[121.70226670849014,25.031096424567213],[121.70458422184277,25.0292089938887],[121.70538652058887,25.029301777233293],[121.7070481358687,25.029893172888553],[121.70910502094513,25.030266415832678],[121.71038446943449,25.031213364681093],[121.70918177594494,25.031854228246214],[121.7073876702115,25.033210060539346],[121.70591832335886,25.034858715126504],[121.70532363203297,25.035773430524895],[121.70444280175958,25.03773968190337],[121.70416514997933,25.0387722835555],[121.70396702897082,25.04119358587231],[121.70238291877433,25.041234508444624],[121.70009895449013,25.04165960766976],[121.6979498830019,25.042482436108173],[121.69601827608376,25.043671380697493],[121.69437835615894,25.045180760789986],[121.69309314521462,25.046952582140126],[121.69145186474921,25.05101871033274],[121.69109183530628,25.05257473875426],[121.68855732309571,25.054339016738012],[121.68716961289007,25.0558855294473],[121.68511278050921,25.056472510619766],[121.68264400256669,25.057676997507],[121.67990394091538,25.05597039610751],[121.67761188610416,25.055137693984424],[121.67743602124686,25.0544898973283],[121.67843094996529,25.053323790558444],[121.67959778096898,25.0512436420808],[121.68116922355337,25.049388540782683],[121.68388634470737,25.048157236398993],[121.6848201933499,25.047519617551053],[121.68646026339273,25.046010340282116],[121.68774556167108,25.044238574266693],[121.68862670449232,25.042272416850377],[121.68890449426502,25.041239841745895],[121.68912117307143,25.039125327038537],[121.68866065295849,25.034522952145206],[121.6883713646091,25.033493003991637],[121.68746840764229,25.03153510483094],[121.68686343900123,25.03062600749821],[121.68537560263229,25.028991202592096],[121.68356634024632,25.02765224733346],[121.68150517549932,25.026660586960737],[121.67927130428033,25.026054322129344],[121.67749140067234,25.025878484300073],[121.67692562166658,25.025612779010107],[121.67624350154637,25.024556705925693],[121.67475587841275,25.02292178887613],[121.6738874434483,25.02221175794615],[121.67194306178685,25.021040668888563],[121.66978532736356,25.020237682842517],[121.66749714378656,25.019833651190485],[121.66516642297977,25.019844097211838],[121.66288271007608,25.020268620053177],[121.6607337457708,25.021090910044435],[121.65964589162107,25.021681908678257],[121.65785137146231,25.0230371531947],[121.65707199165931,25.023828346455662],[121.65578645148197,25.02559985671126],[121.65518992364903,25.026828805146668],[121.65374470489488,25.025991321793946],[121.65158699501369,25.025188071464115],[121.64929877194483,25.02478376060876],[121.64813308672313,25.02473668105281],[121.64581457716058,25.024954936041574],[121.6446840756208,25.025218169323683],[121.6420268300044,25.0263206517694],[121.64159735700329,25.02630328720175],[121.64323684345622,25.02505419969958]],[[121.55745396530814,25.072891441004316],[121.557114995846,25.073028783187134],[121.55747974380613,25.072869984163837],[121.55745396530814,25.072891441004316]],[[121.56296736949392,25.06738452430871],[121.56363491644137,25.065349678339565],[121.56380136973331,25.064297391813525],[121.56379165031875,25.062173666158394],[121.5636155770912,25.061122679543818],[121.5629294795424,25.059092966946004],[121.56171104572546,25.057037423064493],[121.56357444745039,25.057978006625365],[121.56595585289179,25.05953139589264],[121.56536865159289,25.062143677407104],[121.56549136364497,25.06494161825088],[121.56394650654585,25.066973379730083],[121.5634518460635,25.06793634428856],[121.56286569789552,25.06966983642707],[121.56059834880375,25.070713003601934],[121.56187677457324,25.069261646140713],[121.56296736949392,25.06738452430871]],[[121.60522338554011,25.041522435550945],[121.60543140148673,25.03947202367535],[121.60519254066153,25.03735946374715],[121.60490393823528,25.03632933983112],[121.60400227225261,25.034370908461092],[121.60339789625753,25.03346145981958],[121.6019111110596,25.031825798791868],[121.59919272632112,25.029915849794186],[121.59818921310975,25.02937331726288],[121.59603178659854,25.028569254975434],[121.59267882863742,25.027725496747248],[121.59152385319246,25.027574099062193],[121.58919295216492,25.027583356769146],[121.58803946857013,25.027743923134715],[121.58535447181008,25.028568522919528],[121.58534799670645,25.02642200804184],[121.58517179789268,25.02537104431554],[121.58448555922057,25.023341424332237],[121.58337796344516,25.02147277756475],[121.58186597196949,25.019815933747672],[121.58516017957577,25.019343448084147],[121.58730964237418,25.01852224129227],[121.58924194227932,25.017334692841626],[121.59114551309767,25.015500729858964],[121.59265031758122,25.017164146999637],[121.59480937260362,25.01869397596475],[121.59610294178674,25.020439788324044],[121.597758313043,25.021934871311768],[121.59970202781815,25.023106944017865],[121.6009974758411,25.0236338887361],[121.60340876291052,25.025574614218424],[121.60546930736226,25.026567370471437],[121.60770285165984,25.027174751439887],[121.60885784037835,25.027326023110444],[121.61118872812342,25.027316457131647],[121.6134727675053,25.02689272283097],[121.61510426830272,25.026296913664126],[121.61758259968774,25.026085621439318],[121.62011295092485,25.02532775216306],[121.62327014904415,25.027285462564972],[121.62522462893679,25.028232700522025],[121.6229300029741,25.028253689970246],[121.62064597434144,25.02867756938577],[121.61877917700005,25.02923028852134],[121.6167284928327,25.030239944728798],[121.61322447098793,25.032627010973567],[121.61158365927882,25.034135496782806],[121.60832720719593,25.038496490990468],[121.60744479810886,25.040462197990117],[121.60715934860416,25.04153883985744],[121.60522338554011,25.041522435550945]],[[121.59868264284539,24.9787889984729],[121.59688804880989,24.980143516147848],[121.5958742332814,24.9812250050744],[121.59467519374756,24.979620867379367],[121.59302043732708,24.978125730452298],[121.5910775010769,24.97695354914535],[121.58892104148335,24.97614936036062],[121.58663391326647,24.975744061665278],[121.58430398787783,24.97575322497277],[121.58202077993612,24.976176498652972],[121.57964479273569,24.977122961954016],[121.57812306149992,24.97684558340673],[121.57408871205261,24.97421415856173],[121.57086238489642,24.973023725643397],[121.56729356141962,24.971967484185207],[121.5667450329861,24.970472235159143],[121.5686880485896,24.968757952292275],[121.56982238118174,24.96722040272162],[121.57106452864154,24.967166946976395],[121.57334761208385,24.966743843127755],[121.57444405812525,24.966381444660367],[121.57649405268329,24.96537237588501],[121.5782886646943,24.964018101213036],[121.57906818993524,24.9632273119358],[121.58028546469491,24.961562028791516],[121.58195960639843,24.962346737457],[121.58419187546218,24.962954500100324],[121.58651132836674,24.963153550596584],[121.58787527359466,24.963095490365458],[121.58925986275794,24.96357073955358],[121.59154677275963,24.96397600254262],[121.59387647332713,24.96396672996166],[121.59518700327766,24.963769459340597],[121.5983844230272,24.965286922018006],[121.60116443739578,24.96623071631599],[121.60303470095467,24.967277087860808],[121.60529068517953,24.968103384850668],[121.60601961194752,24.96882191202781],[121.60447924048576,24.9712591952384],[121.60381284548603,24.973294228649596],[121.60362892108971,24.97471221683739],[121.60271408704699,24.97721112771351],[121.60073263568825,24.97777959746033],[121.59868264284539,24.9787889984729]],[[121.54857965190959,25.073777898462886],[121.55025236997429,25.074045615615347],[121.55195452852298,25.07411123795792],[121.54803863188017,25.076239892111808],[121.54857965190959,25.073777898462886]],[[121.5615013616863,25.017258511563778],[121.55941495954487,25.015237386511952],[121.55774084352215,25.01421038114082],[121.55661978586204,25.012723159508916],[121.5549327239786,25.011205959281828],[121.55816719441583,25.01102668809467],[121.56039464298709,25.010401810784273],[121.56447556100466,25.00824283577762],[121.56655046603726,25.006605261801162],[121.56789708568984,25.007793402096052],[121.569776639173,25.008931436222884],[121.57000967475919,25.011148658638806],[121.57069560474955,25.013178354219814],[121.57180293344064,25.015047102310188],[121.57331473148425,25.016704051968738],[121.57115114412306,25.0169136085418],[121.56892363661403,25.017538647549735],[121.56687272162333,25.018547621438362],[121.56476996817074,25.020213234161023],[121.56329268567868,25.01858793342634],[121.5615013616863,25.017258511563778]],[[121.62957520882065,25.029070803739216],[121.62931623559028,25.02918374585926],[121.62899582001084,25.029047328858944],[121.62957520882065,25.029070803739216]]],[[[121.29638972487786,25.031285986977377],[121.2940586605535,25.031290617236646],[121.29290472325772,25.031448898284523],[121.29067548270498,25.032069787283255],[121.288621995669,25.03307495119479],[121.2868231638967,25.034425770906562],[121.28427805426922,25.03741027568074],[121.28318344305951,25.039285407059253],[121.2827005838402,25.040624781214113],[121.28125076394284,25.042645239458807],[121.27751615657819,25.04486960237002],[121.27587102116817,25.046374432407667],[121.27517769694106,25.047229680111794],[121.27408286102106,25.049104743913674],[121.27369189652313,25.050106504274613],[121.27324167561491,25.05219034136209],[121.27318676053324,25.053252350549027],[121.27341997489354,25.055365510554775],[121.2737058640997,25.056396309915055],[121.2746024795319,25.058356803929033],[121.27590179012,25.060120282732363],[121.27696143008781,25.061131880312768],[121.2774922796065,25.062167006961147],[121.27879167204306,25.06393045887594],[121.28044384101088,25.065429109600302],[121.28238529426918,25.066605356422112],[121.28454141367548,25.06741398731534],[121.28742342873807,25.068004552980874],[121.29230201123872,25.069564158152158],[121.29343494463421,25.069820256178186],[121.29575600951505,25.070023820101447],[121.29807607400592,25.069811010421226],[121.30030595660565,25.06919000757912],[121.30235994504595,25.068184682365985],[121.30329595863073,25.06754943471941],[121.30494103569245,25.066044305657194],[121.30610783164414,25.064465550827997],[121.30775415473848,25.062678783644028],[121.30835195030072,25.06176561900878],[121.30923352240724,25.059816456087546],[121.31046393985199,25.058418608344542],[121.31106169490052,25.05750543266885],[121.31188433225296,25.055707200236625],[121.31299148679268,25.05416530045058],[121.31387871353536,25.052201282439107],[121.31415967527276,25.051169364364387],[121.31438280545596,25.04905530697837],[121.31414890270322,25.046942215871542],[121.31346697845422,25.04491129365371],[121.31236325776656,25.04304058152616],[121.31088016859765,25.04140196111677],[121.30875368755909,25.0397098404337],[121.30640813573577,25.038360752576594],[121.30512306045287,25.036031058897997],[121.30442578273593,25.03517852719694],[121.3027737345698,25.03368013607168],[121.3018348741598,25.03304870434565],[121.29977659785952,25.03205170895974],[121.29867700096423,25.03169574476305],[121.29638972487786,25.031285986977377]]]]},"properties":{"city":"newtaipei","minutes":15,"minutes_label":"15分鐘"}},{"type":"Feature","geometry":{"type":"MultiPolygon","coordinates":[[[[121.34793401251989,24.843543867781158],[121.34568220675507,24.844064114444674],[121.34236565416855,24.845434667294796],[121.34064840629846,24.846862029018887],[121.33978952957463,24.848041271209823],[121.33901239459307,24.850038734034076],[121.33890417939563,24.8521560267547],[121.3394742367744,24.854210810587286],[121.3402091735874,24.85545785937398],[121.34119664790975,24.856550119864593],[121.3423987134822,24.857445612583387],[121.34450129029833,24.858347023405603],[121.34680013930084,24.858652713698458],[121.34918471400474,24.85830757041881],[121.35037386601344,24.859415090830282],[121.3519138072689,24.860304724240024],[121.35284924441648,24.86205841112755],[121.35381035976808,24.86312402636832],[121.35465916785635,24.864658490231854],[121.35564684199556,24.865750651659845],[121.35751653460804,24.86700882795065],[121.35966475822079,24.867708303206875],[121.36139676635342,24.869016124838637],[121.36269399616768,24.870255494317497],[121.36469972075119,24.871343469428826],[121.36812718940838,24.874241046640417],[121.37051697177229,24.876811198704548],[121.37199535850094,24.877856378773835],[121.3720050180668,24.878506620559964],[121.3706745268242,24.87989379436568],[121.36981427073356,24.88148452973087],[121.36894679253483,24.882672682791885],[121.36816991906723,24.884670285273952],[121.36805071839287,24.88658591862087],[121.36638650635139,24.888922568941453],[121.36563588966578,24.89040755461559],[121.36435638519859,24.892012476574052],[121.36376618428388,24.893322037271993],[121.36352710460692,24.894337525544383],[121.36257586080795,24.895863965584763],[121.36173283709226,24.898384577918915],[121.36085220377284,24.897754001181944],[121.35948121437154,24.897089860169245],[121.35699892631823,24.896162859217068],[121.35547562548238,24.895890267524006],[121.3531548945043,24.895999781199258],[121.34964065880317,24.897024259006198],[121.3482734813522,24.897694907238108],[121.34707600384026,24.8985959352387],[121.34569641261548,24.900301605224847],[121.3451059756089,24.9016110932686],[121.34480697420629,24.903000478395903],[121.34481090838328,24.904416368947818],[121.34507842797714,24.905663111307227],[121.34360566558964,24.90473162389197],[121.34141555777309,24.904022585645713],[121.33909409118431,24.903923877318732],[121.33757223465665,24.904203557193373],[121.336039437478,24.904788631571332],[121.33417618572534,24.906055452800665],[121.33279633404972,24.907761004545865],[121.33201872462016,24.909758420119285],[121.3318703213323,24.911167832036753],[121.33202626728202,24.912576566336966],[121.3328146023601,24.914570490591508],[121.33420370263487,24.91626984909309],[121.3354063021581,24.91716538540084],[121.33638682984376,24.917662367489175],[121.33789092452838,24.919154659618545],[121.33988750023619,24.92023980441533],[121.34137441693028,24.920647420838602],[121.34295993087542,24.920780774093988],[121.34494773589043,24.921859902681014],[121.34668273566248,24.922300431763563],[121.34805440432115,24.92314856860166],[121.34915023440614,24.92357695122941],[121.35036398866605,24.925010445534767],[121.35223452936422,24.926268668765598],[121.35510815509716,24.92741009843562],[121.35701457925377,24.927873260674165],[121.35821234086028,24.928737826320546],[121.35909586495741,24.93035868790186],[121.35988803895904,24.931254592663123],[121.35667212929978,24.93369166228799],[121.35532293784384,24.93370400495238],[121.35380075544455,24.93398385291917],[121.3517019679726,24.934895055078425],[121.3499836045511,24.93632251943011],[121.34881125154101,24.938109163187157],[121.3482116426089,24.937301818644396],[121.34825114697189,24.93561384655094],[121.3479443050858,24.934225875751093],[121.34734640186937,24.932919155050367],[121.34648042153127,24.931743897648335],[121.34475412125934,24.93032447943996],[121.34285684599729,24.929489941941284],[121.34161421333869,24.928554569414022],[121.34024298199402,24.92789025687684],[121.33875598170276,24.92748263044719],[121.33721034843849,24.927347352538042],[121.33583177186776,24.927466743297217],[121.33411074791422,24.926773217674715],[121.33181066388788,24.92646734769306],[121.3302657894462,24.92660956020237],[121.3271160315213,24.927531036004165],[121.32326116142201,24.927257342268927],[121.32032634428825,24.927489451084693],[121.31813962703542,24.928208199138645],[121.31685057764753,24.92899757500374],[121.31575516459495,24.93000108993814],[121.3148954841448,24.931180184019112],[121.31430457740151,24.932489549519747],[121.31400515993757,24.933878871420625],[121.31412458652851,24.935995646700597],[121.31491278830785,24.93798966075854],[121.31630191154183,24.93968918056649],[121.3181723351408,24.940947830070122],[121.31960842947652,24.941486596482672],[121.32113221754621,24.94175954788573],[121.32344326228258,24.941695867536072],[121.32422616989135,24.94183350400222],[121.32674496585281,24.94342512357931],[121.32880530223608,24.94431261722434],[121.32980236810715,24.94491264963934],[121.33106871290437,24.94689572361795],[121.332169518604,24.9478944607856],[121.33355823709924,24.948719048056226],[121.33180427191986,24.949925413235203],[121.33042727880341,24.951625780333863],[121.32943241182194,24.952134403652845],[121.32823427448494,24.953035280711383],[121.32685382523711,24.954740772950718],[121.32577303371056,24.95680220983833],[121.32532575273379,24.95815811090931],[121.32521723247987,24.960275366460348],[121.32553307822181,24.961686618837643],[121.32421187042868,24.963424774202718],[121.32277317627894,24.96466142010278],[121.3218098236048,24.966041268830097],[121.32038885699195,24.966887740075087],[121.3192931413839,24.96789127897206],[121.31810243152623,24.969711843207907],[121.31765502126723,24.9710677201999],[121.31750638938614,24.972477108626247],[121.31785296487364,24.97457299660129],[121.31885210254157,24.976486926740304],[121.32003827526601,24.977742026241646],[121.32098675907301,24.979075310200756],[121.3220877737662,24.980074115506532],[121.32354365606466,24.980927437886983],[121.324481961578,24.98268717365612],[121.3254703263105,24.983779510638886],[121.32667352540808,24.98467510325368],[121.32804531843891,24.985339529884666],[121.32953298231894,24.98574725322866],[121.33107933832056,24.98588260225239],[121.33262495073507,24.98574037479546],[121.3346736075813,24.9850817064679],[121.33705519366092,24.98498032639674],[121.33942280425451,24.984211292327995],[121.34071227796173,24.98342172251006],[121.34160462412021,24.982623541445378],[121.34307436034904,24.983785578555345],[121.3451790972763,24.984686941514553],[121.3467034716588,24.98495962353327],[121.34902587571642,24.98485019333186],[121.35121340446825,24.984130988645685],[121.35250280072015,24.98334131748843],[121.35359837904714,24.98233753764371],[121.35478868200462,24.98051669683053],[121.35530897010938,24.978702324632366],[121.35781277153383,24.976911142661116],[121.35890824996835,24.975907323977783],[121.35976781316629,24.97472798412684],[121.3605453674728,24.972730441566203],[121.36069350872876,24.971321015466902],[121.36053715445085,24.969912326611563],[121.36008232328354,24.968558509087863],[121.35888166486693,24.966743396696526],[121.35778047662492,24.965744863619847],[121.35648676429682,24.964961341730277],[121.35505024042673,24.96442293713713],[121.3533815056216,24.96414420535881],[121.35529420002753,24.963850535960127],[121.3565947861727,24.964197531641254],[121.3581408984366,24.964332602545806],[121.36295762655845,24.964175929918227],[121.36493381894051,24.96380688817305],[121.36638413628341,24.964718993535847],[121.36865798834214,24.96563034038222],[121.37006084971813,24.966018544702656],[121.37092922248341,24.96719734112385],[121.37265633850681,24.968616439837227],[121.37402819367169,24.96928044339298],[121.37584095606445,24.969730834988873],[121.37725304512969,24.97147143311659],[121.37925546669169,24.972785327352735],[121.37995306698444,24.97352153279657],[121.38115655392104,24.974416682952267],[121.38335871143656,24.97533945901386],[121.38507476222715,24.97646944268961],[121.38744254179264,24.977201162169827],[121.38827088335022,24.97792631044612],[121.38956492984497,24.978709550836523],[121.39100176601742,24.979247617667436],[121.39245614046698,24.97951055060955],[121.39463184179762,24.98036078350391],[121.39830527854977,24.98230976165625],[121.3997878810243,24.98285804320615],[121.40049952823614,24.98379854122664],[121.40160121964405,24.984796749839525],[121.40493210544362,24.9865384106981],[121.40592436226709,24.988430742500107],[121.40813472872017,24.991073876543993],[121.40866770669783,24.992894229187495],[121.41030618209543,24.99537201208206],[121.40898922112125,24.9970147074814],[121.40835339364338,24.99849253876874],[121.40666692545439,25.00015554538383],[121.40567882262265,25.002074291499525],[121.40509203510616,25.003822330174515],[121.40448006931106,25.006763729474297],[121.40462839154478,25.0102835913983],[121.40197329551093,25.00942209094835],[121.40042657716786,25.009287483554562],[121.39880608715424,25.009447674521045],[121.3964568095434,25.009127479903135],[121.39415703568334,25.009444594869226],[121.39272327920877,25.009990219606852],[121.39143386919322,25.010780236772057],[121.3903383531838,25.011784290765547],[121.38914828332922,25.013605405766075],[121.3885895756422,25.015662893165963],[121.38871037573918,25.017779570227496],[121.38950031394931,25.019773148167534],[121.39036732784876,25.020948129530556],[121.391469274294,25.02194640515185],[121.39296381308822,25.022839612063432],[121.39515631893502,25.023547852957474],[121.39775853260802,25.023607260382747],[121.40016261250159,25.024021117346745],[121.40201275302086,25.024784894928743],[121.40158742479842,25.025774106808505],[121.40128877882832,25.027163578273925],[121.40140981074833,25.02928023893129],[121.4018653261422,25.030633910965587],[121.40260195938912,25.031880602814297],[121.4041693975259,25.033446823249026],[121.40546412985108,25.034229911025307],[121.40714036834675,25.034821587050416],[121.40852576176542,25.035897450432376],[121.40989855756209,25.03656110563559],[121.41215701125594,25.03706986422261],[121.41415655239254,25.037087124932107],[121.41485998121205,25.03855433490598],[121.41568636528848,25.039679114199366],[121.41692206189,25.04192187072227],[121.41690253651815,25.04349027412657],[121.41721043993925,25.04487806970637],[121.41809679994738,25.046617884324757],[121.41859467939146,25.04822473650675],[121.41916985916029,25.049227254477334],[121.41991949548135,25.05183802906682],[121.42024995958363,25.05361822867923],[121.42079977766748,25.054830131881193],[121.41938610391288,25.053949852750097],[121.41794827355822,25.053412078166698],[121.41564563844868,25.053107539863813],[121.41408688434993,25.0532535057013],[121.41351980925833,25.0530375023814],[121.4128559816883,25.05245707160145],[121.41159377244954,25.05049125578371],[121.40986505637206,25.04907264440043],[121.40849212042185,25.0484089917665],[121.40700344869134,25.048002073741436],[121.40467923871043,25.04790442270794],[121.40242397725508,25.048425554076662],[121.40105543024923,25.049096689875256],[121.39985689235807,25.049998136926423],[121.39884554769694,25.05113943413279],[121.39755026642361,25.051270448826962],[121.39606423573866,25.051685422876307],[121.39407200486762,25.05278038033052],[121.392976142591,25.053784452389266],[121.39211635947636,25.054963974442988],[121.3915257006359,25.056273622330405],[121.39122236231354,25.05775193332486],[121.38909444246362,25.058255282733096],[121.38770449338197,25.058940717847975],[121.38669732917792,25.058877519807023],[121.38505357678054,25.05904278498501],[121.38334223496558,25.058166089991893],[121.38364985930427,25.057395577853306],[121.38538741461747,25.05678001835456],[121.38725238421681,25.055512561739434],[121.3886330995642,25.053806528709032],[121.38930623829951,25.052193308603567],[121.3902337115291,25.051713777499383],[121.39143233743818,25.0508124072381],[121.39281294265817,25.049106335612645],[121.39340355451623,25.047796681929984],[121.3937382521294,25.045699199448595],[121.39333803007372,25.04347196627005],[121.39359206892775,25.042247237911088],[121.39358754989411,25.04083138137207],[121.39322024702042,25.039292969414486],[121.39504697773951,25.0382697853573],[121.39660430315234,25.036695162435688],[121.39733287575277,25.03544453108397],[121.39789152189023,25.0333870169725],[121.39788695533338,25.031971159482634],[121.39731507209984,25.029916668923395],[121.39611326173444,25.028101885542473],[121.39438503869083,25.026683083676982],[121.39204668471855,25.025200505135587],[121.38985416654549,25.024492218674837],[121.3875304094246,25.024394293514078],[121.38527550007093,25.024915161911178],[121.38328360026551,25.026009974597287],[121.38218788371242,25.027013968897787],[121.38132817944523,25.028193431765153],[121.38084427428123,25.0292288004914],[121.37946614171112,25.030654362929145],[121.37873741429803,25.031904909323888],[121.37829045571365,25.033260952516336],[121.37814245099834,25.034670382969228],[121.37829909803423,25.03607903781728],[121.37859277660327,25.037024888924506],[121.37763699921095,25.03889289177196],[121.37733805315243,25.04028231628041],[121.37734238550962,25.041698175637837],[121.37788034397171,25.043667814249197],[121.37662313180694,25.04443976756],[121.37559279060119,25.045377416257026],[121.37344393001563,25.04416967721257],[121.37118549706842,25.043660330320403],[121.36886201155333,25.04377011793841],[121.36667353688263,25.04448958718394],[121.3648085172636,25.045756787820128],[121.36153850664168,25.048876666286297],[121.36055569937503,25.049973537638788],[121.35960355937436,25.051796798465357],[121.35798846454303,25.052926535123515],[121.35585555993302,25.05532333301814],[121.35512644907475,25.05657376381745],[121.35460478110055,25.058394772486736],[121.35380607751945,25.0600216897551],[121.353474317254,25.06218339993854],[121.351603737791,25.062829219249174],[121.3497382856558,25.064096232307392],[121.34835691345441,25.065801908720026],[121.34776573668557,25.06711138648859],[121.34746638887145,25.06850075011755],[121.34747038338512,25.069916608786343],[121.34777757704437,25.071304551705495],[121.34838196515486,25.072619987711487],[121.34864439218963,25.074796631840453],[121.34846787415191,25.075413184683367],[121.34733318487066,25.076037110761504],[121.34582630705603,25.076454387135577],[121.34468658134952,25.076999030023813],[121.34246646107057,25.077514317290888],[121.34109725885406,25.078184905201077],[121.33937679785863,25.079612242227448],[121.33845853296829,25.080903454220238],[121.33738731899227,25.0814447965935],[121.33618799661798,25.082345734516355],[121.3349776305248,25.083789393491124],[121.33378142685703,25.08307196061967],[121.33234361718948,25.08253335869764],[121.32990063842932,25.082217497536085],[121.32835381459574,25.082359707228306],[121.32686716786294,25.082773993631935],[121.3248738103021,25.083868030181634],[121.32377710385265,25.084871596404973],[121.3229164395631,25.086050722307306],[121.32232489638335,25.08736009896771],[121.32201638015769,25.088921538788746],[121.32178239181468,25.089196947323792],[121.3196245363161,25.08990842450838],[121.31833381994133,25.09069781271332],[121.31677480944812,25.092271621415424],[121.3160450851491,25.09352186036114],[121.31562686929556,25.09476884471489],[121.31452751972235,25.09509374716847],[121.3131579676913,25.095764079183418],[121.3119583272436,25.096664822679077],[121.31097469802562,25.097761367151197],[121.31024488252673,25.09901157752698],[121.3097969330214,25.100367412704955],[121.30964807264264,25.10177677117172],[121.30982746779972,25.10326986196535],[121.30946431088822,25.10420540372674],[121.30837238095224,25.10459451789509],[121.30668959605379,25.10427067475825],[121.3051346335832,25.10427388203976],[121.30287790166777,25.10479351237907],[121.30088397246311,25.105887228834934],[121.29924526861173,25.10758189301418],[121.29821824046142,25.10810364099618],[121.29705069027275,25.10897747407843],[121.29641603954924,25.107924354041334],[121.2954269216838,25.106831849021802],[121.29422274377308,25.105936027237494],[121.29284977953427,25.105271310097862],[121.29136078534276,25.104863238523148],[121.28981297372783,25.104727491997018],[121.28826581604861,25.10486928638969],[121.28671876132307,25.10530317239431],[121.28534894179595,25.105973249152395],[121.28414899641797,25.10687376925918],[121.28276623466034,25.108578838544393],[121.28217415658668,25.10988805605811],[121.28187396808595,25.111277287394163],[121.28199304917803,25.113394041520817],[121.28278189917886,25.1153881728104],[121.28378288079854,25.11669809816343],[121.28360699351663,25.11820538798935],[121.2837626778357,25.119614136465966],[121.28421725077783,25.12096816289602],[121.2849532518896,25.122215430136297],[121.28594240269531,25.12330800249041],[121.28714669256418,25.124203888446804],[121.28851983915054,25.12486865508481],[121.29000123392079,25.125274981935686],[121.29102545628756,25.125877058444107],[121.29246359866474,25.126416054687155],[121.29481932474,25.127016797701803],[121.29636742232634,25.12715248895959],[121.29791484999933,25.12701060798768],[121.29940213085139,25.126596608210107],[121.30139640742073,25.12550291148758],[121.30249365707056,25.12449951101982],[121.30344368679788,25.12314837645679],[121.3061931829091,25.12143599447689],[121.30803609424991,25.12203858896748],[121.30817275468846,25.123105415866103],[121.3086276091574,25.124459364204327],[121.30936387804933,25.12570650717059],[121.31035327258869,25.12679891383845],[121.31222649801055,25.128057579523304],[121.31366475672263,25.128596368774875],[121.31596857606766,25.128902473992056],[121.31827079475362,25.128586549103737],[121.32037311488386,25.12767580615242],[121.32170056259386,25.126646243634692],[121.32315834129433,25.127794937141374],[121.3252654101854,25.12869654106767],[121.32756925816203,25.129002465645467],[121.32911666924043,25.128860259060257],[121.33038577535672,25.12851753391816],[121.33155220715167,25.129594380423168],[121.33355215896125,25.130679544816303],[121.33581204593139,25.131189442953467],[121.33778029432536,25.131129185165342],[121.33861021513216,25.131456181702283],[121.33955246618778,25.13229464658907],[121.34084784391352,25.133078280606117],[121.34228628384142,25.133616789842545],[121.34343256912256,25.133839072812837],[121.345232699066,25.134789773326418],[121.34674247202862,25.13519998807833],[121.34778926965724,25.13596565078558],[121.34916286996659,25.13662984987747],[121.35156472305857,25.137145511274106],[121.35269283384433,25.13817508320293],[121.35398835647001,25.138958600157178],[121.35542692159792,25.139496980036956],[121.35727699251257,25.139783225309056],[121.35870963550909,25.14090596642801],[121.36081718516205,25.141807058047934],[121.36234354210238,25.142079551965036],[121.36518462920456,25.142100477527265],[121.36610993583434,25.14276618086981],[121.36748370957832,25.143430207556253],[121.36897341611977,25.143837504795563],[121.37052179814883,25.143972417923823],[121.37206934200807,25.143829761540584],[121.37355656632343,25.1434150188974],[121.37492630938337,25.142744131020105],[121.3762032134902,25.14176482691784],[121.37633235567411,25.142688994104237],[121.37678803428898,25.14404272076289],[121.3775251110709,25.145289513014482],[121.37851526617467,25.146381453392337],[121.37972045033152,25.147276574659852],[121.38109434678039,25.147940473285427],[121.38400376685694,25.148616115297862],[121.38362300781097,25.149801342643983],[121.38347494298561,25.15121075726024],[121.3838231825528,25.153306422886484],[121.3844225722514,25.154612941408356],[121.3852905072585,25.15578792034905],[121.38702046312619,25.157206782921737],[121.38912849669309,25.158107464057576],[121.39065511568126,25.158379662518016],[121.3922107491413,25.158375550381272],[121.39446806670884,25.157854556715822],[121.39655359672577,25.156683567634374],[121.39695626496162,25.156890735170638],[121.39736980056911,25.157440977832728],[121.39779765652841,25.15869375870732],[121.39853503546877,25.159940440317452],[121.40031548276663,25.162062263709167],[121.40203408659237,25.163546720947178],[121.4035411688371,25.164419908119083],[121.4049141310304,25.16574681633728],[121.40621027428406,25.166529866169206],[121.40770237728833,25.167079654942597],[121.40973040086912,25.168489951363746],[121.41116955097914,25.169027780566157],[121.41269635180217,25.16929974906061],[121.41383031729184,25.169315443813144],[121.41513976225616,25.16979783832833],[121.41666658087293,25.17006976561028],[121.41899239894617,25.16995920195483],[121.42063560084328,25.16947637299362],[121.42232487464204,25.169642347509242],[121.42333064203298,25.169573902993328],[121.42164997699366,25.170347471207343],[121.42042530164582,25.171274465991633],[121.41856591242099,25.17231138045209],[121.41657046413249,25.17378893675127],[121.41565058178415,25.17480785023445],[121.41449698091662,25.175260990265983],[121.41345408231183,25.175882688068484],[121.41213273885256,25.17613508338657],[121.41069713188195,25.176680892903537],[121.40944704392089,25.17744326496939],[121.40765724468186,25.17807081534236],[121.40636618568894,25.178860965109823],[121.4048072121373,25.18043568122841],[121.40381767365416,25.182354386953627],[121.40348281076139,25.18445185609399],[121.40363996394625,25.185860449932697],[121.40409611022697,25.187214079076206],[121.40483372868394,25.188460721602432],[121.40582447865731,25.18955246578518],[121.40703028800858,25.190447351916564],[121.40840481593253,25.19111098549434],[121.40989523414704,25.19151785967351],[121.41144425795959,25.191652336055846],[121.41273925677721,25.19154412725195],[121.41289381257116,25.19183810087478],[121.41271807166117,25.192774338270656],[121.41272284311842,25.1941901624528],[121.4132957894854,25.19624453533387],[121.41449953431554,25.198059114516973],[121.41633441287664,25.19953392464281],[121.41690332857138,25.200437613748857],[121.41767082303198,25.20234451167101],[121.4190643874558,25.20404295799293],[121.4209399010372,25.205300208363987],[121.42255704057145,25.205900669643817],[121.423734440157,25.207273131840896],[121.42629057785815,25.209417904680727],[121.4300555292691,25.2110913998916],[121.43101252990502,25.211378078939724],[121.4311485749564,25.213211910156474],[121.43160513071044,25.214565444220128],[121.43280932913389,25.21637986397926],[121.43423652360404,25.217594308791544],[121.4341313452556,25.2197013233451],[121.43470477590202,25.221755599942306],[121.4354429174286,25.223002077229427],[121.4364342217081,25.224093604049454],[121.43831022095623,25.225350624237855],[121.43975016463312,25.22588816080375],[121.44205610350677,25.22619227345509],[121.44435979310056,25.22587437311671],[121.44620026792687,25.22514204272709],[121.44934069966197,25.22644830092405],[121.45086829716783,25.226719862578488],[121.45242478682417,25.226715105887337],[121.4539503431936,25.22643421382303],[121.45605329453763,25.225521547288487],[121.45725310629551,25.224619649515745],[121.4586445768743,25.222893833302432],[121.4589004401178,25.222782779093635],[121.46160894687546,25.223339911324622],[121.46459218888874,25.223206635474625],[121.46635313853659,25.22385377129709],[121.4680717972226,25.2249813515678],[121.46951186243656,25.22551859641443],[121.47103948951619,25.225789949132675],[121.47275597220758,25.225774979178087],[121.4742814665612,25.225493878039256],[121.47638424510248,25.224580924495417],[121.47810509456559,25.223152018117425],[121.47912671638264,25.221658478349504],[121.48044836484361,25.221762238649674],[121.48199674336222,25.221618422606838],[121.48409147743651,25.22093899963272],[121.48482160335212,25.222707666395735],[121.48621632592902,25.224405458676713],[121.48809283078522,25.225661839493725],[121.49028950389581,25.226368595733128],[121.49261714232783,25.226464852810174],[121.49487525734693,25.225942320255545],[121.49624523283481,25.22527031322663],[121.49901251908932,25.223383987615108],[121.50024287732552,25.2231434494346],[121.50167861139674,25.22259677207081],[121.50342926463803,25.221423874164856],[121.50431176221362,25.222622785663212],[121.50554174164074,25.223704006074374],[121.5062017391406,25.224562863098352],[121.50793405687516,25.225980265080445],[121.51004414288046,25.226879185439934],[121.51157186927448,25.227150117509623],[121.51312835046771,25.22714472142543],[121.51538638445545,25.226621876674624],[121.51754030420778,25.22543528296865],[121.5190983696727,25.22385940081488],[121.519971803967,25.222234915158893],[121.52194883007486,25.222284670171693],[121.52420673441635,25.22176169234544],[121.526200491003,25.220664986925062],[121.52775838352858,25.21908901523312],[121.5287462515545,25.217169514028967],[121.52904387540453,25.215779835780054],[121.52903775322396,25.214364039460772],[121.52872813068933,25.212976533124266],[121.52812691592987,25.211670635890474],[121.52725722045761,25.21049652922265],[121.52595071253695,25.209364308997543],[121.5262333612724,25.20802999501566],[121.52622727374947,25.206614196570037],[121.52565238849702,25.204560292804373],[121.52491345079893,25.203314274956085],[121.52334228980368,25.201749421446912],[121.52204503944922,25.200967417793215],[121.52032954891726,25.20036892623745],[121.51993220781284,25.19923057703488],[121.5191933610053,25.197984528263525],[121.51762234166682,25.19641961060301],[121.51561972015308,25.195336979155375],[121.51412892268954,25.194931176177832],[121.51279128170171,25.194806496768884],[121.5132145457928,25.19382034650272],[121.51351229492433,25.192430693239086],[121.51350635874853,25.1910148889425],[121.51319697578096,25.189627341978717],[121.51219305192281,25.18771483929142],[121.51120138149415,25.18662382061742],[121.51042515151033,25.186017877799713],[121.51026880534387,25.184644368858724],[121.50981150169315,25.18329108331666],[121.5086065073699,25.181477294402864],[121.50750217235677,25.18047994444475],[121.5062052483496,25.179697794505955],[121.50476557119957,25.179160897953505],[121.50323845936892,25.178889884274987],[121.50168258921818,25.178895166777313],[121.50015774158126,25.17917654265197],[121.49872250600133,25.179723200739133],[121.49743001305387,25.18051581305359],[121.49550330218423,25.181067303524078],[121.49342900906518,25.18030641478354],[121.49408980651084,25.178533211593148],[121.49423662586533,25.177123708727336],[121.49407844577725,25.17571522397115],[121.49354977108116,25.17422544648309],[121.49464639068869,25.172421201500228],[121.49610323881069,25.17172039017697],[121.498357117633,25.17024602925718],[121.49991474501009,25.16867034455539],[121.50090266134833,25.166751015802447],[121.50123581020097,25.164653345676747],[121.50088553383456,25.162557987933216],[121.50028487136066,25.161251960144835],[121.49941580666584,25.160077672049674],[121.4983117411548,25.15908024651803],[121.49701510319322,25.158298009412473],[121.49601584509307,25.1579026854503],[121.49475181104853,25.156710364234335],[121.49305310192985,25.155756630416956],[121.49255698449653,25.152295321443795],[121.49179392238852,25.150358456056672],[121.49389603401875,25.14922621355571],[121.49600187714039,25.14710136740505],[121.49719160945078,25.145279432360837],[121.49764880367569,25.14385276050634],[121.4992959735524,25.143256939863104],[121.502322430978,25.141800240011463],[121.50398763625788,25.14042587449683],[121.50512616889539,25.13997679136669],[121.50641617184046,25.139185791405932],[121.50797330728507,25.13761002308439],[121.50870131852413,25.1363588695561],[121.50914718869713,25.13500246741873],[121.5093537034399,25.132222943022235],[121.50891578770785,25.12920598976019],[121.50905342153125,25.127852963471042],[121.50889514573103,25.1264444868569],[121.50843808620401,25.12509118284298],[121.5078061131369,25.12400514037598],[121.50806768875066,25.123615160861615],[121.50982048129937,25.12240775658645],[121.51059654559701,25.12156475734204],[121.51082219529056,25.121410197322103],[121.51147081829409,25.1224853970831],[121.51246196188565,25.123576431495863],[121.51433716717489,25.124832516322464],[121.51653216696846,25.125538918345633],[121.52058060115448,25.126042287643244],[121.52288218781811,25.125723192244457],[121.52597674657274,25.12445626516036],[121.52726645061598,25.123665086793753],[121.52882312136981,25.122089103544265],[121.52955082929577,25.120837849874075],[121.5299964149911,25.119481386792067],[121.53014276360408,25.118071844817553],[121.52979214336234,25.11597654805866],[121.52890139608489,25.114220644289794],[121.52750737192065,25.112523218595207],[121.525632225515,25.11126729743026],[121.52329131732776,25.110541817791265],[121.52399679129097,25.10967452802817],[121.52541188571969,25.111050821905287],[121.52741320122804,25.112133353953933],[121.5296735005089,25.112640291432143],[121.53199809775155,25.11252797065231],[121.53418676649987,25.111806066767258],[121.5354762851177,25.11101481867718],[121.53657146739164,25.11000971178738],[121.53743022635226,25.108829376424847],[121.53801956458479,25.107519176415646],[121.53831684165951,25.106129465139087],[121.53834073525262,25.10522942720169],[121.5398284428092,25.105087888518476],[121.54125073315817,25.104692547779937],[121.54244501604988,25.104549427380288],[121.54627436476456,25.10654372198871],[121.54776418276629,25.106949222140198],[121.55008958084538,25.107044613058342],[121.55161341128132,25.106762737031186],[121.55304755470964,25.106215578983686],[121.55433689068458,25.105424169319832],[121.55589298228023,25.103847907706857],[121.55687951489162,25.101928212012552],[121.55717656580856,25.100538465736363],[121.55717015166414,25.099122654005278],[121.5568605292908,25.097735185453985],[121.55625960674725,25.096429377749786],[121.55539048426111,25.095255408925045],[121.55428656541845,25.094258389585296],[121.55082034124922,25.091916681822884],[121.5452859402409,25.090170807590813],[121.54108097424071,25.0899453234731],[121.53863164495995,25.09017210678736],[121.53675120271765,25.090645259376302],[121.53580083495457,25.09031280403201],[121.53528359991391,25.09003036681892],[121.53485518780043,25.088286772322075],[121.53471230528524,25.08656317085891],[121.53425511994729,25.085209941367292],[121.53292158083731,25.083267543103176],[121.53230948221113,25.081920500384065],[121.53114068257455,25.080346395690597],[121.53003709275976,25.0793491884257],[121.52803629385232,25.078266678691676],[121.52577663514897,25.077759703528574],[121.52405604345304,25.077788228340207],[121.52509440022915,25.0771352280767],[121.52618937272668,25.076130196810002],[121.52737798641517,25.074308020213998],[121.52793461743774,25.072250057176607],[121.52792854771492,25.07083423317509],[121.52771385628846,25.06978479193512],[121.52915525463851,25.070686138855816],[121.5287552941186,25.07234040800058],[121.52887857132784,25.07445691881289],[121.52967114248095,25.076449697566996],[121.53053988620856,25.077623826318803],[121.5322703732457,25.0790410004412],[121.53364429976365,25.079703490700005],[121.53513375188747,25.080109125263068],[121.5366814820682,25.080242313423554],[121.53822800171787,25.08009793613644],[121.540416058902,25.079375947372963],[121.54227973623783,25.078106565878763],[121.54334112088375,25.076898512774076],[121.54406842155298,25.075647187186732],[121.5446247779601,25.073589166471653],[121.5445012315236,25.07147267298463],[121.54371081204494,25.069484466583603],[121.54670621336392,25.069186952656544],[121.54909908483529,25.07017984707321],[121.55199236586377,25.07050230448013],[121.55429282500654,25.07018273803125],[121.55572653305546,25.06963555890649],[121.55701547295428,25.06884412895684],[121.55811010777398,25.06783886674624],[121.55896837159396,25.066658408561583],[121.55955728602822,25.065348122937458],[121.55988919091915,25.06325031357186],[121.55953824080206,25.061155077631547],[121.55893747669911,25.059849271772574],[121.5580316044983,25.05863844030879],[121.55777805470568,25.057585169691194],[121.55717704824893,25.05627893530213],[121.55689599482272,25.054727162320024],[121.55722352860883,25.053258519348645],[121.55708561037062,25.051091340462847],[121.5589847712242,25.05003408768265],[121.56011474830264,25.048984800063838],[121.56046719903128,25.04934884955302],[121.56093787761728,25.05078169681766],[121.56167622853839,25.052027569892886],[121.563245916771,25.05359207256243],[121.5658570820702,25.054968743620236],[121.56722289808735,25.056022006524202],[121.56859674660187,25.05668417653975],[121.57008602663656,25.05708946449202],[121.57185201220541,25.057211670733366],[121.57041138665305,25.059002465027426],[121.56982261748797,25.060312792262053],[121.56942668271043,25.061781028709568],[121.56932229129615,25.063898372686822],[121.56996987324116,25.066090590224423],[121.5683090882347,25.06748182736544],[121.56745090950756,25.06866233795628],[121.5668620646058,25.069972653121436],[121.56653108752863,25.07205376138546],[121.56180677167586,25.07426163589756],[121.5602691939239,25.075434350290706],[121.55906797247663,25.07686995444267],[121.55785475262823,25.076669572779352],[121.55630019046917,25.07667540731246],[121.55477674296768,25.07695732605868],[121.55334294592333,25.077504497007023],[121.55019393385149,25.079275832716394],[121.54905942550124,25.080213924017833],[121.54807806492693,25.08131201110138],[121.54709155247654,25.08323165309962],[121.54679442498905,25.084621383636858],[121.5468007155489,25.08603720061636],[121.54711019274603,25.08742469477336],[121.54771097298728,25.088730543518704],[121.54857997573828,25.089904560394952],[121.54968380941162,25.090901624234746],[121.55098005402243,25.091683413805285],[121.55317465788877,25.092389282899106],[121.55472255848791,25.092522279716775],[121.55626920716622,25.092377712373473],[121.55845736991489,25.091655456848375],[121.5601475677943,25.09053022489364],[121.56148660578272,25.08987976392068],[121.56335558200578,25.090260446732618],[121.56567971504218,25.09014760543889],[121.56716560425645,25.089730937335194],[121.56836219115696,25.089152770489257],[121.56986059363032,25.089144504417465],[121.57138415359296,25.08886242924693],[121.57287587736599,25.088283186930965],[121.57490596924774,25.0877907726201],[121.57603324398669,25.0872507126687],[121.57884293469012,25.086610731703107],[121.57855921953822,25.08853113602961],[121.5789105803845,25.09062631220362],[121.57991470957873,25.092538383555056],[121.58090620427569,25.093628958625303],[121.58278162793273,25.094884178790952],[121.5842206351703,25.095420334380158],[121.58574686691712,25.09569053107276],[121.58807107433519,25.095577337603732],[121.58955694804683,25.09516044571691],[121.59092494139325,25.094487584521687],[121.59212247766139,25.093584615673013],[121.59288863474322,25.092752541281236],[121.59413204124105,25.09214831889852],[121.5959742369261,25.091764283553093],[121.59739949038989,25.091715469622383],[121.60005521830264,25.09201222236882],[121.60160179703664,25.09186718348356],[121.60308757734339,25.09145015753693],[121.60453384171255,25.090723734330155],[121.60601601510584,25.090226547015607],[121.608317812227,25.08970004649153],[121.60968563903542,25.089027014844696],[121.61088298195376,25.088123897456256],[121.61226091540925,25.086415836313073],[121.6130350259564,25.084417056774818],[121.61317115357848,25.082850766068585],[121.61381361866245,25.082095324737743],[121.61454022495901,25.080843667113175],[121.61507896704121,25.078889681204906],[121.61563227469911,25.079189316121163],[121.61704336236525,25.081873764791222],[121.61791296777282,25.08304736550974],[121.6196445161905,25.0844635002005],[121.62101895648989,25.085125171416404],[121.62250874336421,25.085529922283893],[121.62405661637384,25.08566219608384],[121.62635714599725,25.08534151151002],[121.62804406640592,25.08465387537436],[121.62925037735342,25.084842771246997],[121.62994347871305,25.08647436723628],[121.63150783440746,25.088309197029762],[121.63040865236286,25.08874654368204],[121.6291199930751,25.089538604037703],[121.6258649978858,25.092755541847914],[121.62513844053179,25.094007252073038],[121.62464293389988,25.09568775964458],[121.62341560951738,25.096784195171043],[121.62255776846494,25.09796501377873],[121.621158120937,25.100707063548814],[121.6206016611436,25.102791462701127],[121.61834296281573,25.103743419625246],[121.6171455266189,25.10464659718706],[121.61616459356587,25.105745123539936],[121.61543786268533,25.106996787425942],[121.61499326784099,25.10835349182069],[121.61484790333584,25.109763101709103],[121.6149402222946,25.110892423702946],[121.61395718515946,25.11088623635164],[121.61214855366092,25.10646677005593],[121.6112788317879,25.105293141326523],[121.61017437708902,25.10429654916921],[121.60887763283029,25.10351528743249],[121.60743842792441,25.102979375380745],[121.60591206267966,25.102709404707536],[121.6043571847858,25.102715748680676],[121.60210182823876,25.10323991266588],[121.60073380204136,25.103912876824147],[121.59901605483073,25.10534317885815],[121.598157918431,25.106523860504605],[121.597691638507,25.10751839279191],[121.59539981961349,25.108255647205144],[121.5935362545229,25.10952568928319],[121.59255506904272,25.11062406338493],[121.59182806744427,25.111875615739468],[121.59127234502326,25.113933791992306],[121.59139675359303,25.116050219463787],[121.59219061286383,25.118042630601717],[121.59306024791266,25.11921637100043],[121.59426835255408,25.12028243179172],[121.59518021590382,25.121536457602925],[121.5969565355843,25.122976871016213],[121.59656244397019,25.124202541635682],[121.59641685297044,25.12561213474338],[121.5967686371187,25.12770725071097],[121.59777335707544,25.129619181031288],[121.59948450915392,25.131313263919786],[121.60148678993484,25.132394775598037],[121.60297709347684,25.13279971056229],[121.60530300535785,25.132894225449554],[121.6075588886524,25.132370004932728],[121.60955043870601,25.13127220238381],[121.61110612943496,25.129695373603468],[121.61209199013685,25.127775329089747],[121.61238847033842,25.126385487256112],[121.61238760101361,25.1250746559893],[121.61456612454104,25.12534217043976],[121.61683502492336,25.12502915141634],[121.61591775981469,25.126855262410242],[121.61558666561439,25.128953164856394],[121.61593878660226,25.131048228066806],[121.6165405153154,25.132353773109944],[121.61793598248197,25.134050330779832],[121.61981240002339,25.13530505715347],[121.62125203806816,25.13584083852321],[121.62355667094718,25.136142147617285],[121.62510377056799,25.135996854412248],[121.62729227712926,25.135273580317662],[121.62858142126724,25.13448153116591],[121.6301369027055,25.13290450717334],[121.63097362074825,25.131472770281636],[121.63145074202725,25.129909126478477],[121.63304674275321,25.128304382677626],[121.63403224640878,25.126384198676543],[121.63436301870043,25.12428626052538],[121.63418330279946,25.122687944149167],[121.63389469927415,25.12176081191114],[121.63584011729375,25.121279405134604],[121.63720813486383,25.1206061186042],[121.63840557257586,25.11970278078739],[121.63926017826614,25.11876061579246],[121.6409992535744,25.119665539968878],[121.64326012208959,25.120170733973758],[121.64645530424104,25.120083966959275],[121.64871076320965,25.119559127158322],[121.65007868847243,25.11888572347364],[121.65193642410526,25.117280721321066],[121.65370176853895,25.11628067927475],[121.65479601016635,25.115274717077188],[121.65565365392887,25.114093718465575],[121.65624174532407,25.112783072737216],[121.65653769188106,25.111393150368094],[121.6565301302258,25.109977366832634],[121.65621936129428,25.108590129643392],[121.65521392090652,25.106678604452256],[121.65422167093172,25.10558854278572],[121.65328584763643,25.104876771372407],[121.65276335824872,25.10314413428006],[121.65044367986692,25.098973849771966],[121.6502980073171,25.098211966471116],[121.65106711933122,25.097142313473963],[121.65289798238395,25.096315670766394],[121.65409506947026,25.095412210342566],[121.65507557750426,25.094313439933696],[121.65580182845333,25.093061589160794],[121.65635637899783,25.09100318823648],[121.6563218909741,25.089427398764897],[121.65658061721524,25.087595118933006],[121.65637342620482,25.085708092856102],[121.65720133061025,25.0838953107175],[121.65882643606781,25.0852046170929],[121.66181269670687,25.086718687503357],[121.66332917795603,25.08821535899942],[121.66462609305903,25.08899614265662],[121.66682126171187,25.089700319317355],[121.66914638248485,25.089793848446583],[121.67066969884443,25.08951075803083],[121.67210308645623,25.088962461724687],[121.67401967106618,25.087643736316075],[121.67614995946916,25.08733066810146],[121.67824882775572,25.08641490237216],[121.67996537249888,25.084983702961125],[121.68189019439441,25.0821068627242],[121.68310171553327,25.082534079247942],[121.68443776530125,25.083555345765873],[121.68581252893969,25.084216410005933],[121.68730250180482,25.084620506254943],[121.68846185097742,25.084736525495416],[121.68891796712023,25.085526539097064],[121.68851914641458,25.08646894711219],[121.68822361580936,25.08785892913638],[121.68823153452668,25.089274707660493],[121.68854260858787,25.090661874842695],[121.68914489300661,25.091967120608594],[121.69001524939391,25.09314028163415],[121.69112023407729,25.09413626962084],[121.69241738276793,25.094916804680345],[121.69461280655051,25.095620563960214],[121.69616086559658,25.09575208107907],[121.69770735330161,25.09560604167015],[121.70072290274156,25.09487802607772],[121.70209025976331,25.094204152131713],[121.70328695527238,25.093300302540023],[121.70426699926287,25.09220121632843],[121.70525110329244,25.090280578984615],[121.70556935200759,25.08841533395784],[121.70623091370612,25.08699053374401],[121.70697594813076,25.084312106818203],[121.70712023177394,25.08290242435304],[121.70695976196905,25.081494193613945],[121.70616430901573,25.07950242015808],[121.70387827091136,25.076676725714716],[121.70200193146835,25.07542305243285],[121.70056267491692,25.07488804329218],[121.69937719732779,25.07466341790489],[121.69882070831908,25.073766721109696],[121.69759120867216,25.072483210984817],[121.69927189646634,25.0715191531968],[121.70036536810117,25.070512865076207],[121.70098982826913,25.069689009811658],[121.7031557750746,25.06823034951552],[121.7042719622664,25.066921618189337],[121.70572192896708,25.06833674364089],[121.70701889076986,25.069117157641937],[121.70845810561326,25.069652105454004],[121.70998425772638,25.069921026257436],[121.71153868826477,25.06991358406134],[121.71306165101065,25.069630065140906],[121.71449460995916,25.069081366994013],[121.71635628661913,25.067809837191078],[121.71773251173603,25.06610082751963],[121.71850477669314,25.06410153099271],[121.71864891052022,25.062691836951775],[121.71831169384565,25.06065543188396],[121.71884455589093,25.058649903711093],[121.7188073214244,25.05706248784193],[121.71961091333539,25.05568846402375],[121.72016423884523,25.053629840967503],[121.72015596613902,25.052214065388867],[121.71981153839626,25.05074406568625],[121.72147195938763,25.04978841019427],[121.72272505682366,25.048661957378826],[121.72358159114692,25.04748057968853],[121.72435365183178,25.045481252502395],[121.72445536925399,25.04336384942371],[121.72414402625974,25.041976754985527],[121.72377661826931,25.041118078650378],[121.72374517171318,25.040183891241195],[121.72341383994242,25.038696795486917],[121.72281147142745,25.037391681700836],[121.72141571289816,25.03569609573899],[121.719539835946,25.03444262733076],[121.71734537888297,25.033739210114597],[121.71502129999874,25.03364641301334],[121.71276771365623,25.034172227074297],[121.71077866794616,25.03527137747964],[121.70968558843268,25.036277738310318],[121.70882899378104,25.03745903887526],[121.70824180671511,25.038769886614293],[121.70794660004236,25.040159909452974],[121.70795472804677,25.041575691105702],[121.70851293255095,25.043631507871872],[121.7085245153939,25.044975725740954],[121.70886879116544,25.046445754931813],[121.7066057574846,25.045323239714655],[121.70434603573679,25.044818982316077],[121.70279191929694,25.044826342331927],[121.70126923519588,25.04510975068183],[121.69917124231696,25.046025828207082],[121.69745545768087,25.047457240761485],[121.69659866913885,25.048638473283702],[121.69525118193494,25.052049238928475],[121.69495580022208,25.05343923735414],[121.6949354093141,25.054378819412033],[121.69425224106071,25.05503979902919],[121.69257118669418,25.055975639719694],[121.6913747659094,25.056879401304855],[121.69039487757131,25.057978404002974],[121.68967973854248,25.05920981346627],[121.68813352262123,25.059383827453736],[121.6866484354372,25.059801692877876],[121.68438139331921,25.060935394170883],[121.68322914736905,25.061802159641623],[121.68174465935171,25.06230933920501],[121.6803985651107,25.060687591700944],[121.67805272173652,25.05916361983668],[121.67585804177368,25.05845959641899],[121.67377640648365,25.058354185305525],[121.6738786331629,25.05721423478566],[121.67371858356663,25.055805954486207],[121.67326000257957,25.05445317459487],[121.67269712545536,25.05347327700789],[121.6741438676838,25.052431501845376],[121.67512386083149,25.051332603431337],[121.6761534487666,25.049243709103408],[121.67766374233656,25.04770249462443],[121.67844452149849,25.04630819924127],[121.68030051833549,25.045838541894682],[121.68166745442603,25.04516486087545],[121.68286383688573,25.044261176974047],[121.68424028009922,25.042552467955073],[121.68482774174063,25.04124170985906],[121.68515745258834,25.03914365707755],[121.68489921702894,25.037386145304218],[121.68489519001281,25.0359459533885],[121.6845843107447,25.034558764610598],[121.68357906798687,25.032647409193178],[121.68258718441955,25.031557519145867],[121.68138099918625,25.03066486265263],[121.67927311575058,25.029768318121498],[121.67774752185957,25.029499068251102],[121.67636444423955,25.029497718788893],[121.6754219917724,25.028953675736297],[121.67393119927945,25.028406731339143],[121.67336233996616,25.027183979806555],[121.67249262142487,25.026010697692087],[121.6707613181082,25.024595163777253],[121.66865361284871,25.0236984641292],[121.66635099752213,25.023397810764326],[121.66480536836208,25.023543506773372],[121.66332062481514,25.023961133651156],[121.66124128630342,25.025099626521897],[121.6601478814328,25.02610563098456],[121.65929087330582,25.027286656117383],[121.65851785553188,25.029285670048846],[121.65837306190448,25.030695325740318],[121.65853289691266,25.032103631580554],[121.6593272610384,25.034095695374287],[121.66019691519466,25.03526905467427],[121.66130113354365,25.03626528812086],[121.66259748126193,25.03704610640488],[121.66410159442444,25.037596126130705],[121.66476872951223,25.038993544730772],[121.66387000979081,25.04021689571642],[121.66314262510359,25.042046441711573],[121.66208075888858,25.04313850590565],[121.65983862796094,25.042639146573052],[121.65828452457693,25.042646040459726],[121.65676175346896,25.042928994273492],[121.65524114695518,25.043525537822088],[121.65446411382952,25.04249141789655],[121.65308012626515,25.041308008291193],[121.65473258927429,25.03966354369238],[121.65578706917952,25.0376332104009],[121.6561172675822,25.03553521102678],[121.6557647768857,25.0334402244819],[121.65475998538439,25.031528664407414],[121.65318944565078,25.02996514084281],[121.65118841374796,25.02888428824314],[121.64969922868758,25.02847981033393],[121.64815205414443,25.028347789136326],[121.64660633700365,25.028493297497903],[121.64512146827033,25.028910744759983],[121.64307471256835,25.030056661469878],[121.64145244369024,25.029907781104082],[121.63897299984345,25.03024867781123],[121.63754013362096,25.030796647813958],[121.63602289140807,25.03177984461367],[121.63377603701096,25.031695865472344],[121.63225333824091,25.031978566955324],[121.63082042072365,25.03252647302559],[121.62943177011066,25.033344393374243],[121.62738979479255,25.03234474447314],[121.62513060650592,25.031839269969105],[121.6225676610109,25.03195301838649],[121.62031270014762,25.032560211251756],[121.61894555336124,25.03323333283271],[121.6174531360352,25.034436447064177],[121.61637561144826,25.03498325634901],[121.61517881727778,25.03588641388097],[121.61222832074412,25.039574842410467],[121.61124313714356,25.041494897122025],[121.61093345724683,25.043157810696155],[121.61039735570294,25.04469316114889],[121.61025942974746,25.046228990676756],[121.60827739289651,25.045399329964354],[121.60597449629199,25.045097746959122],[121.60367465551964,25.04541810418188],[121.60185979820832,25.046176235773302],[121.60017615840162,25.046124517602465],[121.59890623921345,25.04482454032615],[121.60015109106358,25.043506000665275],[121.6008776189784,25.04225440509806],[121.60132214817696,25.040897732533875],[121.60142597858429,25.038780369928038],[121.60111602611663,25.037392988723933],[121.60051494653172,25.036087352745486],[121.59964584605295,25.034913633422835],[121.59854212738769,25.03391693177866],[121.59700525677225,25.032927264636463],[121.59563152891056,25.03226535319624],[121.5919225937224,25.031270335897283],[121.5903754321486,25.03113771276746],[121.58807580500334,25.0314578250862],[121.58597716342673,25.03237231785268],[121.58426022032897,25.033802447738655],[121.58302032330268,25.035373163676677],[121.58119873729305,25.03462970907483],[121.57967327382084,25.03435944960907],[121.5781192511719,25.03436550311785],[121.57615330935853,25.034794011757775],[121.5761569260939,25.03433211767937],[121.57795206084145,25.03351807164626],[121.57966907477024,25.032088013338843],[121.58052688788592,25.030907432999676],[121.58111540869143,25.029597062724868],[121.58141202815447,25.028207262413428],[121.58128791267599,25.026090796951447],[121.58083045713249,25.02473770487617],[121.57962602793877,25.022924445749705],[121.57852257710938,25.02192758894161],[121.57652230837631,25.02084571522268],[121.57426352284999,25.020339459046465],[121.57194071538657,25.020452412368805],[121.5697538910837,25.02117484993391],[121.56846552712203,25.021966385321548],[121.5669106111923,25.02354277518491],[121.56618384111674,25.024794212038763],[121.56584160505685,25.025770757175867],[121.56447871886867,25.026019204777175],[121.56365269314547,25.024552639958145],[121.56190583064253,25.022869187461],[121.56050190639652,25.021152006878793],[121.55870541923647,25.019938441773494],[121.55801666370657,25.019035320256798],[121.55691341944697,25.018038298858773],[121.55480308451044,25.016920627185268],[121.55403254559796,25.015593063251316],[121.55304192711522,25.01450228225573],[121.5514094870545,25.01337730332502],[121.55043193993909,25.012302378578166],[121.54896209330299,25.011265332226706],[121.54805195055518,25.010272466409702],[121.5466096179414,25.00925026234667],[121.54629010143017,25.008860966997393],[121.54714747345132,25.007371021681866],[121.54815665072799,25.006596442745543],[121.54919586787416,25.005408683401757],[121.55279703453124,25.00709389554904],[121.5542856639977,25.007499355821448],[121.55583249797874,25.007632360873817],[121.55813177684205,25.007312752654798],[121.55956474219012,25.006765544807084],[121.56288305014932,25.00482401783071],[121.5656170614165,25.002298647915893],[121.56648279520236,25.001102590834297],[121.56853591860181,25.00298643075619],[121.56929495566865,25.003995377295045],[121.57039817010178,25.004992309154282],[121.57169362776898,25.005773940428472],[121.5738887103719,25.006479786424002],[121.57415352327178,25.00669664963512],[121.57388006856029,25.007611191713],[121.57373432623874,25.009020786787925],[121.5738931638556,25.010429206434313],[121.5743504874073,25.011782324757217],[121.57508873060372,25.01302813943133],[121.57607952865179,25.01411877053907],[121.577953677331,25.015374087604453],[121.57939172889765,25.015910312758333],[121.58169402326268,25.016212320035766],[121.58323967880094,25.016067487864216],[121.58542633004765,25.01534485449113],[121.58671451387605,25.014553174625107],[121.5882690616614,25.012976582336737],[121.58899553851624,25.011725040828626],[121.58944009662491,25.01036839787846],[121.58957947416503,25.009084718991993],[121.58989136051956,25.00887201181034],[121.5912189299062,25.01005299209219],[121.59209006799564,25.010604876027767],[121.59365743737904,25.01212892602319],[121.59444935741914,25.013508983573878],[121.59544032761055,25.014599482413246],[121.59664574786225,25.01549285340108],[121.59785588738758,25.016085140144813],[121.598689287236,25.017569170184544],[121.60025898838772,25.019133288530835],[121.60155477970261,25.01991465200406],[121.60336982140682,25.020535030622298],[121.60439039414369,25.021669812450444],[121.60559594773869,25.022563107526956],[121.60696961779165,25.023224928750157],[121.60845860895803,25.023629838995557],[121.61078245940477,25.02372430803858],[121.61230511104212,25.023441827224346],[121.61422006298042,25.022628124514902],[121.61679168553327,25.022547087709295],[121.6182765806897,25.02212992272482],[121.62026413366854,25.021033454671922],[121.62130678856698,25.02152235649182],[121.62328680862298,25.02298361138772],[121.62448152640049,25.023569026120462],[121.6254568717929,25.024273673013862],[121.62683066336842,25.02493530813904],[121.6290897309347,25.025440759593867],[121.63141255957514,25.02532691257155],[121.63366026956449,25.024569798833472],[121.6348271451582,25.02465224041475],[121.63637283111349,25.02450685515589],[121.63855930163258,25.023783444184136],[121.63984722084479,25.02299130967957],[121.64094076785197,25.021985451351522],[121.64179791857892,25.020804528385284],[121.64244533733459,25.019272677679535],[121.64642449454838,25.019374077303148],[121.64867812026924,25.018849267859547],[121.65004494085575,25.01817587787563],[121.65174749530667,25.017000903527094],[121.6537732573613,25.014925192304922],[121.65437215117525,25.014575308694344],[121.6563484055681,25.014089107848466],[121.65756684556682,25.013497530698704],[121.65957627836423,25.01434144889567],[121.66110164907698,25.014610890504283],[121.662655398512,25.014603974378645],[121.66386365771591,25.014394162637764],[121.66615560022584,25.014423951180802],[121.6681396181605,25.01398805746944],[121.66967323845078,25.014756129317963],[121.67068351135204,25.015053416739708],[121.67193241425683,25.01622563369717],[121.67393341289909,25.017306209366694],[121.67542253561167,25.01771044624244],[121.6776465199459,25.017841618052877],[121.67945270393442,25.018200956299218],[121.68100649269509,25.01819384747663],[121.68252889809176,25.017910651837365],[121.6839614055583,25.01736225444063],[121.68530055562391,25.016526684981386],[121.68765022151901,25.01684217080829],[121.69008116758044,25.016476836913885],[121.68872711333596,25.01788826103542],[121.68774329763612,25.019808800563393],[121.68741367414822,25.021906862462895],[121.68776666247723,25.0240017666066],[121.68877189550483,25.025913096025647],[121.69003378645567,25.027252955380046],[121.69190926212168,25.028506806362333],[121.69410349014846,25.029210604870116],[121.69642747824238,25.029303731324777],[121.69794998057513,25.029020375984405],[121.6993825433532,25.02847182948915],[121.70124377871456,25.027200492208117],[121.70222333106908,25.02610142081511],[121.70287700792562,25.02498935653203],[121.70409860467213,25.02543206754157],[121.70669935283847,25.02587516164879],[121.70817881832846,25.026432124063707],[121.7103151186342,25.02672547211998],[121.7116712928691,25.02738248872798],[121.71265382657565,25.028256964017373],[121.71395040227557,25.029037329989418],[121.71538917287805,25.029572223163264],[121.71664639572005,25.029806126454343],[121.71818553024671,25.030577044265915],[121.71967494758154,25.0309808304581],[121.72199897773518,25.031073555855176],[121.72352143608778,25.030789939430367],[121.72669901978072,25.029765017138434],[121.72879768890496,25.029876011779834],[121.72962299865179,25.031334874945603],[121.73061528760213,25.03242444194996],[121.7318218360254,25.03331669037301],[121.73319627457225,25.033977327136643],[121.73545590257733,25.034481148281095],[121.73712988444292,25.034473448730864],[121.73865234551424,25.034189677254577],[121.74041817531815,25.033456414721567],[121.74117289984402,25.03383468985075],[121.74228566741847,25.035104869515866],[121.74349232440576,25.035997020326548],[121.74560075777396,25.036892640390377],[121.74712657291597,25.037161188049037],[121.74944946460977,25.0370454938714],[121.75163544842891,25.036320430190376],[121.75349624356727,25.035048449349706],[121.75447538135369,25.033949043876014],[121.7552002697227,25.032696727065666],[121.75575856331191,25.030519556151056],[121.75687006924177,25.028786650579836],[121.7573128258527,25.027429547017956],[121.75745648363066,25.026019819614508],[121.75729553206304,25.024611644014993],[121.7562360807521,25.021549165332814],[121.75549597932348,25.020304291486777],[121.7539243383012,25.01874185511695],[121.75192264485624,25.017662372468465],[121.74966326646873,25.017158794974975],[121.74798952110609,25.017156620127867],[121.74646729322939,25.01744048254742],[121.74437422854588,25.01835491047826],[121.74224377017698,25.017678979645726],[121.73858784944609,25.017340238033373],[121.73631966611602,25.01633751331311],[121.73377138039392,25.01605012110378],[121.7321698853351,25.015427570636838],[121.73064436855688,25.015158861765386],[121.72761217822998,25.01535858853176],[121.72594468143596,25.014879121385],[121.7243976168236,25.01474789157613],[121.72285218003941,25.014894187400774],[121.7211189619504,25.015421088660805],[121.72038822866526,25.015362665894433],[121.71930856855778,25.014573787101916],[121.71793441979882,25.013913013686984],[121.71644521516455,25.013509204420252],[121.71463631989663,25.0133908588383],[121.71305465734358,25.01262310565832],[121.71089052461355,25.011849935574695],[121.70929892866549,25.010574070338603],[121.7076799652154,25.009834660432684],[121.70736229046918,25.00834763963022],[121.70676024665677,25.00704244847486],[121.70589036260377,25.005869362352048],[121.70424045133937,25.00450868643129],[121.70361011872312,25.00310259724373],[121.70274029283803,25.001929490817577],[121.70163606215124,25.000933561170104],[121.700339861275,25.000153076712195],[121.69796613021693,24.99935935864489],[121.69641928247295,24.999227832575563],[121.6944769928852,24.99946643357076],[121.69194291996074,24.999326218807315],[121.68946796588902,24.99994743247157],[121.6880897683341,24.999837820423174],[121.68654446475327,24.999983736096915],[121.6850600814983,25.000401573851267],[121.68369365422626,25.001075279195955],[121.68269218019607,25.001816689148768],[121.68080025931535,25.00229148371811],[121.6790087349977,25.003255448741825],[121.67781762448678,25.001367677866597],[121.67624719200884,24.999804389663694],[121.67495115789133,24.99902368017605],[121.67275757267683,24.998319582537636],[121.67121075812913,24.99818779346587],[121.66687560784631,24.99847350093532],[121.664689757931,24.9991973182331],[121.66323237252159,25.000131360349663],[121.66083819409458,25.000188100272357],[121.6611783038856,24.999101303072123],[121.66195368603124,24.998203107556105],[121.665338444653,24.997238936016444],[121.6667049343651,24.99656539772919],[121.6679009673619,24.99566183593378],[121.67015053988364,24.993112923677195],[121.6707802088398,24.992048098363885],[121.67230092514804,24.99096167329234],[121.67363958394513,24.98931050977208],[121.6756887722931,24.988384787357354],[121.67751885056606,24.987918684250815],[121.67950745210103,24.986819981824798],[121.6810604519239,24.985242444643706],[121.68203634177448,24.98334205336808],[121.68379993569646,24.983522208983747],[121.6856708013436,24.983300354829566],[121.68738128947649,24.984695434007936],[121.68875495315359,24.98535650288126],[121.69024373279625,24.98576060024884],[121.6917904067,24.98589219453874],[121.69333552690615,24.985746228020346],[121.69481970529947,24.985328311267104],[121.69618589738515,24.98465450736823],[121.69790084346873,24.983223116053928],[121.69875718180036,24.98204187582052],[121.6995292668871,24.980042660241814],[121.6996735451823,24.97863296618462],[121.69932050528642,24.976538079175686],[121.69871870932431,24.97523284470533],[121.6973434994175,24.97355640469091],[121.69638452627365,24.97045212288857],[121.69541532867855,24.96884693267294],[121.69384510210276,24.967283819318286],[121.69202512892086,24.965823878784036],[121.69072936035865,24.965043297691466],[121.68929144883454,24.964508142749445],[121.68776664497915,24.964238976599386],[121.6854450367757,24.964353679643306],[121.68325990054457,24.9650777579764],[121.68197286320738,24.965870256183063],[121.68088014282445,24.966876406474647],[121.67974498200604,24.968601830254563],[121.67761725369306,24.968139017550083],[121.67606409300912,24.96814607776175],[121.674542281186,24.968429196523932],[121.67311029124404,24.96897749574345],[121.67182314673336,24.969769908026134],[121.67073030827811,24.97077598576217],[121.66987377338351,24.97195707054895],[121.66788840611844,24.975850605350967],[121.66677498433278,24.976397592069393],[121.66589650723424,24.975717228289167],[121.66520060713235,24.974394949399393],[121.66467541094433,24.972643661885503],[121.66393652591294,24.97139829794286],[121.66294531761521,24.97030825413065],[121.66107102487669,24.96905400359845],[121.65887804956455,24.96834968591148],[121.65655522251367,24.968255947510627],[121.65430255040557,24.96878086043721],[121.6523140026543,24.969879227391733],[121.6512210010504,24.970885165182732],[121.6502942730499,24.972156138350943],[121.64952143164537,24.974155116195373],[121.64937658437533,24.975564774278812],[121.64972877799322,24.977659797698895],[121.65066304118322,24.97946612525755],[121.65126409214731,24.981446046294806],[121.65259904297439,24.983388099525634],[121.6526962081501,24.98476855071257],[121.65030117389533,24.988447264012642],[121.64951961551921,24.989067668336837],[121.6485398708619,24.99016640165124],[121.6478141257403,24.991418223408434],[121.6473630080217,24.992821203161185],[121.64662001886103,24.993535008265443],[121.64576309788262,24.994715958616542],[121.64420993607281,24.99864487305641],[121.6440650061641,25.000054523155526],[121.64413887558129,25.000952725568453],[121.64364531908254,25.001426636234317],[121.6423524398713,25.001327754622064],[121.64080705194652,25.001473196591377],[121.63881524367056,25.00211188343034],[121.63741772828321,25.000409182785152],[121.63536321829586,24.9990779711215],[121.63253908667602,24.996645818426494],[121.63053877582021,24.99556466880222],[121.62862889331817,24.99510485423226],[121.62761241945539,24.994366387311743],[121.6264300334461,24.99378612585437],[121.62790590149591,24.99199523531593],[121.62867919969291,24.98999636534288],[121.62882429640332,24.98858672510715],[121.6287138340783,24.987469917121583],[121.62902897882381,24.98644635197173],[121.62917406832379,24.985036710886178],[121.628822197811,24.982941634402007],[121.62822110615868,24.981636101441435],[121.62682727347202,24.979939575237115],[121.62495318779767,24.978684867165178],[121.62285030376206,24.978000181901887],[121.6233688691702,24.97603509906041],[121.62336173356901,24.97461928053828],[121.62305171328813,24.97323193478024],[121.62204793455413,24.971320118683913],[121.62105708934605,24.970229788623328],[121.6198519460402,24.96933660497483],[121.61847881530856,24.96867488781981],[121.61690574851481,24.968258966702777],[121.6186265093479,24.96764404992042],[121.62052291426077,24.9663379692219],[121.6224212108552,24.9662070888086],[121.62460674456784,24.96548389582844],[121.62589415741226,24.964691886103484],[121.62685631673075,24.963819116769024],[121.62861419915097,24.962821794284373],[121.63017388728822,24.96123506142463],[121.63141491032033,24.960991587095428],[121.63310843371734,24.960299324324577],[121.63421253955065,24.960815475697654],[121.63570085707937,24.9612201295452],[121.63802354399664,24.961314196328416],[121.63954536141172,24.961031450609354],[121.64097741690053,24.960483472448125],[121.64289909069676,24.95915109721996],[121.64538765120271,24.959512288686938],[121.6469325094368,24.959366808966692],[121.6484165418873,24.95894935668585],[121.6497827096666,24.958275977066293],[121.6514978480836,24.956845111690356],[121.65263444665247,24.955304116024585],[121.653359091411,24.953483589308224],[121.65381623655102,24.953211011324594],[121.65537384880912,24.953995881175878],[121.6572994485398,24.954457491068403],[121.65805559974527,24.95526176603999],[121.65926087181938,24.956154639404314],[121.6617173663335,24.957161510239455],[121.66401873445257,24.95746226371687],[121.6655635404951,24.957316591669287],[121.66704748111019,24.95689895542048],[121.66903568749161,24.95580039681737],[121.67053516588062,24.954289139750927],[121.67181385112873,24.95415652160242],[121.67329773147793,24.953738824136348],[121.67528583024453,24.95264018386344],[121.67637847440946,24.951634074405014],[121.67723481053662,24.950452953263493],[121.67803012846255,24.948307020726563],[121.67878409454656,24.948028061394215],[121.68094310293692,24.948501019897037],[121.68529617800877,24.94854389515845],[121.68681771911166,24.948260671477012],[121.68891416746932,24.94734479000344],[121.69010956704169,24.94644105737522],[121.69108859922845,24.945342059132642],[121.69181364271327,24.94409003361864],[121.69232872422687,24.94227519679667],[121.69318203615666,24.94188119793976],[121.69529195302096,24.942288217672665],[121.69662194916394,24.943096935592006],[121.6988146739888,24.943800704864493],[121.70113705681932,24.943893793598402],[121.70333277498044,24.943480148916844],[121.70334084489393,24.944895320657913],[121.70365168198776,24.94628248716292],[121.70465649461305,24.948193737474703],[121.70622660622166,24.949756743123768],[121.70822680200105,24.95083688401315],[121.70971522181618,24.95124079621527],[121.7120377480205,24.95133371167123],[121.71355925487237,24.95105021554505],[121.7156555421743,24.950133961382317],[121.7173697892413,24.94870235476895],[121.71855436414526,24.94687869980691],[121.71910726899723,24.944820061308683],[121.71909904924951,24.94340426469617],[121.71882555613698,24.942150658887854],[121.71954926229587,24.94131078359813],[121.72027399189389,24.94005862579977],[121.72071686237335,24.938701613162216],[121.72088084526094,24.937011896577594],[121.72072045289983,24.93560365255345],[121.72016197921229,24.934061084637133],[121.72003030799446,24.93313369129117],[121.71923566503138,24.931141931804394],[121.71836621740644,24.929968897476282],[121.71726252149995,24.92897306271958],[121.71596699136573,24.928192692313782],[121.71479477769131,24.927742920450953],[121.71551600127712,24.925841906119068],[121.71566005039648,24.924432191819662],[121.71549973733941,24.92302393812637],[121.71474649978633,24.921110638771513],[121.71488043546692,24.920333826059558],[121.7159440131018,24.918941163913395],[121.71650237801339,24.917703376866605],[121.71885786891295,24.91780370242273],[121.72110932068792,24.917277835942144],[121.72309640227316,24.916178574669143],[121.72464797275099,24.914600599963393],[121.72537250133115,24.913348417613474],[121.72581522810513,24.91199138842308],[121.72595914804522,24.910581664579123],[121.72588342495824,24.909675602991445],[121.7265722353477,24.90847836629313],[121.72701493297211,24.907121333354958],[121.7271524902389,24.905605401758088],[121.72786472708403,24.903721294282438],[121.7279758939122,24.90145175319176],[121.72936209644065,24.901962482671117],[121.73253704739247,24.902661029541807],[121.73408271464625,24.90279220842726],[121.73562673945708,24.902645826031595],[121.73781045817799,24.90192100534097],[121.73909647238695,24.901128041028105],[121.74015948849616,24.900150631408227],[121.74175759844313,24.900601111617775],[121.74330324707128,24.900732195368],[121.74484723278387,24.900585718340597],[121.74633021111492,24.900167310743456],[121.74769518374057,24.899493054534975],[121.74940836663565,24.898061094448526],[121.75222187903367,24.89364711821497],[121.75266424567546,24.892290014225484],[121.75276542498364,24.890172562695483],[121.75245419919915,24.888785497584486],[121.75144916522571,24.886874560119274],[121.750457898644,24.885785088072502],[121.74858405051569,24.88453191502311],[121.74639212008371,24.883828854619956],[121.74484668002827,24.883697797747008],[121.7433029037786,24.883844270208673],[121.74165011580827,24.884302640676303],[121.74028527350838,24.884976839826507],[121.739090830695,24.885880960549326],[121.73811268750455,24.88698026254255],[121.73743826122427,24.88813504837607],[121.73692134042788,24.88868153756017],[121.73282737269513,24.887862614943288],[121.73177079120958,24.88737270880002],[121.73028307763829,24.88696899767074],[121.72796175207873,24.88687633876426],[121.72644106543063,24.88715996580184],[121.72501024739495,24.887708743814414],[121.72372427653585,24.888501587009905],[121.72217301133227,24.890079550470332],[121.72119068296354,24.892000309754273],[121.72089592821105,24.893390374402554],[121.7208971912318,24.894689588907603],[121.71849415350941,24.894793987554454],[121.71701113746495,24.89521211943095],[121.7156460369014,24.895886098013513],[121.71393248319441,24.897317678999748],[121.71307685594351,24.898499003657488],[121.71263340970131,24.89943905472697],[121.71082501591243,24.89907883798243],[121.70927273144912,24.899086225466498],[121.7082220667886,24.89925986302483],[121.7066793655522,24.898667865562565],[121.70437900603794,24.898367747129452],[121.70208217490107,24.89868956914841],[121.69998664192393,24.89960562174518],[121.69827285260236,24.901037027279152],[121.69741704920459,24.902218265384526],[121.69664538181544,24.90421748092574],[121.69650113346617,24.905627184885805],[121.69685389240168,24.907722103795486],[121.6978582732145,24.909633418865067],[121.69942779972011,24.911196516723134],[121.70072304915303,24.911977038826375],[121.70170788932475,24.91236683995956],[121.70130967288128,24.913309325802103],[121.70101829009117,24.91467615128342],[121.6998761889061,24.91614840586176],[121.69908823907264,24.918251144812913],[121.69748937039654,24.918107755567654],[121.69519215443451,24.91842947901659],[121.69309623837587,24.919345440769277],[121.69182111785682,24.92030919151381],[121.69044609796352,24.922017967143173],[121.68985923012791,24.923328754866056],[121.68952985743577,24.92542684215866],[121.68979586036686,24.92721279842345],[121.68741376748302,24.927106108903047],[121.68516198201321,24.927631472847764],[121.68365635220971,24.92838516434247],[121.68259770064209,24.929174784284672],[121.68076114702306,24.929817639259525],[121.67889407093253,24.931095887541254],[121.67636437545482,24.930956038992992],[121.67411246935528,24.931481238221714],[121.67274673132972,24.93215483448681],[121.67155133673738,24.933058429307916],[121.67057222225303,24.93415730259795],[121.66984638394139,24.935410868448216],[121.66864162459524,24.93614351899292],[121.66672774207913,24.935749031215924],[121.66440663956287,24.935863395996464],[121.66292293966103,24.93628100207306],[121.66155708598941,24.93695449773345],[121.65970786857822,24.93855247762589],[121.65727781173011,24.93771967891661],[121.65495556046372,24.937625903393958],[121.65343406839467,24.93790880089834],[121.6520023295722,24.93845689407109],[121.65006843301937,24.939802219146195],[121.64818593510311,24.939765860748636],[121.646664399726,24.94004868989883],[121.64456774632421,24.940963981665707],[121.64337205723646,24.941867355323474],[121.64199612631732,24.943575697810815],[121.64138165234753,24.944986557730484],[121.64026932262296,24.944809138659593],[121.63871644292979,24.944815803495057],[121.63692483618593,24.94512853293705],[121.63588886906594,24.945503665365194],[121.63419421817481,24.944828905722268],[121.63266976369488,24.944559167422746],[121.63111688484037,24.944565752996752],[121.62959524762175,24.94484840960926],[121.62749838195703,24.945763464706562],[121.62569289194164,24.94730603844869],[121.62356552562638,24.947618312104932],[121.62146856699806,24.9485332837798],[121.61975318617958,24.94996380953379],[121.61883156283959,24.95127087814742],[121.61749202610793,24.952228721331323],[121.61687116273956,24.95221270452117],[121.61526290298035,24.951175090944925],[121.61382546270018,24.950639196609963],[121.61230097590911,24.95036925061725],[121.61101058814208,24.950362785141316],[121.60962886108528,24.949695048756755],[121.60597740478411,24.94849795271019],[121.60440909954747,24.947705147661555],[121.60292104057305,24.947300175331016],[121.60136657182586,24.94716805355783],[121.59992356158106,24.946265455947476],[121.59848624179713,24.94572941092664],[121.59618522795648,24.945427637203277],[121.59464047149449,24.94557258869044],[121.59349204782579,24.945878501484316],[121.59156284701818,24.94591816525702],[121.59007898741814,24.944457208723897],[121.58878406756918,24.943675721511696],[121.58734682391265,24.943139567397758],[121.58582248145744,24.94286934739598],[121.58426961024443,24.942875444361107],[121.58206708376561,24.943382724668876],[121.5806627828915,24.94313936789975],[121.57910990686567,24.9431454111567],[121.57758815640686,24.94342753857911],[121.57575758868181,24.944194732409766],[121.57350320199599,24.94368939659823],[121.5719503171146,24.943695365367123],[121.57042854204339,24.943977420059287],[121.56880635519565,24.94461471858575],[121.56751877212211,24.9454062398736],[121.56650917182559,24.946326465780537],[121.5651337003292,24.946089431793112],[121.5635807830972,24.94609531386825],[121.56205895777778,24.946377283842285],[121.56007957201784,24.946986086108907],[121.5584740906401,24.946689458792463],[121.5573960349386,24.946672221148035],[121.55459606658545,24.946139598025567],[121.55333343706408,24.945523746755647],[121.55296511440265,24.944737824535817],[121.55343073468399,24.943886902526838],[121.55387545722161,24.94253035091205],[121.55402136389914,24.941120760166356],[121.55390781679395,24.93998109540681],[121.55402419633715,24.939695042028433],[121.5552602601199,24.939452885103385],[121.55669245908665,24.93890571334789],[121.55855387602453,24.937636143177585],[121.55993091061,24.93592854977817],[121.5605192209258,24.93461824844603],[121.56081586774216,24.933228471474333],[121.56069223433897,24.931111954045615],[121.55990014615263,24.929119294472137],[121.55850784268439,24.927422089148124],[121.55657576229949,24.926141106010128],[121.55728434166159,24.924270195500846],[121.55745006647017,24.920890600136236],[121.557099612003,24.918795310821153],[121.55598369418438,24.91580357127217],[121.55625494021417,24.91530110755023],[121.55755274663387,24.9139381088678],[121.55826954898221,24.912818661601882],[121.55885777246783,24.91150836439269],[121.55913161310302,24.910262690233342],[121.56076253372362,24.908127973442628],[121.56148869915997,24.906876554597403],[121.56193320876052,24.90551997609692],[121.5620376505375,24.903402592597597],[121.56172850987929,24.902015090270602],[121.56072626927516,24.900102815154227],[121.55973653782546,24.899012046821305],[121.5577259588318,24.89761148227806],[121.55680834150084,24.895917341195013],[121.55667314240591,24.89553191518397],[121.5579716946719,24.89416811882517],[121.55895658983856,24.892248385064583],[121.55925316289668,24.890858604810504],[121.55912961355679,24.8887420729166],[121.55867293801421,24.887388874706478],[121.55793563369349,24.886142941690892],[121.55694604023194,24.88505215044537],[121.55561433821138,24.88408915794961],[121.55545927848706,24.882612268451144],[121.55500266663913,24.88125905681544],[121.55426543643237,24.880013103377358],[121.55337797665211,24.87902416447401],[121.55439744654784,24.8776788950815],[121.55498555249686,24.876368609182666],[121.55528213596082,24.874978833762974],[121.55526640148142,24.87350670360908],[121.55775041787062,24.870568163030917],[121.5584764023162,24.86931675588861],[121.55892081922651,24.86796018134601],[121.55902529431897,24.86584278900544],[121.5587162894972,24.864455271263157],[121.55811653154761,24.863149411008667],[121.55724907585285,24.861975388328325],[121.55552139312312,24.86055841665033],[121.55414980919589,24.85989606950298],[121.5518940546261,24.859389410333325],[121.55034221840829,24.859395135800774],[121.54882141898695,24.85967695606925],[121.54739009050623,24.860224042892305],[121.546103231093,24.86101537541715],[121.54501029037883,24.86202054748921],[121.54413599477272,24.863234605884937],[121.54320968060725,24.863953383496963],[121.54222994238147,24.86505143556285],[121.5406731080129,24.867650777106174],[121.53990213304414,24.86956865473929],[121.53853956369039,24.870563214038473],[121.53716293741581,24.872270617501638],[121.53638884632078,24.87426905729307],[121.53625743106242,24.87593009165575],[121.5351432756117,24.877662467858954],[121.53469856513021,24.879018974890013],[121.53455249714526,24.880428560896114],[121.53471069504249,24.88183705696846],[121.53673192922143,24.88688993325527],[121.53778936933497,24.888274079277373],[121.53889128533473,24.889271281895113],[121.5401853247007,24.890053223469558],[121.54196351044347,24.89066661699875],[121.54079895093527,24.891720414805913],[121.53961223744147,24.893542710620448],[121.5390565461561,24.895600749924792],[121.53917976284698,24.897717302243414],[121.53968625461314,24.899310563812968],[121.54042345856479,24.900556586609568],[121.54141303551116,24.90164748554394],[121.5428749194526,24.902681078333398],[121.54466968296376,24.905403527789904],[121.54313765843403,24.906961536627833],[121.54113119559952,24.91051280908256],[121.54068644048478,24.91186932889522],[121.54057612066606,24.91389210441966],[121.5399462126704,24.915609294850142],[121.53986507754095,24.917868427339062],[121.53870070193074,24.919662701253877],[121.53825588929791,24.921019213161905],[121.53813510338813,24.921918294466845],[121.53675612379708,24.921066960632487],[121.53531935899065,24.920530294742353],[121.53301894768049,24.920227533958116],[121.53133112722045,24.92040510088703],[121.52956251812154,24.919476570419096],[121.52807502898092,24.919070839116383],[121.52575318153005,24.918975042425338],[121.52408117625973,24.919306300274265],[121.52244605125858,24.918999579890293],[121.52057843260667,24.919048750828132],[121.51931318046098,24.917076904346963],[121.51821116757012,24.916079562289816],[121.51642399788163,24.915086881803145],[121.51567108662869,24.91404311039704],[121.51576851749506,24.911975023608395],[121.51545986907247,24.91058741869472],[121.51499330774247,24.909535313398866],[121.51465970935566,24.90771746106846],[121.51365813997151,24.90580485985539],[121.51221007750964,24.904337467652923],[121.51166492005059,24.902451149174667],[121.51092799041936,24.901204980048625],[121.50889867751906,24.89904391264327],[121.50633096160284,24.897069950083605],[121.50503705573591,24.896287713382225],[121.50284621471114,24.895581054689487],[121.5013008284614,24.895447473708238],[121.49975656261356,24.895591434502325],[121.49827275245659,24.896007405823894],[121.49628393204848,24.897103705389124],[121.49519026924987,24.898108519505836],[121.4943325272703,24.899288627432107],[121.4937436727958,24.90059868244622],[121.49344634258178,24.901988342976836],[121.49345197240824,24.90340420672797],[121.49402482534795,24.905458348493756],[121.4952268369064,24.907272367926865],[121.4971103273448,24.908774502410573],[121.4991000247701,24.910805239635373],[121.49938001882872,24.912022151210863],[121.49985509799436,24.913090806910375],[121.50018985680794,24.914932194073668],[121.5007892710249,24.916238283991177],[121.501624339545,24.917373278975163],[121.50155101019294,24.919464648244634],[121.50185952752955,24.920852282417542],[121.50245898899831,24.922158363866266],[121.5033263646968,24.92333269722797],[121.50442832555134,24.924330149211947],[121.50622435421381,24.925326737025344],[121.50761049329769,24.927016245744582],[121.50881442768276,24.927910363465173],[121.5101865368672,24.928573112911],[121.51167408555942,24.92897902128179],[121.51426168497633,24.929038175747785],[121.51549645739226,24.930933189564477],[121.5172246883793,24.93235060269051],[121.51932977120536,24.933249505359218],[121.52099368185074,24.933526183457094],[121.52058520099993,24.93478830521463],[121.52043891924605,24.936197870624913],[121.52078881081525,24.93829325079284],[121.5217907615279,24.94020578977029],[121.5227805004372,24.941296804071733],[121.52360056586463,24.941933137509178],[121.52216703418948,24.943169709785323],[121.52097956649557,24.944991857458117],[121.52042335088076,24.94704982208801],[121.52052377294524,24.94922130616973],[121.51877341377595,24.950020143809386],[121.51691864516121,24.95162069644124],[121.51657762703712,24.950680882877464],[121.51584035235273,24.94943475146245],[121.51427260370544,24.947869694854194],[121.51284196220867,24.947029404057563],[121.51228164112007,24.945648186338385],[121.51286513630255,24.944022496620274],[121.51297043610633,24.94190514390819],[121.51244164521502,24.93892755165512],[121.51140390002165,24.9369710972191],[121.51095687862191,24.9356511650096],[121.51021975230998,24.934405000945205],[121.50923017862159,24.9333138995596],[121.50723797395244,24.931987674072953],[121.50504648646015,24.931281061233978],[121.50263070355876,24.93101750963002],[121.5003326781933,24.931336243241077],[121.49823504686401,24.9322494935587],[121.49651843547913,24.933678624129943],[121.49566046653072,24.93485873770198],[121.49381339225276,24.939746610043343],[121.49286521920789,24.938417968657326],[121.49176322243743,24.937420433565666],[121.49046898028068,24.93663807978376],[121.4882775010835,24.93593122061062],[121.48595535660154,24.935834808744012],[121.48443346484689,24.93611598713567],[121.48233563196453,24.937029016129408],[121.48104397754022,24.938027150930395],[121.4786629411924,24.93635608585288],[121.47657380738397,24.934620932853253],[121.4752796883084,24.933838444991228],[121.47308834153613,24.93313136017098],[121.47151141757475,24.932998969551416],[121.47167539684713,24.932103196601126],[121.47167000841314,24.93068733374527],[121.47136180139245,24.929299634189135],[121.4707626293841,24.927993424521702],[121.46989552530957,24.926818898271044],[121.46816790381169,24.925400925962034],[121.46679604767647,24.924737785564943],[121.46476145959414,24.924259147550522],[121.4651202568047,24.922095503228704],[121.4649627875682,24.920686929557196],[121.46450700935544,24.919333434567392],[121.46330532259093,24.917519165520527],[121.46220374859338,24.916521402851444],[121.4609099089687,24.915738784277853],[121.45947352111538,24.915201381220495],[121.45794977721008,24.91492984265815],[121.45562880576072,24.915040953732944],[121.45344312116706,24.915761674726316],[121.45154863256326,24.91706265964701],[121.44987910351803,24.917200890931653],[121.44769334622833,24.917921528450076],[121.44535749184475,24.919572181696797],[121.4439198576273,24.919181622814836],[121.4423742296832,24.91904743510342],[121.4411126514502,24.919151644140438],[121.44042971860445,24.918888629767892],[121.44052001152264,24.91783681365563],[121.44036731125675,24.91645517267603],[121.44101613419434,24.915054385343396],[121.44133310751197,24.913286607521012],[121.44222233192089,24.910946228769408],[121.44236947961625,24.90953672265051],[121.44221228671846,24.908128118723695],[121.44175680405793,24.90677454778451],[121.44055557170991,24.904960085994322],[121.4394542910837,24.903962149492905],[121.4374571284915,24.9028783427978],[121.43597012427934,24.902471684583197],[121.4344247120626,24.90233741121908],[121.43212702336226,24.902655089828066],[121.43069466888801,24.90320106964708],[121.42940660756761,24.903991409310244],[121.42831233515822,24.904995740809568],[121.42759436405368,24.905930757056645],[121.42641238153239,24.90454694913076],[121.42454143302844,24.90328965790457],[121.42235090581939,24.90258181307673],[121.42002942024683,24.902484364637083],[121.41777686761635,24.903005703837525],[121.41641000208884,24.903676972220627],[121.41521297016597,24.904578541076724],[121.414044189033,24.905829448590808],[121.41240210482285,24.904759952536956],[121.41032105082681,24.904076609637382],[121.40876563481116,24.90252316063297],[121.40747227223065,24.901740070565758],[121.40564279523147,24.901113389227405],[121.40415573087884,24.89964331200593],[121.40286242706476,24.89886018092462],[121.40067209716308,24.898152014784362],[121.39912677130926,24.898017374520087],[121.39674906788909,24.898344508541935],[121.39465120388397,24.8992563086406],[121.39293382978929,24.90068426309383],[121.39206210705969,24.90188901704262],[121.3904631551577,24.902927215561434],[121.38870840958337,24.90341508973414],[121.38734137833715,24.904086093758917],[121.38574363128718,24.905392745829833],[121.38287893618984,24.904926136497053],[121.38127235750088,24.904328726723474],[121.38153861009891,24.903479636280228],[121.38237461334583,24.902095415147887],[121.38323451785135,24.90017537475315],[121.38368096242914,24.898819298894395],[121.38382876369899,24.897409839961743],[121.38367225181263,24.896001163420806],[121.38332507115761,24.894919327856755],[121.3834561434937,24.89355811947497],[121.3844040600738,24.892035325728507],[121.38485046383663,24.890679245400165],[121.38499824345782,24.88926978405156],[121.38487159925135,24.888041271650742],[121.38556482562588,24.88633696236005],[121.38687583377293,24.884965776290763],[121.38760363524175,24.88371517679649],[121.38804997534132,24.882359086175043],[121.38817529003322,24.881391633688366],[121.39017224339013,24.880931890656992],[121.3913666143765,24.881129912474933],[121.39291875761982,24.881125835220853],[121.39514677809396,24.880612859866215],[121.3975231083582,24.880942650423645],[121.40040918804955,24.880825790071068],[121.40193060817323,24.880545473554946],[121.40311539564551,24.880107345264797],[121.40509076861922,24.879805423078018],[121.40865305994951,24.87862963519761],[121.41213891277879,24.876207647163664],[121.41376809959438,24.876059588302848],[121.41525196976116,24.875644455348485],[121.41661853554858,24.874973198997864],[121.41754196300627,24.874298997494584],[121.41904343481384,24.87369937326999],[121.4201432514024,24.87303714407673],[121.42261357079738,24.87223928295341],[121.42390135022556,24.871449002378963],[121.42505656910771,24.870368925709247],[121.42561113071295,24.870127705865244],[121.43023083301368,24.870355618806187],[121.43222808198547,24.869918057136957],[121.43463920048477,24.869819360235514],[121.43612292341511,24.869404021452304],[121.43748930530526,24.868732575965534],[121.43868583137258,24.86783083095308],[121.4400637787788,24.8661243147948],[121.44137295509127,24.863144424839017],[121.44167153559016,24.861739912746998],[121.44300339724197,24.859772470959662],[121.44370306106265,24.857728471736777],[121.44525310182162,24.857303842955286],[121.44724175361947,24.856208220101657],[121.44879615616644,24.854633052600995],[121.44978244937623,24.852714007716664],[121.45011571615446,24.850616363555496],[121.44995852133367,24.849207756888415],[121.44950318142838,24.84785419709278],[121.44821241659132,24.845879780622685],[121.44648617976625,24.844461522422343],[121.44438312205264,24.843561551496016],[121.44208433557449,24.843257361492398],[121.43978775804908,24.843575145232535],[121.43835611502142,24.844121193091343],[121.43663173644764,24.845275317442674],[121.43503740496979,24.84570599932822],[121.43367126042551,24.846377421179092],[121.431898827607,24.84759142196385],[121.43080506487426,24.848595772330032],[121.42961712335001,24.850417222249163],[121.428587620734,24.853015300953032],[121.42775345638586,24.855711537633905],[121.42542132747425,24.855820545827708],[121.42329544258898,24.85651517643108],[121.42095970561483,24.85641432219739],[121.41870798926992,24.856935667626654],[121.41734163182207,24.85760694197417],[121.41614504540884,24.858508517975796],[121.4153387015087,24.859389723897912],[121.41377709736031,24.860252796788103],[121.41129696162622,24.86109051594938],[121.40979289346878,24.862060644155857],[121.4082570682467,24.862630439459593],[121.40714247986523,24.863302656386004],[121.4054723573069,24.863440330003744],[121.40398859805514,24.863855365008156],[121.40262208359545,24.864526506082342],[121.4011909484841,24.865665287324138],[121.39940762269897,24.866214903970633],[121.3961628454329,24.866460228950203],[121.39440084787408,24.8669961010911],[121.38911738661187,24.866307335119345],[121.38492347832589,24.866880103626574],[121.38316620623921,24.867413765450383],[121.38133454445203,24.866282434389234],[121.38029256142596,24.865108645545384],[121.37917235028802,24.864268757864174],[121.3781725634581,24.863158723461385],[121.376940376236,24.862247322244517],[121.37552549745087,24.860864246390147],[121.37351985272983,24.859776414945557],[121.36990034613352,24.856843724098148],[121.36852976387127,24.856179657928585],[121.367084852107,24.8557816355261],[121.36599032771548,24.854001302497355],[121.36491081216712,24.852833660556293],[121.36452537237432,24.851728325986432],[121.36379021590237,24.850481398658832],[121.36222562846883,24.848914681767596],[121.36093311616786,24.848131172807125],[121.35781451505598,24.846953484120906],[121.35630576027198,24.845454876086777],[121.35431025428275,24.84436992848359],[121.35205554727126,24.843860236142977],[121.34948569425724,24.8435402472195],[121.34793401251989,24.843543867781158]],[[121.47372885258761,25.14976674715328],[121.472271009072,25.149047800682478],[121.4709947711391,25.148689584244405],[121.46980441603574,25.146847521333605],[121.46967143114917,25.14637132335207],[121.4706909991866,25.144580755278245],[121.471186405787,25.142915822995793],[121.47216083691858,25.141360685930596],[121.47252814142466,25.14029576020789],[121.47469459605436,25.141661547695044],[121.47650602644056,25.142282368547285],[121.47479696925282,25.143998792130773],[121.4738088181228,25.145917955954253],[121.47347524425194,25.148015575896167],[121.47372885258761,25.14976674715328]],[[121.48400692982923,25.12989220816008],[121.4790049517485,25.12621626708002],[121.47935625208386,25.12510404909605],[121.47950318810395,25.123694549132672],[121.47934525677267,25.122286034963825],[121.47888853740992,25.12093263391251],[121.47768462469669,25.11911856205019],[121.47433112024575,25.115851035136807],[121.4709051740617,25.114038625894676],[121.4694664204072,25.113501367726087],[121.46794019942482,25.11322997443941],[121.46638515328084,25.113234873922185],[121.46486103117914,25.113515878071347],[121.46360308348326,25.113985426962444],[121.46266141158564,25.112946821393624],[121.4630988853214,25.112141173289476],[121.46354517835375,25.110784897747426],[121.46369228175188,25.109375408361352],[121.4635345526086,25.107966871745187],[121.46274283388668,25.10597373498568],[121.4618745248017,25.10479920695724],[121.46084942349296,25.10386554383204],[121.46074341929837,25.103361726915747],[121.46266445408318,25.10340517245478],[121.46492044900569,25.102883119397166],[121.46691283785357,25.101787215904874],[121.46803569792628,25.10074898248596],[121.46952972361629,25.101118496821126],[121.47107766017311,25.10125236602893],[121.47337892642648,25.100934043122937],[121.47547959351368,25.100021118197752],[121.47768513118531,25.09820796792662],[121.47967949790448,25.097160955958085],[121.48222502809223,25.09707856229258],[121.48455516322755,25.096279567979046],[121.48596072397486,25.096658654582132],[121.48889118978903,25.097020136982067],[121.49044602575927,25.09701500455808],[121.49196988082097,25.096733740755653],[121.49692042652671,25.09461046959067],[121.49857203118056,25.09324935657648],[121.50053393569142,25.09216606109591],[121.5019499138126,25.090764397969725],[121.50351162051534,25.092320100281285],[121.50480759468864,25.09310229762325],[121.50700197244046,25.09380885350067],[121.50919201198883,25.093911396244778],[121.50921988466158,25.09488521433039],[121.50967890581438,25.097262800047748],[121.51027934177499,25.098568804318493],[121.5117520051674,25.100395685058153],[121.5110178600439,25.101331316376477],[121.5095382569246,25.10204007093308],[121.50834001980326,25.102942383517654],[121.5061994354039,25.104979268406108],[121.50532025975444,25.106198577642903],[121.50429833623753,25.106719916739774],[121.50310001490396,25.10762218773292],[121.50205027807426,25.10882376214266],[121.50075000988643,25.109782100005607],[121.49955054483826,25.111212961339188],[121.49851486911594,25.11186407937972],[121.496340001143,25.11382193534317],[121.49535790075637,25.114919680472763],[121.49401408235336,25.11698926601947],[121.4926077962646,25.11843956123462],[121.49162012406687,25.120358843184704],[121.4913222858257,25.121748467023576],[121.49134457200435,25.123263820562453],[121.48963330805405,25.127706907456382],[121.48948648448932,25.12911641503349],[121.48983118994747,25.131192948639125],[121.48637638256429,25.130909084511515],[121.48400692982923,25.12989220816008]],[[121.48174907189302,24.97774852723608],[121.48212685087115,24.976204069789794],[121.48227360834292,24.974794542050308],[121.48192425229571,24.97269907312877],[121.480922640107,24.970786268818532],[121.47944461690842,24.969294320803964],[121.48144139287494,24.969710217060303],[121.482994626816,24.96970518663168],[121.48451693365584,24.969424017917085],[121.48594980260096,24.968877518007613],[121.48723816221205,24.96808669197655],[121.48833249784828,24.967081935149864],[121.49101797530852,24.96295507350158],[121.49322380399127,24.962838589494933],[121.49470646716287,24.962423306468835],[121.49668499207006,24.96349283432888],[121.49903809692096,24.96421919451046],[121.50334320362579,24.965168916796596],[121.50487752134882,24.96530196742924],[121.50569059392886,24.965625585645416],[121.50641438100655,24.966582829128253],[121.50867225036164,24.968667791577253],[121.5086778446556,24.970085070766217],[121.50911627944036,24.97179923296187],[121.50893743056422,24.97179183643792],[121.5085989973655,24.970861260244675],[121.5078616781366,24.969615093329296],[121.50636183378883,24.967954004347035],[121.50515752188402,24.967059877464568],[121.50304917254677,24.965827787956282],[121.5016120244422,24.96529080625456],[121.50008757779504,24.965019711088743],[121.49853440665484,24.96502491891307],[121.49701218825221,24.965306229787313],[121.49491396073151,24.966219438503714],[121.4937169145493,24.967121630804634],[121.49273593407153,24.96821936265411],[121.49159856499267,24.970068591904],[121.49100935878262,24.971378629336204],[121.4906950140799,24.9731053868634],[121.48947835953835,24.974648497360565],[121.48888910979403,24.975958526273985],[121.48859155960061,24.977348166722788],[121.48870560184706,24.979414258345727],[121.4871503659005,24.978418176535936],[121.48571313668947,24.977881043449464],[121.48341176387171,24.977577533830356],[121.48174907189302,24.97774852723608]],[[121.47373564580614,24.96762565874821],[121.47129234201657,24.96815692159636],[121.46992506175796,24.96882868094704],[121.46872780484723,24.969730675129327],[121.4674611205872,24.971265786820066],[121.46720561202832,24.96633678063009],[121.46674963270151,24.964983303563024],[121.46570340042915,24.963359377866727],[121.46769062248254,24.963780164896875],[121.46980151820577,24.96369806239656],[121.47146841493667,24.96475522053044],[121.47225774640413,24.966133637669284],[121.47373564580614,24.96762565874821]],[[121.42454093407528,25.14274691214762],[121.42193761630372,25.142820826937513],[121.41985076828331,25.143496361051476],[121.4187779937589,25.14193096172621],[121.41704789428464,25.1405124690457],[121.41567389209372,25.139848904581967],[121.41341353095235,25.13934023082937],[121.41175814875359,25.139334562024672],[121.41023356973155,25.139615009417362],[121.40879837892167,25.140160797918504],[121.40744026307414,25.141006950437227],[121.40711580478623,25.13933278157169],[121.40611394813538,25.13741951813744],[121.4045451408348,25.1358533570056],[121.40288458669544,25.13491445658022],[121.4053757920485,25.134605122354568],[121.40681093400872,25.134059367222093],[121.40810152301543,25.133269214758037],[121.40919795868231,25.132265034424297],[121.41005810580869,25.131085420945993],[121.41084322318014,25.129041067227593],[121.41099356690452,25.13033080114483],[121.41144957823579,25.13168441933583],[121.41265264772221,25.133499037708063],[121.41438259712604,25.13491758496596],[121.41649044035567,25.135817881679888],[121.41801683777143,25.136089801670376],[121.42034201069782,25.13597922462712],[121.42253177960649,25.135258956355468],[121.42419762269559,25.134157023038096],[121.42617694163818,25.133854781753605],[121.42761197929158,25.133308826412666],[121.42890242380804,25.132518494540832],[121.4304604848755,25.130943526483502],[121.43224925303855,25.128028295884143],[121.43312857629049,25.127204036609136],[121.43398845671264,25.126024286907196],[121.4348901210309,25.123738675007274],[121.43617854842996,25.123102288616266],[121.43737751938885,25.122200551220004],[121.43836020139896,25.121103183082795],[121.43908883277928,25.11985235996001],[121.4395354185713,25.118496154042067],[121.43968280546478,25.11708668599486],[121.43938266324811,25.11516659871513],[121.4394718690291,25.113158893837856],[121.4388218965769,25.110957608010462],[121.44074420886679,25.110063354447583],[121.44287180211406,25.109443178769833],[121.44456393126039,25.110550827966],[121.44698651104694,25.111288393941066],[121.44833985719413,25.11256286489799],[121.4489691870145,25.113602651447707],[121.44983464565152,25.11456931967183],[121.4492610804498,25.11584665589968],[121.44903426892999,25.116787083239938],[121.44811092739994,25.118606599829306],[121.44780966946004,25.120054384894985],[121.44703169153489,25.120670042287166],[121.44604909132396,25.121767466868075],[121.44532052033152,25.12301832306832],[121.44436057550243,25.125236414229434],[121.4433819969499,25.12967591668463],[121.44342558743722,25.131322661519576],[121.4424601105497,25.133206325364213],[121.44214642991074,25.13489880300048],[121.44126991574673,25.13664626793031],[121.44095918884577,25.138279615005345],[121.4403162333786,25.139194134670724],[121.43859722611073,25.138042563262513],[121.4374836690249,25.13703226181184],[121.43548271514751,25.135948513497507],[121.43322234879133,25.135440141810705],[121.43089720087433,25.13555092069743],[121.42870747781913,25.136271311992736],[121.42684173128129,25.137539286154595],[121.42585881596457,25.13863657860135],[121.42512994041596,25.139887336784913],[121.42468312084875,25.141243498533978],[121.42454093407528,25.14274691214762]],[[121.42691926318574,25.082391197431292],[121.4250543066106,25.083659147757928],[121.4229379450757,25.08598874751734],[121.421243074942,25.086767351975304],[121.42004432491872,25.087668960233426],[121.41867798101715,25.089353390104336],[121.41648317522097,25.09028721141312],[121.41487526751607,25.091602352697343],[121.41397962619735,25.09197087273575],[121.41259084122838,25.092843007448653],[121.41207784093803,25.091654595824203],[121.41243098290798,25.0883981673547],[121.41208245685901,25.086302554386826],[121.41148311868923,25.084996135208893],[121.40989090884352,25.08251935890926],[121.4089010008186,25.081427615792563],[121.40796758551203,25.08071482742298],[121.40766909369466,25.07980685067861],[121.40898490609281,25.07955512739467],[121.41041939276678,25.07900934159914],[121.41170938577915,25.07821915948635],[121.41246384870033,25.077560178244227],[121.4138670396757,25.077164240875852],[121.41523582457943,25.076492986458035],[121.41643450286674,25.075591416638133],[121.4172889243533,25.074652491286628],[121.41860951198794,25.073848926344564],[121.41943522235803,25.073146969537408],[121.42060625162779,25.073775241154486],[121.42174584564327,25.07546940660293],[121.42347507157776,25.07688786806956],[121.42484840590116,25.07755137447092],[121.42641790143371,25.0779687333119],[121.42735101456105,25.078388679166245],[121.42771305222956,25.079405195903394],[121.4283725024645,25.08053446396097],[121.42855520092935,25.081466778658932],[121.42791337766742,25.08199015540117],[121.42691926318574,25.082391197431292]],[[121.42658153861429,24.97531957068258],[121.42480582040258,24.97565451787242],[121.42286632629849,24.974901331074513],[121.42129366007883,24.973889769136925],[121.42012314972864,24.97343803079295],[121.42237114029454,24.973525559087168],[121.42438674725918,24.973082595055104],[121.42491650419153,24.973439284629215],[121.42572093527414,24.974519564012784],[121.42658153861429,24.97531957068258]],[[121.43580336035404,24.95586824279518],[121.43423652577246,24.954302331678388],[121.43294246019904,24.953519477294357],[121.43150574841891,24.952981811798814],[121.4298129971719,24.952702930390572],[121.42801114447589,24.952161798559356],[121.42646511904981,24.95202745178715],[121.424920049236,24.9521706475909],[121.42274555071005,24.952885699722533],[121.42031903171052,24.951561350211325],[121.41959449515892,24.950885285361814],[121.4191253207371,24.949905814602165],[121.41731851413995,24.947381024861198],[121.41566704271091,24.945932942953018],[121.41383944393402,24.94492157839974],[121.41293849919411,24.943681202421313],[121.4116308541657,24.942544492917115],[121.41049845385474,24.940861301335595],[121.40906218011544,24.93950510792287],[121.41050609934308,24.938590846128733],[121.41252509701171,24.93790946192152],[121.41535716813507,24.936091338518086],[121.4166039516303,24.936548020617984],[121.42015799425897,24.937219986963736],[121.4217108338222,24.937215601153383],[121.42396398823111,24.936694196941776],[121.42533117293802,24.936022858018337],[121.42654958881555,24.93509978743889],[121.42857126211334,24.934212762142696],[121.42976847787187,24.933311087119765],[121.43089135045712,24.931996789895713],[121.43199348954741,24.931252879993593],[121.43249661583053,24.931382989678514],[121.43446860286562,24.932740661718977],[121.43590509085547,24.933278303108178],[121.43820553450588,24.933582561894553],[121.44021741619028,24.933331087707653],[121.44133594934249,24.93354807322452],[121.4435154963203,24.93449841257455],[121.44511708306698,24.934773339923556],[121.44567866395684,24.93514436573529],[121.44449776225191,24.935164549581945],[121.44297577731808,24.935445305885448],[121.44087764017934,24.936357755598497],[121.43916029969903,24.937786235116935],[121.43797164950831,24.93960773980002],[121.43752566130466,24.940963964996175],[121.43737842704154,24.94237346167806],[121.43772693639524,24.944469055498924],[121.43872766613276,24.94638216953107],[121.43971673347372,24.947473744727343],[121.44066502605584,24.94819691113825],[121.44009507883004,24.949794108774658],[121.43996564019231,24.951784784416645],[121.43784841360531,24.95427688478482],[121.43685032003708,24.956235810259493],[121.43624627291356,24.95655352880656],[121.43580336035404,24.95586824279518]],[[121.39396232132255,24.928494364999658],[121.3923705642058,24.928093964770188],[121.39068484782747,24.92639827077263],[121.3888139216859,24.92514053458068],[121.38334792776892,24.923242492942432],[121.38217287160606,24.923016421588237],[121.38093206484696,24.922083432081138],[121.37852025444232,24.920732062736707],[121.37805367312824,24.91903537098345],[121.37886212722154,24.91874178475696],[121.38076668876222,24.919327799137214],[121.38474240520685,24.919872623792738],[121.38692841999219,24.919581591695415],[121.38938729886591,24.919489813899553],[121.39381352499349,24.91796996965881],[121.39510196158238,24.917179934108468],[121.39608088038172,24.91632323810059],[121.39830367754276,24.91551985680987],[121.39936016583545,24.914887590368927],[121.40030281681581,24.91620853284833],[121.4014038972746,24.917206759486913],[121.4035778188846,24.91834820856622],[121.40469279783879,24.919998710603704],[121.40579394726133,24.920996903449918],[121.40708750212718,24.921780003633923],[121.4085457817825,24.922322881728807],[121.40721680020788,24.92313067024118],[121.40589596919875,24.924356750510263],[121.40353646043441,24.925975584554926],[121.40237709711036,24.926315406053195],[121.39950234145003,24.92754428297923],[121.39570401135228,24.928703586360395],[121.39396232132255,24.928494364999658]],[[121.35078840657047,24.96435579343833],[121.35071408468613,24.96437295043722],[121.35071292968412,24.964352591630448],[121.35078840657047,24.96435579343833]],[[121.37808603753912,25.13463426403114],[121.37748681549144,25.133327714422563],[121.37661911639097,25.1321526834725],[121.3755162892151,25.13115432262208],[121.3736431856949,25.130124112325912],[121.37570936256793,25.129929735871457],[121.37719640637262,25.129514958005192],[121.3785659750795,25.12884403725531],[121.38028665621682,25.12741625245327],[121.38114705018725,25.1262368030575],[121.38186570706065,25.12445795426566],[121.38337776343964,25.122065130908805],[121.38394383324078,25.11987355850462],[121.38498837361252,25.11872558722492],[121.38579379195313,25.11727922820784],[121.38671661434314,25.116036549473353],[121.3872162299244,25.114961549622773],[121.38763040883438,25.11482540065981],[121.3877641391851,25.11668957775319],[121.38858039805218,25.118721877187056],[121.38696015626176,25.119310204017104],[121.38509422588909,25.120577657662558],[121.38371272489893,25.122283651966143],[121.38293463769428,25.124281282249694],[121.38278659155651,25.125690700751296],[121.38295332081479,25.128709332894978],[121.38340901807936,25.130063041492456],[121.3842363088454,25.131419902624447],[121.38259919947576,25.132360082656675],[121.3815025425917,25.13336406881263],[121.38059809709898,25.134628839463023],[121.37918922256839,25.135469968433735],[121.37840170721415,25.13616162754424],[121.37808603753912,25.13463426403114]],[[121.37096528882664,25.110117101853906],[121.3699820848109,25.111214031192787],[121.36925279495087,25.112464524112116],[121.3686933285783,25.11452191842849],[121.36869592878791,25.11600896229891],[121.3677084721608,25.117916527250593],[121.3655964920447,25.118224254218187],[121.36378590642403,25.118925595962132],[121.36143382806281,25.119533397806382],[121.36197674865144,25.1175188589548],[121.36197257837246,25.116103011599286],[121.36166510636572,25.114715109432332],[121.36106615809987,25.113408486853178],[121.36019875800916,25.11223335325989],[121.35846974837868,25.110814158213213],[121.35636275020094,25.109913023391524],[121.35475297317484,25.10963691312611],[121.35482234645764,25.108721232400754],[121.3546658639185,25.10731256454953],[121.35389961302035,25.10536415676298],[121.35499749893677,25.10575699821221],[121.3565233948666,25.1060295584714],[121.35884806842822,25.105919951595347],[121.36103767767584,25.105200590877725],[121.36290362907202,25.10393343717673],[121.36428521885817,25.10222763159506],[121.36506347587897,25.10023009137092],[121.36517140377688,25.098112852606917],[121.3645997416973,25.096058251510517],[121.36378309467469,25.09471138539948],[121.36221537325378,25.093144754650915],[121.3609202858859,25.09236129999531],[121.35872673951894,25.091652572086172],[121.35640173278205,25.091554174964994],[121.35487761053531,25.09183404949207],[121.35277616174398,25.09274527690913],[121.35128582283014,25.093940263848015],[121.34945031003343,25.093009431452803],[121.35137678011426,25.092350856313345],[121.35266729806143,25.091561182868933],[121.3535361389588,25.090787377464814],[121.35497689916585,25.09024076564682],[121.3562673716397,25.089451061159462],[121.35736385038237,25.08844725780824],[121.35847624076636,25.086779291266467],[121.36006051177964,25.085678548842566],[121.36164237600447,25.085395893398893],[121.36264485665137,25.085038054201956],[121.36509945277777,25.087670160253072],[121.36620305761362,25.08929714331228],[121.36722214165317,25.090227215413424],[121.36740431966666,25.090963199796068],[121.36728902996386,25.093107675533403],[121.36759650794733,25.09449556996946],[121.36819543039405,25.095802169757214],[121.36885871601402,25.096728124336398],[121.36939055802894,25.09854234286429],[121.3708872341286,25.101149217078678],[121.37187696969329,25.102241213071327],[121.37308166878313,25.103136399204008],[121.37518866943647,25.104037297234637],[121.37698760417048,25.10432116644068],[121.3772121151279,25.104750284884517],[121.37700418638316,25.10577764036466],[121.37573114186078,25.106269896522722],[121.37444062167641,25.10705976913604],[121.37334412016843,25.108063696504214],[121.37269049910513,25.108927096699542],[121.37096528882664,25.110117101853906]],[[121.32234605914677,25.114616190949214],[121.32427619775682,25.114490328550538],[121.32576323564068,25.114076065930536],[121.32860970930437,25.112453007900143],[121.32986409271626,25.113183477835985],[121.32773457133963,25.114230240541303],[121.32612351247552,25.114369717011684],[121.32463647230882,25.114783983252146],[121.32326675844405,25.115454408464384],[121.32205389984128,25.116368457786272],[121.32058618502866,25.115201666814283],[121.32234605914677,25.114616190949214]],[[121.41037038243199,25.124915994655343],[121.40963309990407,25.123669364948537],[121.40864285725947,25.1225776303102],[121.4074377107842,25.12168274091429],[121.40566016436202,25.12088878660544],[121.4066805010095,25.12047938742296],[121.40797094952309,25.11968923643325],[121.40952912221042,25.118114484330537],[121.41051806813488,25.11619573147709],[121.41083428617505,25.114460938922832],[121.41296021614573,25.111563315624398],[121.41435704514689,25.11088296975787],[121.41555606121148,25.109981406820886],[121.41653884438126,25.108884180243205],[121.4170357741439,25.108083399621282],[121.41898091277095,25.10700887117802],[121.42007702729926,25.106004610972168],[121.42083752303478,25.104976956630303],[121.42273720082609,25.10411272294201],[121.42431838716487,25.102944610377502],[121.4237054584563,25.104623409496895],[121.42356881142204,25.10581681917226],[121.42248197999407,25.108275268912195],[121.42218338466681,25.109664766550292],[121.4223048784572,25.111781381068916],[121.42286887200798,25.113341063137337],[121.4215220342012,25.11451572398236],[121.42030155373348,25.11641391994989],[121.41906197211955,25.11751562457095],[121.41808981461914,25.118912992779215],[121.41695192612774,25.119945539111605],[121.41609192217305,25.121125192525714],[121.41555169123647,25.122305229272964],[121.41371818155461,25.123331149457442],[121.41262186198522,25.124335362959403],[121.41143106129928,25.12615663850788],[121.41097670565433,25.127559349853623],[121.41082636590937,25.126269616091935],[121.41037038243199,25.124915994655343]],[[121.3996956147225,25.13423555026203],[121.39937024826148,25.134234065430963],[121.39909146224541,25.133949960401562],[121.39933087215576,25.13407971349626],[121.3996956147225,25.13423555026203]],[[121.39802557066047,25.122112508356143],[121.39775206821362,25.122335514370565],[121.39767993067349,25.122208020794343],[121.39802557066047,25.122112508356143]],[[121.39473937436463,25.108074424854145],[121.39278914787491,25.108494750722915],[121.39296217020602,25.106519193992927],[121.39268116169889,25.104664986937937],[121.39412781623652,25.10307519484053],[121.39486341616677,25.10180758032471],[121.39517646289242,25.103286978260225],[121.39577572090121,25.104593461149364],[121.39680339695113,25.10601839099255],[121.39748161378621,25.106668303561992],[121.39700597805867,25.10816444407612],[121.39473937436463,25.108074424854145]],[[121.39497414133409,25.094786904295326],[121.39426761069949,25.093808516799665],[121.39400669637654,25.092217651720016],[121.39461907580473,25.09025571100088],[121.39539525791965,25.089897359415865],[121.39624250880748,25.090509589087308],[121.39657715848466,25.09236704434343],[121.39709064382141,25.093509705884912],[121.39692858732161,25.094971433182682],[121.39700747888541,25.09591039378617],[121.3968196811894,25.096396633992093],[121.39588684819735,25.09758072771213],[121.3955733544597,25.096093390027526],[121.39497414133409,25.094786904295326]],[[121.41425580827229,24.972977460761218],[121.41153526706957,24.97321330978554],[121.40892540659539,24.972204090870715],[121.40806001796051,24.971031399968247],[121.40709269513408,24.970143521409067],[121.4065967498745,24.969096392076988],[121.4056222062115,24.967813774418804],[121.40775025085922,24.967885654571756],[121.40911086489656,24.967642682842467],[121.40984454824175,24.9684226395357],[121.4110481977071,24.969317546608234],[121.41242026148942,24.96998119372915],[121.41435763087013,24.970447591613564],[121.41718839380248,24.97235772236931],[121.41902707393979,24.973171997580604],[121.4175556154956,24.97304746386256],[121.41609756083197,24.973178518245376],[121.41425580827229,24.972977460761218]],[[121.4478987886732,25.15575573999358],[121.44784230199262,25.155842164534825],[121.44786526487117,25.155778526774604],[121.4478987886732,25.15575573999358]],[[121.4512786383745,25.152969302386367],[121.45096470012813,25.15314186981554],[121.45134844829468,25.152530846419765],[121.4512786383745,25.152969302386367]],[[121.44186497984155,25.16156288414415],[121.44097216105378,25.16228876177769],[121.44087733482787,25.16229328482615],[121.44109982608869,25.161952928769708],[121.44186497984155,25.16156288414415]],[[121.44348472180228,25.160312334422905],[121.44421779878022,25.15997167009775],[121.44375099414884,25.16057967792819],[121.44243457685103,25.161197266083906],[121.44348472180228,25.160312334422905]],[[121.44753198835129,25.07605992153058],[121.44569752933015,25.07490900602725],[121.4467690339103,25.074131685244616],[121.44730432457868,25.07442170957764],[121.44788483647265,25.075138361497395],[121.44753198835129,25.07605992153058]],[[121.45039962587124,24.96833608990097],[121.44941692919154,24.966978432125874],[121.44864131138345,24.965192683822753],[121.44872434082998,24.96457569133476],[121.45173636010145,24.96264792570574],[121.45283094123735,24.96164342556271],[121.45368950375712,24.96046355415854],[121.45427905772425,24.959153657473585],[121.4546123181007,24.95737689033932],[121.4554752556941,24.95524548877671],[121.45567632150345,24.95290013579039],[121.45664859348568,24.951003545479235],[121.4569464453685,24.94961395963987],[121.45694122102478,24.948198097147557],[121.45636876997811,24.94614381848137],[121.45516693446487,24.944329492344398],[121.45406518292319,24.943331675577273],[121.45319872538988,24.9427809132709],[121.45306419901759,24.94091753324236],[121.4523659311094,24.939100435265225],[121.45366130392394,24.93997878106232],[121.45503326199584,24.940642039587534],[121.45652078548962,24.941048498316352],[121.45832671622674,24.941192534587277],[121.45987160487647,24.941048994580953],[121.46135608702997,24.940633397961328],[121.46272310647292,24.939961718576267],[121.46356993085342,24.939351158845867],[121.46349858940985,24.940284848255644],[121.46365607081681,24.941693419663473],[121.46411192627701,24.9430469121517],[121.46484864591841,24.94429330905946],[121.46583792352308,24.945384708129712],[121.46860160614261,24.947428877631967],[121.46981020796487,24.948656195794733],[121.46889832677411,24.949387710994884],[121.46686769429347,24.949511120458464],[121.4646814733509,24.95023201074757],[121.46281888526366,24.95150042399245],[121.46144032582667,24.95320713990083],[121.46066452614882,24.955205191509314],[121.46055832407791,24.957322517072715],[121.46113089924349,24.959376774830904],[121.46217703800757,24.961000733976558],[121.46018987770792,24.96057987319418],[121.45863675319825,24.960584664099322],[121.45638332045648,24.96110659502075],[121.45501603413123,24.96177821815455],[121.45329851184299,24.963206858444504],[121.45210983374422,24.965028470244384],[121.45155238452591,24.967086190608796],[121.45152871256192,24.96947633943338],[121.45039962587124,24.96833608990097]],[[121.48900761417251,25.21173711935194],[121.49029847073403,25.210946254411613],[121.49127194295689,25.210065809266943],[121.49220164319688,25.210932160346026],[121.48994194431022,25.211663012437743],[121.48813787390927,25.21288012206303],[121.48791078250362,25.212172117682865],[121.48900761417251,25.21173711935194]],[[121.4921667383534,25.04320120813595],[121.49060204301239,25.042198118645167],[121.48815171311287,25.04145743657856],[121.48799996400525,25.03992564434283],[121.4876883063219,25.0389368781479],[121.48824444579985,25.037691824116422],[121.48850489145308,25.036536750734168],[121.48927481152066,25.037115442359028],[121.49000211057238,25.038877834556033],[121.49087020904066,25.040052211363925],[121.49197312938261,25.041049725467843],[121.49302533430996,25.041700361542627],[121.49445464740785,25.043198907359095],[121.49454406940596,25.043829572894236],[121.4921667383534,25.04320120813595]],[[121.52014929268653,25.078870446766235],[121.52101366594646,25.078731808022937],[121.51997527488949,25.079384780698575],[121.51910347777512,25.08016369465738],[121.51912886017965,25.079813367985718],[121.52014929268653,25.078870446766235]],[[121.52508859283543,25.04744347423312],[121.52606120148036,25.044578686710512],[121.52687177563124,25.043911861244474],[121.52759281002417,25.04564958623454],[121.52846131122264,25.046823735875947],[121.52956459195677,25.047820964189974],[121.53061527109635,25.048470367402867],[121.53151175604003,25.049523401239593],[121.53043383167967,25.050785083585],[121.52744919661689,25.05075031331945],[121.52644522258947,25.048834257125396],[121.52508859283543,25.04744347423312]],[[121.64253369050766,25.052985969037277],[121.64115950204048,25.05232448940309],[121.63982543375593,25.051954658742645],[121.63803156801887,25.051029111230836],[121.6372248709771,25.05030152023157],[121.63663351359291,25.048427441106522],[121.63811546692018,25.047716200630113],[121.63967284855698,25.046446911251028],[121.64036590177263,25.046567918295622],[121.64049162375478,25.04867271062561],[121.64094982446937,25.050025600458152],[121.64215541769723,25.051838333594436],[121.64381469760733,25.053205971576812],[121.64392965798139,25.053750689536585],[121.64345255214282,25.053644021146997],[121.64253369050766,25.052985969037277]],[[121.598342454824,25.07733935044259],[121.59602032916816,25.07735359943691],[121.5956559681625,25.0762993732452],[121.59664270428686,25.07519611074126],[121.59736944792283,25.07394453352566],[121.59781412252273,25.072587874381547],[121.59800818239258,25.070947235952698],[121.59917848641638,25.071190446125012],[121.59852568177853,25.072952575268385],[121.59838016090534,25.07436217845336],[121.59853938007514,25.075770552751713],[121.59895485962768,25.07701721188703],[121.598342454824,25.07733935044259]],[[121.61149029560315,25.00907672834365],[121.61151141723613,25.009085725614497],[121.61150130881408,25.00909013326546],[121.61149029560315,25.00907672834365]],[[121.60374945893099,24.980692736669205],[121.60226500624024,24.981109750449196],[121.60089832037113,24.981782701843695],[121.59918224406728,24.9832129975041],[121.59832493280497,24.984393683617274],[121.59773680087568,24.985704122607228],[121.59744045733778,24.987093958130387],[121.59743300473184,24.98826644523504],[121.59582710701689,24.987639473143744],[121.59362396346188,24.987341696710825],[121.59348521563989,24.98552020094202],[121.59249221782967,24.983097755609066],[121.59162357662446,24.981923972781267],[121.58989380775328,24.980507459326567],[121.58778742249783,24.979609582648926],[121.58548579920925,24.97930765608682],[121.58394060567056,24.979452503917145],[121.58245609659849,24.9798693211537],[121.58108931246522,24.980542092488907],[121.58021784457374,24.98117410721699],[121.57805283465547,24.980480425662616],[121.57632244347235,24.980356592821195],[121.57511104682936,24.97922769974289],[121.57223590241728,24.97740612843318],[121.56683853282826,24.975579878455704],[121.56509387352331,24.975300443051882],[121.56372449571158,24.974862716728737],[121.56357483116793,24.973271766549995],[121.56311777633252,24.971918603542093],[121.56191413531981,24.97010517449043],[121.56071556298272,24.969043998090477],[121.56180120968065,24.968822739746606],[121.56323371549318,24.968275501818752],[121.56509549890598,24.967005848329286],[121.56647276011375,24.965298197005215],[121.5672615337817,24.963207033489535],[121.5691065249733,24.963580578109664],[121.5706596600504,24.96357463456005],[121.57218167449335,24.96329257396266],[121.57361406876579,24.96274523771389],[121.57490178970373,24.96195366304993],[121.57599534725226,24.960948274077758],[121.5768527168979,24.959767711933043],[121.57745374259092,24.95840995328002],[121.57937083337949,24.95763281848211],[121.58106374789523,24.95759762972533],[121.582755562498,24.95870422023506],[121.58494795813618,24.959409671459937],[121.58668422668056,24.959542368579775],[121.58850877534952,24.95933247219035],[121.59039330325813,24.960110502093258],[121.59191786776694,24.960380670614732],[121.59347095638552,24.960374489903472],[121.59536748801601,24.95996831268733],[121.59616844858787,24.96001638845976],[121.59749626987198,24.960824572156625],[121.59905122334091,24.961386942587588],[121.60094069073538,24.962394839866285],[121.60256055954551,24.962817083603216],[121.6055908982351,24.96438492791446],[121.60759131080096,24.964856986974596],[121.60876302960565,24.966219963476593],[121.60996806404364,24.96711323936405],[121.6118611572725,24.96797504620001],[121.61343420303454,24.968391020399054],[121.61171340637685,24.969005878429005],[121.61042585566983,24.969797767687968],[121.60933250692952,24.970803404592218],[121.60847537724021,24.971984147680374],[121.60770185591781,24.973982921585176],[121.60757042654043,24.97562877665692],[121.60703586744548,24.976586173021904],[121.60659161688086,24.977942868806444],[121.60644627586449,24.979352493982645],[121.60658629601447,24.98064676315307],[121.60529464013285,24.980547683357827],[121.60374945893099,24.980692736669205]]],[[[121.29753473038306,25.035153839639705],[121.2952327102969,25.034847427514507],[121.29293217834895,25.035162983137134],[121.29083122259411,25.036073335822838],[121.28963199320592,25.0369739022862],[121.28718003468126,25.04001898166766],[121.28658832556692,25.041328225542568],[121.28634766721612,25.042347767206152],[121.2852484481384,25.04354015859742],[121.28435268193101,25.045215717910622],[121.28003732351368,25.047656446408038],[121.2784783579398,25.04922986155104],[121.27748786780282,25.051147767226237],[121.27718776263143,25.052536999285188],[121.27730669584129,25.054653775091626],[121.27809508382796,25.056647950969687],[121.27896130766923,25.057823584566304],[121.28034953946592,25.05901562824835],[121.2813863847592,25.06106527694713],[121.28295267433452,25.062632782168194],[121.28424695857512,25.06341692813668],[121.28568433900031,25.063956001379786],[121.28861688571675,25.064485004934504],[121.29044458402842,25.065236071272437],[121.29187849857924,25.065497145125523],[121.29344473734638,25.066106115253227],[121.29497001185636,25.06637931610531],[121.29652449707248,25.06637621975645],[121.29878055435735,25.065856689645603],[121.30014985533903,25.065186490009978],[121.30187057681268,25.063759602354793],[121.30290538402903,25.062243365711367],[121.30445266313258,25.06067926403516],[121.30518231502305,25.05942907729416],[121.3057050850863,25.05790883804898],[121.30670041348128,25.056989408286704],[121.30756103430983,25.055810372252857],[121.30829132436585,25.053991598302268],[121.30909240139299,25.053079064271525],[121.30982196183822,25.05182885433613],[121.31038214313544,25.049771657410567],[121.3103785782482,25.048355789615897],[121.31007186527101,25.046967760239266],[121.30947380047907,25.045660908592456],[121.30860737434742,25.044485452900677],[121.30561994040426,25.042085664445764],[121.30305924997408,25.040868806486237],[121.30256782192771,25.03929130839805],[121.30136730265326,25.037475747401057],[121.2996400226779,25.03605583554086],[121.29753473038306,25.035153839639705]]],[[[121.36029876821104,25.025283052948623],[121.35943886480734,25.026462391744545],[121.35883798833524,25.027791916672893],[121.3585388552048,25.029181307534873],[121.35854296964675,25.03059717200402],[121.35911421259966,25.032651819022025],[121.35985042912846,25.033898727332435],[121.36083951945413,25.034990813976734],[121.36204347522394,25.035886106121712],[121.36341602690445,25.03655019369065],[121.3649944271785,25.03697755325811],[121.366541459609,25.03711252516929],[121.36808766688611,25.036969923525184],[121.36957361905733,25.03655522946776],[121.3709422033467,25.035884382141795],[121.37214082025628,25.03498316575338],[121.37352152082984,25.03327726870426],[121.37430920614375,25.03125966775772],[121.3744572511623,25.029850240013882],[121.37430065684582,25.028441579334814],[121.37384545109353,25.027087818717717],[121.37310913566728,25.02584097973963],[121.37212001232146,25.024748973806414],[121.37091609433621,25.023853761540614],[121.36954364541127,25.023189740951203],[121.36805540211239,25.02278242622141],[121.36564169510055,25.022664159147208],[121.36411844484398,25.02294412132934],[121.36268439559414,25.02348945879677],[121.36139464990653,25.024279217897796],[121.36029876821104,25.025283052948623]]],[[[121.4705253658015,24.90414770221594],[121.46903824359931,24.903741375454373],[121.46749278562724,24.903607445409815],[121.46594837288761,24.90375105822181],[121.4644643463064,24.904166696002772],[121.46309772781471,24.904838388724304],[121.46190103030284,24.90574032752596],[121.46052295603644,24.907447038239063],[121.45993370505461,24.908756964223233],[121.45963597705091,24.910146561737992],[121.45964122308999,24.911562430921826],[121.45994925180645,24.912950160537832],[121.46054823520025,24.91425641899367],[121.46141516175307,24.91543100413679],[121.46314256649023,24.91684905971902],[121.46451431565599,24.91751223598341],[121.46600158972055,24.917918604910593],[121.4675472249305,24.918052547568845],[121.46909181330071,24.9179089158983],[121.47057598716701,24.917493230657573],[121.47194270217548,24.9168214691004],[121.47313943074201,24.915919450566822],[121.47451742144273,24.914212626377683],[121.4751065423097,24.912902645608927],[121.47540410253957,24.911513020167913],[121.4753986766097,24.91009715416769],[121.47509048327228,24.908709458360466],[121.47449137558937,24.907403259191497],[121.47362438400117,24.906228749787473],[121.47252283020408,24.905231061576735],[121.4705253658015,24.90414770221594]]],[[[121.54026414171103,25.212750405344945],[121.5387365380346,25.212479767420813],[121.53718024983739,25.212485430137566],[121.53565507400023,25.2127671760891],[121.53421961266866,25.21331417990917],[121.53292902265201,25.214105423984197],[121.5318328968685,25.215110505625656],[121.5309733590855,25.216290804762462],[121.53038344508681,25.21760096738072],[121.5300858324831,25.21899064781064],[121.53009196807596,25.220406443003437],[121.53040162648522,25.221793944537875],[121.53100291722562,25.223099829536185],[121.53187274020263,25.224273910132116],[121.53297767234348,25.225271062685692],[121.53498093798414,25.22635344424066],[121.53647218540425,25.22675902792591],[121.5380217711559,25.226892168847844],[121.53957013526245,25.226747749771516],[121.54105776480064,25.226331321755005],[121.54242748249625,25.225658890655627],[121.54362664531031,25.224756301612878],[121.54460916832743,25.223658245226293],[121.54533729604081,25.222406923713],[121.5457830529241,25.22105042841093],[121.54592931759846,25.219640891084236],[121.5457704794562,25.218232480162186],[121.54531265271044,25.216879318970737],[121.54457343988422,25.21563340597393],[121.54358125406236,25.214542616922788],[121.5423742261485,25.213648865624116],[121.54026414171103,25.212750405344945]]],[[[121.6000286045136,25.138965813035973],[121.59873922409444,25.139757617621555],[121.59764430025565,25.14076317555917],[121.59678591060724,25.141943848457938],[121.59619704682501,25.143254267916003],[121.59590034615398,25.144644078364102],[121.59590722032468,25.14605987172728],[121.59621741553198,25.14744723962922],[121.5968190206108,25.148752864310172],[121.59821441092625,25.15044960562686],[121.59942120409657,25.151342912831456],[121.60153063729747,25.15224054799829],[121.60305761203733,25.152510550711924],[121.6045792061447,25.152505863853264],[121.60585654835917,25.153114850611892],[121.6074695981811,25.15353575831077],[121.60865908151503,25.15531701453464],[121.60976399250964,25.156313602764524],[121.61176677361968,25.157394962543254],[121.6138059954315,25.15787152646466],[121.6153274453965,25.15894301236969],[121.61547425465872,25.160611521895458],[121.61626880634584,25.162603779405604],[121.61713899382055,25.163777361221122],[121.61843462157627,25.16508035485344],[121.61968855265376,25.16599877864285],[121.61830115491685,25.16743531694121],[121.61757409523165,25.168686987478726],[121.61701857094054,25.170745241350705],[121.61702569714042,25.17216102417524],[121.61735619532608,25.173678338389642],[121.61795815852761,25.174983865942146],[121.61935414356516,25.176680390939268],[121.62056134935014,25.177573514916087],[121.62193684850071,25.178235149308584],[121.62342777532623,25.178639864148384],[121.6249768255358,25.17877210409037],[121.62652445975164,25.178626786558862],[121.63156382509516,25.17686340705764],[121.63285337164268,25.176071317188246],[121.6337574961946,25.17525890760584],[121.63602747118219,25.175552091834664],[121.63757504900465,25.175406659720235],[121.64057975589924,25.174541155877293],[121.64211382415809,25.1739382432968],[121.6431902726362,25.173813124248895],[121.64285362458855,25.17662468566799],[121.64301351249053,25.178032980468043],[121.64380862785755,25.180025074579333],[121.64467920280812,25.181198484188517],[121.64641246388143,25.182614254293455],[121.64778815417257,25.183275644095637],[121.65005022694824,25.183780706250722],[121.65179612958472,25.183783861459883],[121.6533206516712,25.183500928471986],[121.6547393957904,25.182959674038635],[121.65710084550656,25.182640865523684],[121.658535374388,25.182092683856684],[121.65982479514562,25.18130036188289],[121.66180043757365,25.17932299734471],[121.6634370438547,25.176811075448935],[121.66399180955317,25.174752663958795],[121.663876583217,25.172698734272334],[121.66535660470136,25.172556333429263],[121.66646740742081,25.172262907636874],[121.66826338069346,25.17239151110663],[121.6697735630863,25.172711955862567],[121.67061972952324,25.174356320015935],[121.67149051573467,25.175529568394758],[121.67259611226496,25.176525671155108],[121.67422325154062,25.177446207027593],[121.67449695586708,25.178611251166956],[121.67509954767225,25.17991653272962],[121.67597041695937,25.18108975216513],[121.67683248358213,25.181886919517957],[121.67530398543806,25.182910371999668],[121.67420932610086,25.183916485525337],[121.67335139206894,25.18509758688335],[121.67276315755399,25.186408291203044],[121.6724672356627,25.187798231953142],[121.67246937036253,25.1891192352384],[121.67196702757707,25.19104820982831],[121.67197479550991,25.192463973426072],[121.67235788441626,25.19403116483905],[121.67056574381303,25.194491531940375],[121.66919710244764,25.195165132946293],[121.66799917420312,25.196068720933233],[121.6670179930933,25.197167576130916],[121.66621125970778,25.19857947090288],[121.66576692233433,25.19993630648477],[121.66562205916756,25.20134593944197],[121.66573739270117,25.202488163159714],[121.6640777219885,25.201165367830335],[121.66270174408207,25.20050413693988],[121.66121042906745,25.200099826963125],[121.65966107851585,25.19996797293673],[121.65811322284058,25.200113641281593],[121.65662633513786,25.20053123520278],[121.65525754721001,25.201204709595057],[121.65403556657411,25.20213240244399],[121.65283093538804,25.20181990400654],[121.65085159538805,25.201627961799847],[121.64854896533218,25.201949063501456],[121.64711415893512,25.202497152409652],[121.6458244333704,25.203289367440828],[121.644729348391,25.20429526860732],[121.64369943701219,25.20581031937792],[121.64218428730592,25.20637702712498],[121.64089448851888,25.207169200181625],[121.63796370212779,25.21011636485301],[121.6356644974946,25.2100260729565],[121.63413960141665,25.21030883025496],[121.63203829084222,25.211224004732635],[121.63051231824215,25.212459242452002],[121.62796493023865,25.212316024230912],[121.62570767737786,25.212840576477507],[121.62433857645433,25.213513769546864],[121.62314013200347,25.214417001943257],[121.62215839785253,25.215515567562182],[121.62143110383172,25.21676725365891],[121.62098620548304,25.21812396237336],[121.62084080882572,25.21953355853516],[121.62100051163875,25.22094187282573],[121.62145918677857,25.222294783371968],[121.62219921609675,25.223540295793267],[121.62319216620389,25.224630541740357],[121.6243998803072,25.225523619058862],[121.62577594429125,25.226185202768313],[121.62803873155512,25.2266905850477],[121.62959517524057,25.22668396248835],[121.63067819908282,25.22650398465473],[121.63303738167235,25.226822045972067],[121.63534052482568,25.226501176959335],[121.63715307461862,25.225745213306645],[121.64094949271052,25.226580635087206],[121.64278594750127,25.2265738747179],[121.64431102336768,25.226291025248788],[121.64641249415243,25.225375674872726],[121.64813132527446,25.223944824102684],[121.64931948987538,25.222121712130033],[121.64988069535431,25.219939810699707],[121.65246113973039,25.21726465118636],[121.65315586904566,25.216334767706474],[121.65461917100936,25.21673012036059],[121.65616873009783,25.216862022751776],[121.65847161696901,25.21654079778775],[121.66057281113275,25.21562525035831],[121.66229839491719,25.21418549377737],[121.66429290334816,25.21330513845026],[121.66549102526436,25.212401578569526],[121.66647233908446,25.21130273297255],[121.66745794963802,25.209382344933726],[121.66775397473735,25.207992415992535],[121.66767297944611,25.206142140092407],[121.66855471689901,25.206915541094737],[121.66985293802726,25.20769624008887],[121.67205027627588,25.208400283672137],[121.67437765163231,25.20849368260857],[121.67680738592126,25.207893074444403],[121.67835287813,25.207787551382555],[121.67950189248117,25.209922800877695],[121.68107511938267,25.211485953428515],[121.68307942050834,25.21256630910845],[121.68534216970676,25.21307081535667],[121.68766846990134,25.212956018005226],[121.68915539375189,25.212538111687117],[121.6904789734799,25.211889226018002],[121.69176868851656,25.21175597040907],[121.6932555828265,25.211338023389878],[121.69462426472958,25.210664200159314],[121.695472791421,25.21005145267843],[121.69672572598445,25.209687949546556],[121.69809436972623,25.20901409484384],[121.69981235614473,25.207582657348862],[121.70067018301246,25.20640140813838],[121.70144355096942,25.204402212774895],[121.70154572291374,25.2022848589115],[121.70096793392563,25.20023169224767],[121.70022725943511,25.19898658378223],[121.69909385017577,25.197776866486482],[121.6978858848844,25.196884401577293],[121.6959649474252,25.196049004667138],[121.69561386779114,25.193998042269648],[121.69501098641634,25.19269285280811],[121.69413985229127,25.191519752870903],[121.69230181062746,25.190048436727952],[121.69216085468915,25.18969571572249],[121.69362892462112,25.187911777356334],[121.69439533745742,25.185938469420762],[121.69526058052483,25.185155943749308],[121.6968331130961,25.18487018726245],[121.6982674802904,25.184321623717796],[121.69955665840178,25.183528960639055],[121.70111181500144,25.181951207439447],[121.70183808667998,25.180699144673486],[121.70228195733144,25.179342207163465],[121.70242637808735,25.177932543611565],[121.7022658091921,25.176524327236397],[121.70146977561693,25.174532565634944],[121.70059871426115,25.17335949942338],[121.69949292471179,25.172363609647096],[121.69819490148674,25.17158316314861],[121.69675452259234,25.17104814786365],[121.69522713339411,25.170779121038308],[121.69352385111524,25.170807047298076],[121.69178891218337,25.169444278855824],[121.69246797903504,25.16853803428942],[121.69365261479058,25.167944297567658],[121.69481614400323,25.167068790334174],[121.69705275266243,25.166750207694587],[121.69915279985172,25.16583413010247],[121.70035020203913,25.1649302973432],[121.70133082783481,25.163831228147842],[121.70205699471155,25.162579163630205],[121.70258694463561,25.160674022771037],[121.70323683557518,25.159539109545364],[121.70370237258847,25.158043723698057],[121.70444669341424,25.156769053521685],[121.70532738026913,25.154347299016006],[121.70658039949505,25.153021008096328],[121.70730645099883,25.151768918570603],[121.70775016436752,25.150411962987864],[121.70787859173724,25.149332323198294],[121.70991882665155,25.14920582980054],[121.71267325042521,25.14854996587005],[121.71410712212668,25.148001256954952],[121.71511468128794,25.14740035994691],[121.71647343345536,25.147139902951274],[121.71943770243915,25.145995537184586],[121.72156535909235,25.145487496341183],[121.72355606084821,25.14438818006659],[121.72490631502222,25.143063521869983],[121.72663391027605,25.142769735417236],[121.72806764908707,25.142220893821044],[121.72911746517978,25.141590972602796],[121.73152577623715,25.14105728391777],[121.73357786340702,25.140140750118533],[121.73501827420343,25.139221067036416],[121.73571925787225,25.139121076849403],[121.73799559281936,25.13963107072613],[121.73955089518273,25.139623315201607],[121.74066039458835,25.1394361514699],[121.74209555002015,25.140681318445473],[121.74304491959964,25.142002444994226],[121.74490077823378,25.143768036446613],[121.74690449564483,25.1448475495352],[121.74839539349765,25.145251007599256],[121.7499441218046,25.14538194680055],[121.75224538598923,25.1450592942102],[121.75434463278884,25.144142448858922],[121.75606105587205,25.142710381226372],[121.75724683594927,25.140886435254775],[121.75768995695827,25.139529341536605],[121.75783370503233,25.13811963190884],[121.7576725662499,25.136711481338068],[121.75721274316957,25.135359003068157],[121.75647191493434,25.134114169260744],[121.7553143896334,25.13284982262627],[121.75587934418884,25.130767816290913],[121.75587063077528,25.129352066849382],[121.75555869098082,25.127965067415563],[121.75497226066544,25.12624912161187],[121.75376427132666,25.12443737574098],[121.75265851267527,25.123441876171352],[121.75084750449457,25.122444087830747],[121.75070614085797,25.121881374151563],[121.7513336942249,25.12050814918595],[121.75166244331481,25.11840999156276],[121.75150140729625,25.117001828323748],[121.75101068937782,25.115590417928903],[121.7508712099125,25.113731865319807],[121.75041155423402,25.112379358053982],[121.74920377317868,25.11056756693606],[121.74809817846949,25.109572027757096],[121.74699710453665,25.108897927404797],[121.74614318138181,25.107983194758965],[121.74773526640163,25.106386437735875],[121.75295596822427,25.104986865440345],[121.7543231367572,25.10431251479641],[121.75551953317813,25.10340825147311],[121.75649917899995,25.102308830401444],[121.75748253442944,25.10038786584142],[121.75777730493067,25.098997765158376],[121.75765006060422,25.0968815333226],[121.75719039914785,25.095529044292633],[121.75644982257525,25.09428419813332],[121.75545679625289,25.09319482957439],[121.75424948326722,25.092302797844116],[121.75214003047192,25.091407330704776],[121.75019355445565,25.09100885375974],[121.74786964729775,25.091124582316148],[121.74569779777586,25.091843002031407],[121.74542660163972,25.09069562346315],[121.74482373285193,25.089390619170004],[121.74395288997567,25.088217790185823],[121.74284754262082,25.087222203286988],[121.7408448127312,25.08614260468243],[121.73935465989248,25.085739050488527],[121.73780669306936,25.085607982134555],[121.73550649354749,25.085930388530812],[121.73379345036496,25.086589283337762],[121.73193168096066,25.08786103101763],[121.7309519225602,25.088960294348645],[121.7302264690584,25.090212496606085],[121.72978320527223,25.091569520048083],[121.72963917437636,25.092979217359417],[121.72977641487726,25.09424829203253],[121.72854511336523,25.09581008299168],[121.72795787667712,25.097121000017303],[121.72766277138807,25.098511049381308],[121.7276595654813,25.099733398456305],[121.72640826283278,25.09825589254882],[121.72520110333751,25.097363621321506],[121.72382598891319,25.096702931100882],[121.72233575838928,25.096299208150793],[121.72001049583766,25.096206516308012],[121.71848722372366,25.096490112471624],[121.7170539676964,25.09703885383716],[121.71576579992771,25.09783165605014],[121.71421187264104,25.099409553471645],[121.71322784083887,25.10133024645244],[121.71289847110752,25.103428337363408],[121.71305904399493,25.104836555425408],[121.71385478231362,25.10682827910948],[121.71485547384783,25.108221290725567],[121.71658847157418,25.10963625819676],[121.71876546719186,25.110547268364204],[121.7187803194625,25.111826357960275],[121.71902722913774,25.11302525547017],[121.71889440791854,25.11328331776862],[121.71723623102756,25.112839264607263],[121.71491065701241,25.112746499857835],[121.71338716781713,25.11303004779975],[121.71195369684905,25.113578743415545],[121.71066532453192,25.114371504109993],[121.70910128692104,25.115830189542553],[121.70812110417839,25.116929307395203],[121.7073952577362,25.11818140208218],[121.70695164751129,25.119538360005375],[121.70680732999864,25.120948036378113],[121.70696786146019,25.12235625876262],[121.7072354802822,25.123229336377474],[121.7061464575467,25.12527991994598],[121.70585104527257,25.126669927591724],[121.70585918111786,25.128085693383873],[121.70643668003542,25.13013886640304],[121.70717698269571,25.1313839629363],[121.70816990759744,25.13247365198923],[121.70940051462267,25.133378569266803],[121.70808324206361,25.133888671375246],[121.70705936741581,25.134500705066003],[121.70573795494465,25.13467855009981],[121.70328115638561,25.134556444854447],[121.70175736801049,25.134839878910814],[121.69965786566351,25.13575598539719],[121.69846073733989,25.13665981007227],[121.69557341323502,25.14012857836345],[121.69498562193046,25.141439369310742],[121.69466088400563,25.143433190034333],[121.6935406487165,25.144457239116914],[121.69268317012867,25.145638449009002],[121.69221824953115,25.146631379935474],[121.69128057411855,25.14750714847204],[121.69042305288238,25.148688345714653],[121.68983516739416,25.149999116767177],[121.6895390155959,25.151399471418834],[121.68912605290149,25.15234301182092],[121.68819039334818,25.15321702709823],[121.68709835583164,25.154855387896834],[121.68587595922095,25.1552118116961],[121.68450783871825,25.155885546926513],[121.68331040308665,25.156789253258363],[121.68213489276745,25.15818738932754],[121.6795981193595,25.158499533399155],[121.67781701814981,25.159239340386424],[121.67673000479734,25.1587338516584],[121.67523915873124,25.158329671273417],[121.67044846883722,25.158215778973982],[121.66730960781261,25.1572797419246],[121.6642188928932,25.156859225957408],[121.66266334693702,25.156866195142065],[121.66053195442417,25.157259260100613],[121.65900660042075,25.157104184863805],[121.65824950675282,25.156101221278444],[121.65714421238573,25.15510500250557],[121.65584663484597,25.154324173530004],[121.65368384337957,25.153497049286823],[121.65317622274915,25.151854074330345],[121.65243633242147,25.150608702540033],[121.65144374219948,25.14951863534513],[121.6495667900737,25.14826432265198],[121.6481268879534,25.14772882263313],[121.64659988466472,25.14745928518402],[121.64316306901996,25.147657623848833],[121.64115168038929,25.146574528556005],[121.63933966346697,25.146128001711194],[121.63783469496964,25.144645638130594],[121.63583190303687,25.143564629434575],[121.63434136726558,25.143160030124786],[121.6322536039172,25.143054296505905],[121.63061215858747,25.142214729127513],[121.62912165528668,25.141810076569215],[121.62679556459148,25.141715939286875],[121.62476210957729,25.142166922788107],[121.62263202823561,25.141490135359906],[121.62108345174265,25.14135786115417],[121.61953627897557,25.141503113657514],[121.61821386877382,25.141866153512744],[121.61749028974926,25.140126500805412],[121.6160947576549,25.13842994151671],[121.61404798943589,25.136736792434064],[121.61193873772812,25.135839330375976],[121.60963413492777,25.135537839909507],[121.60733261906533,25.135858281520832],[121.60523236291195,25.13677306414962],[121.6036110142115,25.138105323872892],[121.60146289503297,25.13841818603609],[121.6000286045136,25.138965813035973]],[[121.73400218130777,25.117926209617178],[121.73558893776288,25.119099893494823],[121.7357156879153,25.120227126014758],[121.73422928591287,25.120656836749298],[121.73319804679355,25.120494576808298],[121.73307387950332,25.12018396843406],[121.73355503831019,25.119307659072707],[121.73400218130777,25.117926209617178]]],[[[121.60141032163646,25.19301951417146],[121.5998828434207,25.192749505195646],[121.5983268225831,25.192755806940955],[121.59606979129376,25.19327990379775],[121.59407712158554,25.19437753669494],[121.59252040563338,25.1959541920301],[121.59179291698665,25.197205739099893],[121.59134775432537,25.198562366966517],[121.59124367601758,25.200679682801553],[121.59155397053995,25.20206704873638],[121.59215580736206,25.203372678803003],[121.59302606537399,25.204546394918413],[121.59391522807636,25.205366489998024],[121.59172042008552,25.20630274919639],[121.59052179837448,25.20720572121648],[121.58953982293532,25.20830407564554],[121.58881223285383,25.20955560785587],[121.58836699503358,25.210912225907045],[121.58826285927961,25.21302953724986],[121.5885731545217,25.21441690718034],[121.58917502342948,25.215722546687427],[121.59057109285325,25.21741933284435],[121.59244853400605,25.218674373670815],[121.5938890462967,25.219210399266768],[121.59501944331049,25.219428473063488],[121.5951502136018,25.220350517352912],[121.59560860221615,25.22170351357916],[121.59634836744938,25.222949160496178],[121.5973410860715,25.22403958459167],[121.59921869792737,25.225294535178637],[121.6006593170527,25.22583049233955],[121.60232721948161,25.2261404849587],[121.60388366371006,25.226134133306097],[121.60614126179237,25.225609908902697],[121.60751060059614,25.224936881048333],[121.60870926466134,25.224033772539183],[121.60980988063613,25.22288645044763],[121.61066869282729,25.221705706621275],[121.61155617084755,25.219532623297106],[121.61358429686554,25.2194068905734],[121.61507156946439,25.218989723293127],[121.61644078395025,25.218316614414952],[121.61763931665587,25.217413435139402],[121.61862110691804,25.216314898752067],[121.61934842742518,25.21506322590879],[121.61979333369982,25.213706521431373],[121.61989692363528,25.21158919823062],[121.61932044901123,25.20953568857427],[121.61858053666252,25.208290157227715],[121.61758776291306,25.207199874605905],[121.61571024978053,25.20594515261264],[121.61426980414504,25.205409337554446],[121.61274214535486,25.205139465259318],[121.61118597075594,25.205145905208823],[121.60966107286819,25.205428410156962],[121.607559654225,25.20634323922761],[121.60584058021924,25.20777362596319],[121.60498181557116,25.208954342998897],[121.60425428201768,25.210777389090023],[121.60391518409145,25.21076362260059],[121.6031445794773,25.208857128894273],[121.60227419417829,25.207683475357435],[121.6013849602998,25.20686343145787],[121.60357970023254,25.205927030729647],[121.60477821093734,25.205023954706945],[121.60576002170825,25.20392550159521],[121.60674653769117,25.20200549908196],[121.607043239218,25.200615677308193],[121.60703621926584,25.19919989728091],[121.6064600223401,25.197146328921143],[121.60525347276185,25.195333357956613],[121.60352049295525,25.193917102414886],[121.60141032163646,25.19301951417146]]],[[[121.66772119810246,24.87750839784001],[121.66619750985487,24.877238984419524],[121.66464548378714,24.877245901947397],[121.6631247531749,24.877528884844658],[121.66169374953165,24.87807706022782],[121.66040745853527,24.87886936544496],[121.65931530802291,24.87987535698136],[121.65845926905597,24.881056379727998],[121.65787224294621,24.882367051778576],[121.65757679623611,24.88375700780121],[121.65758429234478,24.885172834083853],[121.65789445342199,24.88656012096166],[121.65849536946976,24.887865553788096],[121.65936395461767,24.889038962089433],[121.66046683323401,24.890035248108706],[121.6624656695224,24.891116040397833],[121.66395323017514,24.89152043108885],[121.66549870438706,24.891652325277143],[121.66704269035638,24.891506653700826],[121.66852584360382,24.891089015584864],[121.66989115906549,24.890415463291063],[121.67108616303224,24.889511885013672],[121.67206493050739,24.88841300930762],[121.67278985033131,24.887161069796647],[121.67323307020256,24.88580418148162],[121.67337756611755,24.884394491149777],[121.67321779527026,24.882986173048508],[121.6727599075226,24.881633346902735],[121.67202150755308,24.880387998299852],[121.67103097705446,24.87929798133364],[121.66982638322077,24.878405180200428],[121.66772119810246,24.87750839784001]]],[[[121.67502102079915,24.891338303228352],[121.67349714815563,24.891068968723722],[121.67194495158616,24.89107596575944],[121.67042407091104,24.891359025703952],[121.66899294340516,24.89190727271662],[121.66770655950369,24.892699641396884],[121.66661435061471,24.893705685794917],[121.66575829004675,24.894886748773118],[121.66517127994805,24.896197446880656],[121.66487588625382,24.897587413784326],[121.66488347035423,24.899003235352364],[121.66519375102507,24.90039050209826],[121.66579481367799,24.901695900145413],[121.66666356681128,24.902869260352578],[121.66776662833698,24.903865486807298],[121.66976575149624,24.90494617334317],[121.67125350100775,24.905350486543195],[121.67279915366892,24.905482301097273],[121.67434330081217,24.905336550806044],[121.6758265917577,24.904918837922818],[121.6771920161458,24.90424521768663],[121.6783870960803,24.903341580906687],[121.67936590364737,24.9022426583895],[121.68009082615187,24.90099068555999],[121.68053401119666,24.899633778700235],[121.68067843612488,24.89822408530935],[121.68051856086662,24.896815779750057],[121.68006053930294,24.89546298126192],[121.67932198125892,24.894217674365496],[121.6783312745031,24.89312771154785],[121.67712649300076,24.892234974921063],[121.67502102079915,24.891338303228352]]],[[[121.67950617741322,24.90802354079736],[121.67732198910991,24.908747517126432],[121.67603548835535,24.909539958407432],[121.67494320375164,24.910546063227],[121.67408711152133,24.911727172129048],[121.67350011503696,24.913037899899916],[121.67320477972012,24.914427879066597],[121.67321246472763,24.915843695024417],[121.67352288496674,24.917230938499184],[121.67412412049235,24.918536296504247],[121.67505307159797,24.919789603872704],[121.67615635285573,24.920785761451537],[121.67745156274407,24.92156648569775],[121.67888892284091,24.92210176967387],[121.68041318872108,24.922371039655168],[121.68196577410815,24.92236394623299],[121.68348700377358,24.92208076226756],[121.68491840838247,24.92153237236194],[121.68620497285903,24.920739854267694],[121.68729725165079,24.91973366835524],[121.68815326944161,24.918552486377003],[121.68874013418635,24.91724170463411],[121.68903530048735,24.915851698791652],[121.68902743486102,24.914435887504766],[121.68871684981657,24.913048679340292],[121.68765257709377,24.911057303774392],[121.68666166033427,24.90996740316438],[121.68545665402446,24.909074740584753],[121.68408386354658,24.908413616110188],[121.68259603849769,24.908009432716646],[121.68105034646138,24.90787772061692],[121.67950617741322,24.90802354079736]]],[[[121.72828894650276,24.935640628172884],[121.72691427396987,24.937349729314235],[121.72632772742213,24.93866065098795],[121.72603293383418,24.940050718370106],[121.72604123156734,24.94146651344891],[121.72635231199578,24.942853627732053],[121.7269542298061,24.944158753176712],[121.72782386062751,24.945331731094736],[121.72892778862305,24.94632748024778],[121.73022359009427,24.947107729957086],[121.73166146385493,24.947642491524537],[121.73340615834285,24.94795121207066],[121.73495904643536,24.947943559525914],[121.73648045297827,24.947659831291713],[121.73791190183714,24.947110932908018],[121.73919837624496,24.946317961685057],[121.74075010389399,24.94473982174087],[121.74173252110772,24.94281894443837],[121.74202714338863,24.941428850400314],[121.74201866298122,24.940013060398297],[121.74170741603398,24.93862598216059],[121.74110537291945,24.93732091830221],[121.74023567680044,24.936148018243863],[121.73913175318859,24.935152351523474],[121.73783602487728,24.934372176461817],[121.7363982817147,24.933837470615497],[121.73387722084813,24.933497828036316],[121.73233281025735,24.933644200567258],[121.73084938355711,24.934062477392803],[121.72948393968775,24.934736587156156],[121.72828894650276,24.935640628172884]]],[[[121.7335687356494,24.95321256463614],[121.73158116574993,24.95431197151383],[121.73002920199387,24.955890019356055],[121.72904650295173,24.957810822660722],[121.72872823798406,24.960084875721822],[121.72736754907234,24.959977843190448],[121.72582279951605,24.960124155404202],[121.72352799424499,24.96086881690873],[121.72224126708504,24.9616616569631],[121.72114891821407,24.9626680953118],[121.71996423725963,24.96449176960572],[121.71952127383929,24.965848777601312],[121.71937723329154,24.967258487954766],[121.71953766115237,24.96866672691167],[121.71999640226802,24.970019375467437],[121.72073583581175,24.971264449308084],[121.72172755117198,24.97235409696244],[121.72360248981352,24.97360756880986],[121.72504064775072,24.9741423860932],[121.72734246099571,24.974442149895015],[121.72899739261807,24.974275816891378],[121.73118240426095,24.973551070488682],[121.73304248958078,24.97227935181358],[121.73441745065468,24.970570195145655],[121.73518888769736,24.968570806087786],[121.73532686457155,24.96706277048138],[121.73678299786202,24.967182141661972],[121.73832781921597,24.967035714165956],[121.7405126457056,24.966310834306135],[121.74237252508375,24.96503900253872],[121.74335122660158,24.963939670619112],[121.74407583845176,24.96268740326552],[121.74462837966483,24.960628682462165],[121.74450156967342,24.958512391758212],[121.74370636265158,24.956520782267372],[121.74231126653457,24.954825359760672],[121.74033643732984,24.953482120527006],[121.73814332015526,24.95277897250454],[121.7358207583085,24.952686465166117],[121.7335687356494,24.95321256463614]]]]},"properties":{"city":"newtaipei","minutes":10,"minutes_label":"10分鐘"}},{"type":"Feature","geometry":{"type":"MultiPolygon","coordinates":[[[[121.34871987699961,24.847118640937985],[121.34757142457336,24.847276821559834],[121.34636576846829,24.847839171950067],[121.3449054134881,24.848249383413144],[121.34397425844249,24.84888285201775],[121.34348355977787,24.849431237441692],[121.3428961762048,24.850734417759973],[121.34284210185375,24.851793065157377],[121.34312715969769,24.852820449638944],[121.34372680806237,24.853728091676675],[121.34492307578122,24.854619252549725],[121.34640206385765,24.855024868095292],[121.34793859373048,24.854883182478943],[121.34951409729695,24.854269700668],[121.35053783034058,24.854593778739364],[121.35153254956329,24.854650865102677],[121.35209471937591,24.855834153145448],[121.35287698917475,24.85661756628483],[121.35547059268971,24.85786823175578],[121.35553993192168,24.858743829677486],[121.35593410774726,24.859740737312592],[121.35662849840524,24.860590318535525],[121.35730611754948,24.86107959621228],[121.35774406081146,24.86234077949762],[121.35843847848425,24.863190351709772],[121.35937331454097,24.863819425659347],[121.36009099875008,24.86408861892571],[121.36184425013448,24.864193276503222],[121.36272851848224,24.86542043069234],[121.3641472336112,24.866242950299355],[121.36519705427759,24.8674577680126],[121.36619503606897,24.86800016819014],[121.36706705865062,24.868220963502125],[121.3680170827215,24.86925781428853],[121.3690012827382,24.8697942787464],[121.36979854577349,24.870840560713376],[121.37105074153754,24.87160548317606],[121.3716568751292,24.872528656207894],[121.37253252720248,24.873245155249645],[121.3733085434064,24.874250625212913],[121.37616554357638,24.876049025940983],[121.37629232787302,24.87661248442145],[121.3759412333306,24.878100021046226],[121.37613051185375,24.88043240132489],[121.3750614573895,24.880892829710017],[121.37420278648902,24.88160669824657],[121.37360824784561,24.882517202363637],[121.37336502333957,24.883320436171946],[121.37244334899876,24.88436638309842],[121.37199898106422,24.88571589906518],[121.3721235671837,24.88791935390241],[121.3711320690653,24.888851875233467],[121.37069686127089,24.889660243130667],[121.36988320588698,24.89061632618029],[121.36940802663914,24.89149710351375],[121.36914908931983,24.892398512443275],[121.36828260636764,24.893116582138266],[121.36768797005688,24.89402706241296],[121.36740869527273,24.895055781576154],[121.36741672700525,24.895799562051963],[121.36683255248808,24.896326553918023],[121.36623789041138,24.897237028322103],[121.36587456614036,24.898265038063805],[121.36584347253537,24.899461326195965],[121.36518186027305,24.900151749106623],[121.36468787703078,24.901110997343572],[121.36456834022829,24.902681320904176],[121.36374132427959,24.903249400037627],[121.36073489130335,24.902692291376983],[121.36000754663152,24.902155841040983],[121.35926246339793,24.901209688284133],[121.35832734389636,24.90058061993987],[121.35585949432448,24.899621434406274],[121.35470967846476,24.89946866858416],[121.35356075123754,24.8996268994171],[121.35250517740613,24.90008690308195],[121.35081445697034,24.900509490118402],[121.34962273754782,24.901406199498506],[121.34902792446918,24.902316606368114],[121.34874847682919,24.90334529139421],[121.3488084679403,24.904403666589324],[121.34920273974741,24.905400584913043],[121.34963564704474,24.90598820931605],[121.35049864861743,24.906697896600626],[121.35155038116328,24.90714854089034],[121.35270026474426,24.90730133016205],[121.35442502338923,24.90725771096789],[121.35457782683119,24.907410667790277],[121.35435830610479,24.908285441762256],[121.35441834798418,24.90934381344851],[121.35481268089526,24.910340715615593],[121.35524563209546,24.910928322865306],[121.35610870006822,24.911637976487988],[121.35679426502962,24.911970062649686],[121.35792224559513,24.912224868004923],[121.35877503080381,24.912212463754273],[121.35932458328003,24.913573738123787],[121.35889746362841,24.914276856042775],[121.35861807245094,24.91530555730421],[121.35867815485449,24.916363925837945],[121.35891039588185,24.91705029171612],[121.35850311297244,24.916994937825564],[121.35714960557553,24.916341430978754],[121.35578707814028,24.91619870835271],[121.35552460934083,24.915309328729784],[121.35492457206888,24.914401745770483],[121.35437422687683,24.913902459409897],[121.35337592394657,24.913359987073303],[121.35224794190866,24.913105147383078],[121.35130574943028,24.91312982342108],[121.35047428327941,24.912272523683978],[121.34910978887203,24.911611488242634],[121.34757178546907,24.911476966297283],[121.34642511805374,24.91174584516775],[121.34573296139718,24.910899939453135],[121.3451316533876,24.91045221388171],[121.34361789502461,24.909905005091616],[121.34317693263382,24.909096112322963],[121.34239438846438,24.908312656770082],[121.34102997997974,24.907651546128157],[121.33949203341041,24.907516940176315],[121.33791467029529,24.907969328758522],[121.3367227853748,24.908865935956182],[121.33599783165224,24.9101102696306],[121.33583016161417,24.911158968581553],[121.33590815657399,24.911863333485613],[121.3365029574329,24.913163813641997],[121.33759820397096,24.91415770885192],[121.33915027556284,24.914710068342448],[121.33961294543367,24.915573881679318],[121.34039551862027,24.91635735076375],[121.34139379020334,24.916899910128592],[121.34252178562144,24.917154831654962],[121.34368235519223,24.91710015999244],[121.34446458890243,24.916875604745204],[121.34516698987775,24.917740101332114],[121.34610217423416,24.918369250053168],[121.34719736519166,24.918723736637435],[121.34846590741299,24.918758208762227],[121.34897703408487,24.9193301716811],[121.34991224955608,24.91995929603266],[121.35100746514121,24.920313754285566],[121.35202921089355,24.920369581343486],[121.35229526125394,24.921280682281783],[121.35266299468955,24.921904167154114],[121.35375844730484,24.922897940267926],[121.3544440687682,24.92323003611341],[121.3555621119371,24.923483524733715],[121.35698038289861,24.92418857455434],[121.35813043088653,24.924341319778833],[121.35894895419752,24.924259419282954],[121.35999578387201,24.925467673704926],[121.36064244098226,24.92585942511105],[121.3617163464411,24.926208972193844],[121.36178784032417,24.927044009364486],[121.36218229042514,24.928040888385194],[121.36287711191184,24.928890427984683],[121.36385013533966,24.92953559462904],[121.36398773912498,24.930714067471026],[121.36454673826084,24.93211794294165],[121.36355169782762,24.932906507286017],[121.3629403644047,24.933859307700033],[121.36211079981366,24.934242666680607],[121.36110923597717,24.93513257265617],[121.35978194622314,24.93593320437284],[121.3590920392035,24.936786096802585],[121.35866890340108,24.93800060181347],[121.35789608745621,24.937609950338572],[121.35688250710626,24.937346229541475],[121.35533713135474,24.93734992209056],[121.35391093027953,24.937892545102603],[121.35282101675884,24.938891495394756],[121.35223332057679,24.94019470042578],[121.35223732692619,24.941603764933895],[121.3526317484488,24.942600667625882],[121.35404026694476,24.944433924219677],[121.3527897133369,24.94424868952144],[121.35164036919808,24.944406909212365],[121.35027926944231,24.945074347702217],[121.3494882552711,24.94588074494622],[121.34906772695976,24.94589133240961],[121.3481721815736,24.94514217732533],[121.34603468761367,24.944020653706374],[121.34592075230327,24.941386931150454],[121.34563545844871,24.94035956662028],[121.34477361136187,24.939189960072916],[121.34357896439967,24.938449711415508],[121.34403299224589,24.937713590187162],[121.34431255287609,24.936684917470274],[121.34425258091338,24.93562654479342],[121.3438582494566,24.93462961802257],[121.34342526755209,24.93404197988355],[121.34256211357078,24.933332255875886],[121.3415101895262,24.932881551811818],[121.34063948637284,24.932740555390655],[121.33973491617824,24.931772704566686],[121.33873653111871,24.931230136368715],[121.3376084146794,24.93097518795988],[121.33683202646357,24.930976944341992],[121.33607093076023,24.931116775939202],[121.33502916364894,24.93156804361622],[121.33433502167115,24.930892793896273],[121.33333666693163,24.930350189144704],[121.33220856911844,24.930095199639588],[121.33143218598579,24.930096927840502],[121.33030546669215,24.93035693655236],[121.32930636971412,24.93090701845161],[121.32833794355271,24.930969768648353],[121.32719630270414,24.931355735585093],[121.32579875764903,24.93098521441559],[121.32454369141338,24.93106151816171],[121.32327057979796,24.93086867201086],[121.32110814922645,24.931029728655876],[121.32001476504115,24.931389112522666],[121.3193702320569,24.931783809883296],[121.31839269459377,24.932875133705462],[121.31794756959152,24.934224487967253],[121.318007316179,24.935282873736575],[121.31860204550807,24.936583421997],[121.31938462153359,24.937366999171523],[121.3203829732311,24.93790969691317],[121.3211265058583,24.93811360302888],[121.32387371901163,24.93804613214773],[121.32564052290228,24.938287181567187],[121.3292714125789,24.940599038873298],[121.33085753392984,24.941169179443445],[121.3317814601079,24.941789069185305],[121.33279021255501,24.942124083928928],[121.33322539671812,24.942419045526066],[121.33352438702516,24.943690227202442],[121.33438616057532,24.94485989889774],[121.3356732958839,24.945639844800503],[121.33691002096222,24.94589941888233],[121.33951269532771,24.94872247129025],[121.338558232688,24.950044965167248],[121.33743617269293,24.95096168739138],[121.33652403619276,24.95127933625315],[121.33461207819659,24.952472734117382],[121.3339219056924,24.95332551096514],[121.3334993029529,24.954534723519245],[121.33197409557303,24.954949279876093],[121.33104207946943,24.955582667851473],[121.33055090699654,24.956131007944304],[121.32943647665627,24.958176150517613],[121.32915674583496,24.959204794157646],[121.32931197710347,24.960606738520056],[121.32999381269813,24.96178653708238],[121.32970043694989,24.962569021624176],[121.32745508949967,24.965569618884796],[121.32561068731736,24.967230903697168],[121.32524623400643,24.96785605167849],[121.3249678736568,24.968875774818493],[121.32390514793738,24.969126891483935],[121.323221094558,24.96946210075454],[121.32213065583568,24.970460827751864],[121.3216360640461,24.971419930756156],[121.3214863528846,24.972114595608286],[121.32164151532106,24.97351654625541],[121.32214110504904,24.97447349943546],[121.32330214562788,24.975503003346663],[121.3236103979525,24.976189994396645],[121.32430523153108,24.977039708366473],[121.3252407632077,24.977668979484676],[121.32596547449613,24.977939781357872],[121.32710455826263,24.97878474644986],[121.32740324739372,24.980050082002446],[121.32800340865708,24.980957766590308],[121.32886681579824,24.98166756784666],[121.32991911181331,24.982118354414688],[121.33106966822389,24.982271302003983],[121.33221939177857,24.98211323787477],[121.33326926103007,24.98165777560131],[121.33387991393886,24.981195733216133],[121.33549979725628,24.981511300741087],[121.33719527807048,24.98118297972272],[121.33787935720872,24.98084770648904],[121.33873892036749,24.980134046800114],[121.33916881535504,24.979544434865836],[121.33955706748326,24.978548327149063],[121.34060822921687,24.97858302290917],[121.34173536358207,24.978322933561294],[121.34273112422485,24.977775807437443],[121.3435391128113,24.97694385991114],[121.3434881002576,24.97798311935658],[121.34367154849922,24.9788271058719],[121.34417132972064,24.979783982433435],[121.3446655842779,24.980330085838013],[121.34560124304392,24.98095922736578],[121.34631957996471,24.98122847558461],[121.34747014674988,24.98138129628703],[121.34861983945714,24.98122310576371],[121.34998134342847,24.980555681239107],[121.35095897103712,24.979464156049122],[121.35140389141004,24.97811471339762],[121.3513137086381,24.976905915635076],[121.35220130710884,24.97640564556484],[121.35299446991617,24.97559621536617],[121.35374963682644,24.975237470138953],[121.35529132885212,24.974125593830475],[121.35606985422632,24.973338487491713],[121.35656418506034,24.972379273113226],[121.35671165781136,24.97097663716415],[121.35642620323716,24.96994929910762],[121.35582588933305,24.969041729431225],[121.35496241857017,24.968332084043638],[121.35391015149928,24.9678814733838],[121.3527597031981,24.967728700892998],[121.3516101414003,24.96788692224746],[121.35056045757885,24.968342512733155],[121.34928652907486,24.969272361732564],[121.34878166995715,24.96881411297044],[121.34770121956194,24.967513762112514],[121.34726838217708,24.96672602194097],[121.34646210954872,24.96592690650587],[121.34676154220345,24.964540828057658],[121.34643751222163,24.963123916250808],[121.34673145290914,24.96175082981273],[121.34652664467029,24.960623825653578],[121.34735972568646,24.960354153817534],[121.3487818508483,24.96073482603491],[121.35023894757362,24.960611741992818],[121.35179848966186,24.96075299867571],[121.35316777040794,24.960387636642047],[121.35438294947677,24.96034007700321],[121.35550689625256,24.959963725006418],[121.356613688482,24.96045004577451],[121.35774211145211,24.960704845923537],[121.36019873283395,24.960652973542278],[121.36110062923498,24.960466755298974],[121.36217056601427,24.9606013006007],[121.36294319496098,24.960530029160342],[121.36403220676183,24.96017228391558],[121.36536326137801,24.960140015862553],[121.36646707342948,24.95977463067729],[121.36730649188863,24.960900507250958],[121.36859399890085,24.96168016288484],[121.37090779255948,24.962493832582886],[121.37206908381255,24.962542936840666],[121.3728825352414,24.962385744078325],[121.37304228671428,24.96318784715207],[121.3737522200666,24.964614629894523],[121.3745353207793,24.965397908633403],[121.3751822332667,24.965789591911275],[121.3759005440906,24.96605869821569],[121.37705100294487,24.966211291802868],[121.3778236572263,24.966139942906644],[121.37889029339846,24.96579180792671],[121.3789566941521,24.96706446639039],[121.37955221754271,24.968364757001734],[121.38064829934251,24.969358319011477],[121.38191897604095,24.969857990027798],[121.38248468685227,24.970698874048157],[121.38334832996522,24.971408357578458],[121.38565016179648,24.972285643703337],[121.3862854401251,24.972888102114712],[121.38728436762374,24.973430342363695],[121.38841296923788,24.97368490751496],[121.3895866654458,24.973626955769376],[121.39048666609018,24.974890935362644],[121.39177446315695,24.975670385626472],[121.39290309402067,24.975924916300254],[121.3938017504419,24.97590604011553],[121.39512454176771,24.976720418081367],[121.39648475370056,24.976984674266255],[121.39736856443,24.977718558626012],[121.39901875528511,24.978283135831123],[121.39982860364202,24.97893859387335],[121.40051465815075,24.979270470026943],[121.40164333898,24.979524933680324],[121.40266393030709,24.979489184314687],[121.40312139111633,24.9809118459972],[121.40410566634051,24.98199839580162],[121.40510474437326,24.982540513924484],[121.40585154337943,24.982744370302186],[121.40672279576445,24.983319971223892],[121.4080696926125,24.98370722740404],[121.40921223503832,24.9864154071586],[121.41007701315054,24.987253111639802],[121.41074479022438,24.988329447550015],[121.41208952549366,24.989428410090902],[121.4120961544889,24.990825335595098],[121.41249121867818,24.991822065414272],[121.41332622736557,24.99278586531956],[121.41402471523499,24.993939514165863],[121.41522536474145,24.994831147850167],[121.41537111564821,24.995338392726392],[121.41491442836535,24.996078285934928],[121.41459147561326,24.997025357102665],[121.41346677396277,24.99761546747153],[121.41268846777916,24.998402868923474],[121.41219447402125,24.99936226235337],[121.4120283546615,25.00042874115143],[121.41176856461065,25.00080922117983],[121.41045940619982,25.001604213513776],[121.40960428535452,25.002778158118094],[121.409074350592,25.004172184967498],[121.40892890229308,25.005583668502737],[121.40842502448751,25.00710691720365],[121.40850731097963,25.009534850162492],[121.40871844432314,25.01037325141525],[121.40838009497521,25.011996985167738],[121.40719921903991,25.013227278847115],[121.40675300903126,25.01461205475521],[121.40532155695523,25.014076028861354],[121.40345057332068,25.014155275441595],[121.40230785336556,25.01332011297921],[121.40121166888244,25.012966047994663],[121.40004989528846,25.01291717736212],[121.39861583028092,25.013310917699524],[121.39685690770226,25.012755093886398],[121.39531848471633,25.012897303168995],[121.3939568775412,25.013565141007515],[121.3929793681514,25.014656942466335],[121.39253477760377,25.016006499064208],[121.39259521107765,25.017064835624538],[121.39299020578923,25.01806161464673],[121.39342372099506,25.01864909583864],[121.39428776518338,25.01935850648651],[121.39517403542744,25.019800405735026],[121.39669160450424,25.020071257269205],[121.39818818544423,25.019798636875343],[121.39964828597758,25.020353946651966],[121.40138131654585,25.020306651153813],[121.40279422615936,25.021210479937015],[121.40392329594725,25.02146492000917],[121.40474588207665,25.021456511950365],[121.40612202841403,25.02204746016918],[121.40726223058263,25.022879968407924],[121.40812102159565,25.02318047480977],[121.40882551975112,25.02411089450941],[121.40730108655619,25.024670294589562],[121.40636894229873,25.02530415008133],[121.40551362147716,25.026478070000312],[121.40523437922553,25.027506841650624],[121.40529492862932,25.028565169992035],[121.40569006360688,25.029561911999057],[121.40638576182532,25.030411226418064],[121.40698787753695,25.030858687813293],[121.40804087259089,25.031308910444185],[121.4093291788925,25.03145472624458],[121.41040480048109,25.032678494106435],[121.41140431897776,25.033220560673982],[121.41214857097484,25.033424000968996],[121.41466058032046,25.033462770271147],[121.41686250768791,25.032860270808307],[121.416924833693,25.033885474776383],[121.41715268376197,25.034562285626038],[121.41791986107746,25.035635512512552],[121.41835003950877,25.036842208004522],[121.41925620227325,25.037864061880207],[121.41967999697182,25.039032239305044],[121.42030356571841,25.039809284565532],[121.42066996418885,25.04070226261221],[121.42115004672449,25.041335962439963],[121.42084386463576,25.042417263513922],[121.42090455717569,25.04347558156015],[121.4212998672935,25.044472277827204],[121.4219530816447,25.045309078156194],[121.42225238159206,25.04683241287143],[121.42302252601608,25.047908451800154],[121.42309440518908,25.04874564034584],[121.42388374375523,25.05115630375807],[121.42388601184284,25.051865273095608],[121.42417222530018,25.052892461096636],[121.42503562641609,25.054061570950335],[121.4264836861445,25.054892078231607],[121.42676091558,25.055829233073936],[121.42683411096017,25.05884574114153],[121.42746994072829,25.060193819468616],[121.42667449242333,25.060479943787332],[121.42510528151949,25.06056102131525],[121.42371129041436,25.06004595963375],[121.42226472631093,25.060036516687635],[121.42069137421062,25.059465973753394],[121.41950207866466,25.05942099830311],[121.41916065859593,25.058617851241543],[121.41846471113041,25.057768603029594],[121.41752809959591,25.05713993805946],[121.41643148172697,25.056785992948345],[121.41488462237726,25.056790322194967],[121.41358142916523,25.057265290162697],[121.4126182198818,25.056609997739628],[121.41119759119671,25.056213150147165],[121.41052482548565,25.055398750212014],[121.40941961965369,25.05469794178398],[121.40897065654532,25.05337808963167],[121.40798576015737,25.052291590162312],[121.40661940909601,25.051631116551],[121.40507960690069,25.051497212906728],[121.40360075552532,25.051910263450463],[121.40266838810672,25.052544096232975],[121.40197814024344,25.053397178443593],[121.40108318566104,25.055216910596506],[121.39988194763114,25.05480607103363],[121.39871978004115,25.05475719516026],[121.3975920760037,25.055017720551593],[121.39659594524866,25.055565212833827],[121.39581717004356,25.056352525740714],[121.39545281761592,25.056977837247498],[121.39517342586136,25.05800658767062],[121.39517569621107,25.058714514201775],[121.3954616879696,25.05974175940087],[121.39606274161129,25.060649149361602],[121.39692709864632,25.061358536867093],[121.3979803202349,25.06180882618107],[121.39952024484354,25.06194280173876],[121.40099923040744,25.061529790714406],[121.40219209896009,25.060632675331227],[121.40285689147937,25.059543137039235],[121.40446522039667,25.060005828821208],[121.40553731759718,25.060968661457302],[121.40713316002658,25.06152578345687],[121.40789507642687,25.062501252595553],[121.40918390379983,25.063280530131408],[121.40992833456957,25.063483978467453],[121.41109058764319,25.063532765475077],[121.4122183392466,25.063272137254767],[121.41291773804069,25.06292626968194],[121.4137489301099,25.06348595012005],[121.41273430770488,25.064401684911136],[121.41172722351533,25.064843499366262],[121.41112792074672,25.06529426666976],[121.40999692924059,25.06670524439169],[121.40914037734308,25.067010344723236],[121.40820792585427,25.067644212080634],[121.40724218042513,25.068934336715127],[121.40593479581825,25.068970278367498],[121.40447134514088,25.06953784009086],[121.40400781941459,25.06883107810621],[121.40532944944687,25.06843973025272],[121.4065223520949,25.067542580470914],[121.4071175164126,25.06663195954226],[121.40741474725006,25.06524917405641],[121.40724056104627,25.06420135766358],[121.40650723137483,25.062960700260017],[121.40530849074524,25.062070088126966],[121.40382683241563,25.061665100477878],[121.40266493889247,25.061720255871574],[121.401176393213,25.06230489057582],[121.39986501490868,25.062340240411686],[121.39839195461573,25.062817733735816],[121.39710824560912,25.063603996451572],[121.39610712125976,25.064776155594107],[121.3958085035495,25.063528320812893],[121.3952074374053,25.062620930323146],[121.39434308116026,25.061911532915204],[121.3929121864796,25.061376106972038],[121.3917499588435,25.06132717732312],[121.39062217936542,25.061587650471658],[121.38962596426812,25.06213509654153],[121.38878273613369,25.06302083000954],[121.38748234990129,25.062556133435972],[121.38632011266584,25.062507161404007],[121.38519231034495,25.06276759353936],[121.38402331427865,25.063458429736613],[121.38316555621009,25.062299258694292],[121.38222908670735,25.061670369681273],[121.38113252587785,25.06131616337103],[121.37997030216098,25.06126714146241],[121.37884249704405,25.061527525438233],[121.37784622895552,25.062074893098618],[121.37612867883672,25.06337359383563],[121.3752153871655,25.06469480235941],[121.37343731423125,25.06536065427166],[121.37200858611702,25.0652220121132],[121.37091843771925,25.064743937662282],[121.37113259358064,25.063611715142326],[121.37244727039754,25.063342559446184],[121.37344357315385,25.06279522770482],[121.37448102965611,25.061588341184102],[121.37672113993074,25.060036452282205],[121.37721251257277,25.059487965036176],[121.3776659943015,25.058634041587382],[121.3785735907702,25.058125142040595],[121.37935248848879,25.057337918292955],[121.37984696475245,25.05637863553727],[121.38001444108761,25.055329909413782],[121.3798405026881,25.05428205649662],[121.37938550552984,25.05339382976274],[121.38048989749167,25.05387870066639],[121.3816411814921,25.054031247240285],[121.38279150227851,25.05387278678328],[121.38384178694577,25.053416967020137],[121.38470158043809,25.052703045849963],[121.38529683724612,25.051792509468214],[121.3855762983821,25.050763775941135],[121.38556787580396,25.049367621219584],[121.38697157271743,25.049172755410144],[121.38802180170262,25.04871690646644],[121.3888815382443,25.048002961333687],[121.38947674173961,25.047092408270302],[121.38970018446422,25.046414371728442],[121.3897539198657,25.04535573858024],[121.38946801064984,25.044328479423825],[121.38899070687262,25.04357199835512],[121.38959005229769,25.042254376583152],[121.38958560074944,25.040845337106653],[121.38898961178039,25.0395451047574],[121.38762300813775,25.038096073190736],[121.38887339139777,25.037464977063408],[121.38988576483446,25.0363059587861],[121.391527434513,25.03603237339881],[121.39281089531988,25.035246159075314],[121.39330209840169,25.03469761882563],[121.39379637721453,25.033738289121263],[121.3939457507219,25.033043561008515],[121.39388529583329,25.03198522750355],[121.3934902477053,25.030988453354492],[121.39279463404672,25.030139077583463],[121.39143125232977,25.02933541971736],[121.39052259408233,25.028571581898653],[121.38946968462403,25.02812123391654],[121.38831863414703,25.02796874469433],[121.38716856221366,25.0281272455212],[121.38611850420784,25.028583087629038],[121.385258885183,25.02929701720523],[121.38466373428224,25.03020755489278],[121.3843765156632,25.031389718471804],[121.38299884908947,25.03236697185854],[121.38240366689354,25.033277500495437],[121.3821802066555,25.03395552745552],[121.38212640975769,25.035014160202117],[121.38241223531072,25.036041435758257],[121.38301307559055,25.03694888395053],[121.38379904751602,25.037605865373347],[121.38301840722184,25.03797304638594],[121.38215870534059,25.038686958122874],[121.38156348706363,25.039597483057218],[121.38134001123402,25.040275508368794],[121.38128620513687,25.04133414003089],[121.38143995319466,25.042028077539754],[121.3823738768912,25.043519846231725],[121.38168331818538,25.04472150367107],[121.38153386222669,25.04541621936462],[121.38158223753366,25.04640237527382],[121.3797914447195,25.046829951691574],[121.37885899075238,25.047463636473385],[121.37836767269806,25.04801212940538],[121.37777974400683,25.049315419126305],[121.37775272720157,25.051165647437923],[121.3771254173123,25.05041936999211],[121.37618906922745,25.049790440468062],[121.37509263131595,25.049436187556633],[121.37404792557118,25.049381566423502],[121.37348750364595,25.0485513724642],[121.37293647963025,25.048052171375556],[121.37157035904127,25.04739137218512],[121.37041914854275,25.047238746554658],[121.36926887230105,25.047397110805253],[121.36821858328443,25.04785282792616],[121.36761920057174,25.048303421598305],[121.36703132107532,25.048999460330943],[121.36592872029422,25.049846625754864],[121.36532849967872,25.050769485548898],[121.3646367508703,25.051184658540723],[121.36385779643096,25.051971806396985],[121.36326969521936,25.05327503996516],[121.36323106581916,25.054426131298957],[121.36208303531663,25.054687343826423],[121.36108674612007,25.055234599776057],[121.35895859590448,25.05762615952864],[121.3585695507539,25.05862491894708],[121.35851253555849,25.059630638772546],[121.35789853062494,25.0604061358861],[121.35750946836757,25.061404892346907],[121.35749543679927,25.0629035159996],[121.35790908004999,25.064175576017742],[121.35728298602525,25.06511689397928],[121.3570388081189,25.06592323791628],[121.35573824800605,25.065595208021854],[121.35419911325265,25.065736998701386],[121.35283669862271,25.06640446423512],[121.35185840895623,25.06749599636845],[121.3514692758839,25.068494736832836],[121.35141520400967,25.06955335668548],[121.35170085840859,25.07058068855585],[121.35249166078759,25.07167820556102],[121.35236509676415,25.073003382939557],[121.35274219190907,25.07520402504609],[121.35231902560506,25.076254762571196],[121.35227376840473,25.077366517520655],[121.35123907031416,25.078334094479015],[121.3501017088747,25.078699586531666],[121.34898990247284,25.079513845589336],[121.34735311170716,25.079787202612646],[121.34603843113594,25.08060379693736],[121.34473647186061,25.08063994092579],[121.34330857531882,25.081182470251793],[121.34244834207117,25.081896153854927],[121.34201811231858,25.082485770778018],[121.34157250798137,25.08383945458518],[121.34028324712666,25.084107130340335],[121.3392866228319,25.08465424143927],[121.33830806894444,25.085745684409407],[121.33791876970076,25.086744388678287],[121.33786457523304,25.08780300231857],[121.33801814075171,25.08849698250744],[121.3385183337238,25.089453859754542],[121.33910300851296,25.090119971194756],[121.34003947969923,25.090749129934846],[121.34075844757389,25.091018394398944],[121.34191003436126,25.091171245058394],[121.34306075675283,25.09101308885973],[121.34442349618925,25.090345711771846],[121.34551049928689,25.089043993993],[121.34724145979123,25.089584764681824],[121.3487809013166,25.089443043282678],[121.3501435917685,25.08877561403636],[121.35120895751967,25.087515653267097],[121.35238098128671,25.087333015218938],[121.3534316651582,25.08687740815798],[121.35452286485022,25.085878458919403],[121.35528442022223,25.084085249929778],[121.35635843238883,25.08373035571717],[121.35700363233624,25.083335498935742],[121.35755184399275,25.08283359546612],[121.3581407451815,25.081936158425066],[121.3593305412687,25.082101242722498],[121.36048115483747,25.081942952407054],[121.36119852447622,25.081670294299652],[121.3620789424533,25.081080192417918],[121.36348380419301,25.080694018124937],[121.36492252488382,25.081211125920998],[121.36551896760373,25.082514453638886],[121.3675616081912,25.084788568260752],[121.36846163866527,25.085517465970568],[121.36882793995981,25.086411058028915],[121.36926158607368,25.08699860287965],[121.37012597805695,25.087708143576506],[121.37117848427832,25.088158346408765],[121.37108463511785,25.089363885038267],[121.37160921243061,25.09081885952477],[121.37123239126392,25.09203596483185],[121.37138828718416,25.09343783314133],[121.37188875878581,25.09439459415001],[121.37278796537618,25.095255267566614],[121.37291819710711,25.09681787281732],[121.37441137823683,25.099418707659147],[121.37561026660265,25.10030956320841],[121.37709230324992,25.100714825995333],[121.37825457901911,25.100659866547],[121.38015598296964,25.100113532689132],[121.38052308971237,25.10016227542306],[121.38027407669688,25.10142022084199],[121.38044809108506,25.102468065784258],[121.38094867046631,25.103424793813947],[121.38180780346609,25.10425842056312],[121.3812215276486,25.105157509836687],[121.38099793605079,25.105835530085237],[121.3806418625905,25.107776222215186],[121.38079848075613,25.109179570987347],[121.3790901528904,25.109037163689273],[121.37761052190169,25.109449961418704],[121.37641700315893,25.11034688110706],[121.37566081774463,25.11170348880176],[121.37437725617828,25.11221296071787],[121.37351699101002,25.11292682191967],[121.37292135702508,25.113837308040637],[121.37264165395926,25.114866011922363],[121.37270197405594,25.11602434399082],[121.37298862240391,25.11681375673187],[121.37179668444975,25.118316498024292],[121.37140755876361,25.119315283945365],[121.37133993594338,25.12013340180418],[121.37057662250386,25.121046470515722],[121.3701693637027,25.122158572646544],[121.36868323490388,25.12158624763855],[121.36713555187944,25.121590088804666],[121.36499079898213,25.12248983215201],[121.36321213487864,25.122757395802463],[121.36221530359073,25.123304660439278],[121.36166693295783,25.12380658020826],[121.36094099745306,25.125051010637392],[121.36079341197573,25.126453623269043],[121.36124666411696,25.127800884477317],[121.36223176624516,25.128887680926788],[121.36359874893242,25.129548549163594],[121.364361853101,25.129684784814874],[121.36552440976342,25.129629922184346],[121.36716926749355,25.128940169608516],[121.36858184180875,25.128792859672384],[121.37013282464103,25.128127129594837],[121.37122424858973,25.127128060420123],[121.37182065628618,25.125774451663325],[121.37299904343718,25.12630861969021],[121.3741509981539,25.12646121511955],[121.37530200545038,25.12630280625504],[121.37666495448985,25.125635133629302],[121.37764347721696,25.12454344369071],[121.37793904118185,25.123888650876623],[121.37810472178947,25.12287719749656],[121.37881423460652,25.1221478926852],[121.37970884126824,25.12069261146344],[121.38000650277031,25.119309885644256],[121.37977117935579,25.118107470596993],[121.38059288677374,25.117726976860105],[121.38145314347132,25.117013075150737],[121.38204872882753,25.116102555701794],[121.3822761232827,25.11540080455529],[121.38301409818463,25.11464780265725],[121.38337868079535,25.11402252373216],[121.38367628581344,25.112639789981056],[121.38350163558651,25.111590455823812],[121.3846012977834,25.1117312179131],[121.3860421602793,25.11151272704273],[121.38709292147401,25.111056882085876],[121.38818405611568,25.110057689155337],[121.38877215501562,25.10875436672135],[121.38897586861478,25.1061757388787],[121.38852239676243,25.104828561137154],[121.38748756264816,25.103708575834542],[121.38798885295036,25.103004274624805],[121.38939281942045,25.102466852409172],[121.39059291513139,25.10136289318343],[121.39165833710702,25.09958232561155],[121.39193784760981,25.098553586048723],[121.39178171049467,25.09715174315337],[121.39128107360521,25.096195051578547],[121.39050404547322,25.09541764636986],[121.39024993706916,25.09471286012267],[121.39029546465942,25.093705707997444],[121.39014159811674,25.093011785847796],[121.3895055403486,25.091889772963],[121.39007357730763,25.091277657780864],[121.39056810203803,25.090318343057028],[121.39071755774557,25.089623622418642],[121.39066850545227,25.088354433971865],[121.39240611715425,25.087140254543236],[121.3936626321747,25.086636797283674],[121.3945225970554,25.085922820308973],[121.39524796501058,25.084678225683234],[121.39537363917316,25.083146340823877],[121.39633760855695,25.083712389867294],[121.39674065177213,25.08443187952749],[121.39704093265256,25.085931802800733],[121.39764212854895,25.086839181460768],[121.39850668065552,25.087548554899104],[121.39938720031707,25.087943004422378],[121.40036955315958,25.08919206333306],[121.40019444595094,25.090260749007232],[121.40036861251701,25.0913085702879],[121.40097929651073,25.09243523362861],[121.40151541147266,25.093014894429],[121.40106163918658,25.093912026701975],[121.40091223719307,25.094606756707496],[121.4009727911459,25.09566507732434],[121.4012058073467,25.09635171559326],[121.40075155883297,25.09708799111647],[121.40046648726901,25.098227980556203],[121.39945595279102,25.09917263316132],[121.39896146323173,25.100131975958753],[121.39879409322796,25.10118071592939],[121.3989682647368,25.102228537272],[121.39962898234036,25.103435204624954],[121.40072644062069,25.10442858394756],[121.40178004668383,25.10487883895968],[121.40323279858195,25.105016930297495],[121.40259710589368,25.106433152796072],[121.4017366214482,25.107147409581117],[121.40101119048234,25.10839203299849],[121.40084382780188,25.10944077404012],[121.40114663856693,25.1108128178549],[121.40018470184665,25.111345309926246],[121.39963654097407,25.111847368471704],[121.39885843838269,25.113285683305634],[121.3983363663256,25.112698980195614],[121.3973994333037,25.112070196776234],[121.39630237913292,25.111716110929557],[121.39552837903325,25.11164878852027],[121.39437753705793,25.111807352788706],[121.39332679725479,25.112263249073152],[121.39246664337175,25.11297721890803],[121.39203654874514,25.113566976925647],[121.39164760280069,25.11456581448118],[121.3915736352091,25.115270528382393],[121.39187996337208,25.116651681633577],[121.39248127502627,25.117559076098637],[121.3930326925882,25.11805819529901],[121.39439971560674,25.118718779911323],[121.39594035022046,25.118852782918047],[121.39742002973531,25.11843980216813],[121.3986134704866,25.117542715286188],[121.3993916021238,25.116104401906092],[121.40051621328152,25.11713857857233],[121.40194779218616,25.117673918772898],[121.40370542549573,25.11765971358325],[121.40513346863672,25.11711660367128],[121.40599357645087,25.1164025612992],[121.4067190026559,25.115157914886694],[121.40688632215938,25.114109168548964],[121.40663848724375,25.11287589565033],[121.4080534997654,25.11188252092157],[121.40864886217929,25.110971896717434],[121.40889079482203,25.110177956329057],[121.40972346956691,25.10948248740966],[121.41035478242935,25.108479427874002],[121.41181023659041,25.108069621476552],[121.41300347101946,25.10717242010002],[121.41359877418643,25.106261776200785],[121.41388742591121,25.105048913078807],[121.41509290730852,25.104892493084762],[121.41614350147566,25.104436443928055],[121.41723433884773,25.103437040050295],[121.41795737828359,25.101931453267362],[121.41890298304534,25.101782463657123],[121.42019034540417,25.101299516679326],[121.42112298634348,25.10066557440972],[121.42170495671343,25.099978265715865],[121.42275038486751,25.099629484412187],[121.42339545009233,25.099234341346317],[121.42437334652386,25.098142346969826],[121.42466859881144,25.097487462601958],[121.42487052356489,25.096371969123105],[121.42613114809663,25.096442701897992],[121.42761045301073,25.096029423418667],[121.42880345472648,25.09513209650293],[121.42953284118174,25.093871438447742],[121.43055411928844,25.094430730394826],[121.43168391657642,25.094684947429922],[121.43284610446416,25.094629561226217],[121.43394058768958,25.0942693421155],[121.43513352554747,25.093371964926018],[121.43626498492901,25.091931964368182],[121.43734350638267,25.09102192010253],[121.43792107508538,25.090145113174657],[121.43805425997742,25.090254325109523],[121.43763775483268,25.09225003108206],[121.43701136715943,25.093372950840877],[121.43684433055039,25.094421730345942],[121.43715111019159,25.095802788048676],[121.43775264872967,25.09670999848588],[121.43861749869316,25.097419133317672],[121.43930431918581,25.097750815067286],[121.44004900673202,25.097954107957197],[121.4412115937056,25.098002654375275],[121.44197358887722,25.097862276443585],[121.44302402065786,25.097406038585962],[121.44414882263028,25.096354018995005],[121.44503276376925,25.09767014669237],[121.4460597918829,25.098467064872647],[121.44628519357998,25.09928736351067],[121.44541577121313,25.099684035131617],[121.4443580418088,25.100555239556314],[121.44360511618231,25.09959813831398],[121.44231569167492,25.098819171450582],[121.44079705672178,25.09854880306039],[121.43964640099308,25.09870771653169],[121.4373391413504,25.099720732119334],[121.43622312053228,25.10054030310582],[121.43435376444218,25.10061045715991],[121.43325922634844,25.100970679751796],[121.43232664689883,25.10160469751133],[121.43169278236495,25.10237153763425],[121.43070385643873,25.10247043745103],[121.42960929075304,25.102830633380915],[121.4286766781652,25.103464628469727],[121.42818536484113,25.104013282191673],[121.42759770806335,25.10531675614761],[121.4275680249289,25.106518029617582],[121.42704938530744,25.1080242157962],[121.42641092560002,25.10897863627784],[121.42613168215551,25.11000743599327],[121.426192462639,25.11106574123307],[121.42642051297189,25.111742528305093],[121.42678920012476,25.112365802282877],[121.42748925254342,25.113079618524143],[121.42738369728802,25.113901485767297],[121.42756669018496,25.114970830530027],[121.42686901325794,25.115543858240564],[121.42578918341319,25.11590059185426],[121.42485645265153,25.116534563368756],[121.42416600807542,25.117387744087548],[121.42372187442601,25.11873444352992],[121.4223964331982,25.119534517939123],[121.42170595483282,25.120387687299228],[121.4213475788271,25.121274816091866],[121.42057402819741,25.121725669759492],[121.41979499597574,25.122513104887215],[121.41920716431763,25.12381654465989],[121.41923749445162,25.12531711401971],[121.41798406489596,25.12536037802676],[121.41655598519775,25.125903611630868],[121.4154649456342,25.1269030101297],[121.4149704735614,25.127862402570592],[121.41480320627156,25.128911155453988],[121.41497755689002,25.129958951863088],[121.41547851853854,25.130915555044375],[121.41597370186113,25.131461398975052],[121.41691087755481,25.132090060283538],[121.41763025159278,25.13235894561495],[121.41878231344597,25.13251119261913],[121.41993331457499,25.132352437264966],[121.42129608147667,25.131684356914132],[121.42184423987405,25.131182219613414],[121.42241745277654,25.13031449981856],[121.42347358307904,25.13054491388166],[121.42463611455207,25.13048958777671],[121.42573094048838,25.13012942646289],[121.42666376875756,25.12949544930809],[121.42735426251828,25.12864225767794],[121.42776033143954,25.12753433710724],[121.42845515184081,25.126816773132564],[121.42897714883291,25.125755526906392],[121.42979373252757,25.125185391809172],[121.4304841805648,25.124332185710337],[121.43099283129672,25.12307324819798],[121.43099997564303,25.121736817584114],[121.43124573179921,25.1214453009693],[121.43427612546722,25.119894139433782],[121.43525408551014,25.11880207543733],[121.43569855958833,25.117452410814124],[121.43563769327156,25.11639411151366],[121.43520660920647,25.115344058471635],[121.43547258495542,25.114583134598288],[121.43552594709325,25.11352449927789],[121.4350719389716,25.11217747213838],[121.43421589727471,25.111197391001312],[121.43428520921496,25.110686258143758],[121.43481911041084,25.109851246047707],[121.43504241090086,25.109173148717055],[121.43508731876774,25.107758461235708],[121.43736355668364,25.107602308594444],[121.43841408871604,25.107146102621826],[121.43915741550572,25.106549690255733],[121.44094966513967,25.106281804699083],[121.44290416260603,25.105276035312926],[121.44392193609858,25.104394834427893],[121.44498966892361,25.10618620155543],[121.44608751324328,25.107179239671375],[121.44751916691399,25.107714139505667],[121.44829316635675,25.107781190526918],[121.4494099995661,25.107630048866763],[121.4496408866041,25.1083230970042],[121.45024257922752,25.10923025314934],[121.4516407994507,25.11020531151838],[121.45189083496054,25.11096315277219],[121.45249255728439,25.111870299054175],[121.45335759892248,25.112579343837336],[121.45404454341099,25.11291095492506],[121.4555633831574,25.113181184266868],[121.45633690552383,25.113109416969333],[121.45743148063794,25.11274902407529],[121.45883442045866,25.11168145576273],[121.45955928026505,25.11043655765046],[121.45972614218073,25.109387757215877],[121.45941907334003,25.108006752730656],[121.45855496200753,25.106837861094732],[121.45758921059542,25.106197268812927],[121.45683622274807,25.10479712475479],[121.4567871595199,25.103663563024394],[121.45634127220048,25.101830098920342],[121.45559888524556,25.100126848195533],[121.45497222171034,25.099194787701396],[121.45468883858832,25.09818687094443],[121.45350002757323,25.096013684651552],[121.45228549129442,25.094957468586067],[121.45183117598637,25.09360708367968],[121.45094936348376,25.092605969519052],[121.45119776407464,25.091582010117992],[121.4511925116142,25.090858151051382],[121.4516485814811,25.089956772904184],[121.45179769092816,25.089261995272025],[121.45173670414472,25.088203700282314],[121.45134100289414,25.087207096168964],[121.45064467113582,25.08635800729041],[121.44970767877491,25.085729552937686],[121.4486107163259,25.08537585158808],[121.44727191448233,25.085351725129673],[121.446739830414,25.084283834190003],[121.44571970812379,25.083342793474596],[121.44567296652433,25.08306220457403],[121.4461174351296,25.081712150292],[121.44605650197965,25.080653851165515],[121.44566087176682,25.079657229921363],[121.44467544178265,25.07857098478862],[121.44367540943426,25.07802915230122],[121.4425457423317,25.077775024263566],[121.44138371908986,25.077830484347928],[121.44006300186015,25.078315258400455],[121.43910417797747,25.077270160523696],[121.43903350649097,25.07585020086681],[121.43922503649297,25.074738320551198],[121.43907331280693,25.073772130515255],[121.43960149096536,25.072666578142872],[121.44121149946554,25.07282266764901],[121.44269046870038,25.07240924203656],[121.44333532724588,25.0720140136238],[121.44411389222776,25.071226455841433],[121.44471062356952,25.069863813445828],[121.44623934234006,25.0704641480055],[121.44805957614706,25.070396282311446],[121.44891821115685,25.071099286199377],[121.45017782190506,25.07159556333156],[121.4506606551711,25.07250632260398],[121.45144493305843,25.07328916959038],[121.45244495987397,25.073830950135836],[121.45318952263545,25.074034179434904],[121.45396331251253,25.074101204090923],[121.45511371836974,25.073942182523606],[121.4581598622957,25.072564576294475],[121.45909201938767,25.07258261212177],[121.46002913012921,25.07238440542368],[121.45961625371119,25.073432041952454],[121.45794941748461,25.074654777614214],[121.45725760877188,25.074914207906208],[121.45630820891353,25.074520761861333],[121.45515664975005,25.074368798402016],[121.45400623997729,25.074527820348216],[121.45295604406184,25.074984134076026],[121.45209649894213,25.075698445176837],[121.45166682041886,25.076288373517823],[121.45127847419116,25.077287364459067],[121.45120486771661,25.07799210681303],[121.45137944858354,25.079039864390165],[121.45167931146442,25.079692991632143],[121.45237561179651,25.080542076842963],[121.45331170763082,25.08124170136008],[121.45306331906822,25.081925194299846],[121.45229556053062,25.082703811060476],[121.45180154994227,25.083663325718792],[121.45165504470332,25.085066022620325],[121.45194157060985,25.086093148291003],[121.45254316854933,25.08700029909374],[121.45330232239796,25.08763845098959],[121.45336333743133,25.08869644361279],[121.45375905996364,25.089693041837034],[121.45458668232294,25.090649713406812],[121.45527310355294,25.091770354812898],[121.45641997536907,25.092887073043364],[121.45720136649595,25.095093279242384],[121.45790101924064,25.096098169621268],[121.45797310682649,25.096936566894886],[121.45836889413647,25.097933150818935],[121.45935460143538,25.099019298310616],[121.46072175759728,25.099679271276205],[121.46148477559237,25.099815008608005],[121.46264699457586,25.099759388472705],[121.46339018240764,25.099551568931005],[121.46438636157326,25.09900363080898],[121.46536388774408,25.097911371235053],[121.46649505095382,25.095095278671565],[121.4677955815952,25.0964823623417],[121.46873274722695,25.097110699066093],[121.47028988285155,25.097574250883742],[121.47145247411294,25.097622560170887],[121.47221442975945,25.09748202740936],[121.47326474246526,25.097025577024706],[121.47453396643407,25.09600454921204],[121.47525138619547,25.09509781054526],[121.47655168656875,25.094708786075106],[121.47744782443891,25.09410454804821],[121.47918256854908,25.093353160958156],[121.4802753413449,25.093595050834],[121.48143749051306,25.09353928441481],[121.48253181562183,25.09317870893828],[121.48458866915401,25.092164402540895],[121.48634253977454,25.093029459422215],[121.49004300016249,25.093422503871256],[121.49152204314767,25.0930085915222],[121.4926001076338,25.0922265774561],[121.4943720970321,25.09179855504623],[121.495304276373,25.091164152121415],[121.4963184279862,25.090127493807348],[121.49736214171132,25.089778517269988],[121.49829429017502,25.0891440958583],[121.49898405925829,25.088290576572888],[121.49939975585123,25.087116927645248],[121.50037427012458,25.086464057605],[121.50106400992415,25.085610528798437],[121.50135882241307,25.08495549709132],[121.50152529642095,25.083906651906652],[121.50135028212016,25.082858960467625],[121.50097075301517,25.082086308679287],[121.50167869497515,25.08076549144042],[121.50184225026928,25.079666481711197],[121.50361213538979,25.07923844249381],[121.50494496359673,25.07828205874207],[121.50525238762273,25.079664451765503],[121.50585434231294,25.080571381811254],[121.50643689025182,25.081090749421783],[121.50643798135575,25.0815607130925],[121.50613802982714,25.082388810504874],[121.506079425072,25.08334655485949],[121.50509468280015,25.084275000745762],[121.50450793695282,25.085578769486442],[121.50445517690065,25.08663742466277],[121.50486213370081,25.088114444573634],[121.50572654546207,25.08928306474366],[121.50701626057852,25.090061476960724],[121.50814616521167,25.090315110121644],[121.5096854027642,25.090171721692112],[121.51040247734252,25.089898346522265],[121.5113345579191,25.08926384423014],[121.51325925378625,25.086659307383194],[121.51348207989496,25.085981096933885],[121.51353506376851,25.08492763010492],[121.51413200801383,25.08361108123464],[121.51418587002273,25.082572826382478],[121.51511190166079,25.080101057532904],[121.51516456824628,25.079042399131716],[121.51496047254292,25.078223999401395],[121.5152448792734,25.077830767559806],[121.51681438051125,25.076853747242186],[121.51769155452422,25.075621019490594],[121.52157142747068,25.07490096045982],[121.52256714280634,25.074352636995023],[121.52354395371496,25.073260001540085],[121.52393169801368,25.072260830174915],[121.52398428665441,25.071202168805875],[121.52352947955671,25.069855416982328],[121.5225041680296,25.068743373781103],[121.52222806722621,25.067597857755644],[121.5224792681721,25.066425767664317],[121.52340386869311,25.06644241232796],[121.52450733860698,25.066188869848634],[121.52635395418618,25.066342402958654],[121.52768296178355,25.065993224838913],[121.52877682811463,25.066235162813197],[121.52965926833171,25.06621779256575],[121.5303075629001,25.066993518605045],[121.53124481285663,25.067621461568653],[121.53196404725716,25.067889796627085],[121.53311562929636,25.06804116387113],[121.53426586497179,25.067881531259196],[121.53531568872074,25.06742464750796],[121.53617468522629,25.066709862178566],[121.53665789222954,25.066014683428634],[121.53786428820108,25.066072366247113],[121.53919901806024,25.06572057873533],[121.54129586764496,25.066011160002382],[121.54278207594417,25.065740573592297],[121.54388594347452,25.065881158512667],[121.545054496485,25.065812343289817],[121.54640830632802,25.065452175203905],[121.54840014819278,25.065646597993066],[121.54986770610887,25.06660189767782],[121.55197618136711,25.066891153123102],[121.55349217658313,25.06661062216991],[121.55477489350866,25.065823022479968],[121.55562904322248,25.06464826709868],[121.55585159726161,25.063969995597635],[121.55590390920685,25.06291132641912],[121.55574915398789,25.062217586675796],[121.55524739997132,25.061261460909066],[121.55411508908323,25.060250831544884],[121.5539890609293,25.05864763269998],[121.55316888975075,25.057322583607732],[121.5531550495705,25.055961067166553],[121.55276708362051,25.054980829615037],[121.55278169515941,25.054349237404487],[121.55322124478413,25.053270071545533],[121.55327357670808,25.052211401465602],[121.55311885092543,25.05151765750167],[121.55268642139481,25.050665813002382],[121.55314663778644,25.04928931791958],[121.5530143422402,25.04797917902949],[121.55471927212795,25.048008887796556],[121.55614581981916,25.047464342254962],[121.55723500551662,25.046463927328467],[121.55759849977261,25.045838231137836],[121.55785673993381,25.044934122088307],[121.55941483370312,25.045072308153383],[121.56100408549845,25.044596517046433],[121.56234635379371,25.04487647310298],[121.5626240618012,25.045845843539148],[121.56299322850003,25.04646877692428],[121.56431437480737,25.04758150656226],[121.56446139535797,25.049052724821394],[121.56519621528557,25.05029258110464],[121.56639597107623,25.0511818878684],[121.5682080489331,25.05186063856813],[121.5688086997118,25.052564228141097],[121.56974602959026,25.053191927827648],[121.57046525910008,25.05346007692774],[121.5716167470086,25.053611147387166],[121.57281395995476,25.053435640315065],[121.57661689362665,25.0537811441324],[121.5781363963092,25.053498740308314],[121.57905625988073,25.054112039588045],[121.58012241992292,25.05445785948157],[121.57918622227592,25.054782558863597],[121.5782547574133,25.055417479706783],[121.57756572477817,25.056271358691617],[121.57716933699737,25.05732841994685],[121.57578469840219,25.05831103090099],[121.57510011368412,25.059456388275688],[121.57391564592872,25.060691274908628],[121.57326286437562,25.06282133112959],[121.57332487795371,25.06387956300623],[121.57355364074961,25.064556116721395],[121.57415601672474,25.06546276436483],[121.57470792124586,25.065961203995222],[121.57570841386753,25.06650214686997],[121.57645312332347,25.06670475554524],[121.57761544785915,25.06675223747687],[121.57852819026687,25.066561252709583],[121.57817269573091,25.067741464949528],[121.57837301448636,25.069248838338364],[121.5780318374377,25.069551477617274],[121.57733407732393,25.069557828429144],[121.57631412022062,25.068848018506785],[121.57483185009089,25.06844474783772],[121.57366999457429,25.068501241163688],[121.57257616783625,25.068862481793786],[121.57138448743008,25.069760946894384],[121.5706610013562,25.071006375806444],[121.57051586497154,25.07240917021837],[121.57067071706042,25.073102891943023],[121.57111676356675,25.073974863130193],[121.57093191429855,25.07428461434794],[121.57034708354578,25.07471353796065],[121.56892721582987,25.07498956872165],[121.56778431800456,25.075660895598364],[121.56661620640082,25.07603240842843],[121.56567150928929,25.076680433547605],[121.56402333150812,25.07725583604279],[121.5628244269688,25.078240773053267],[121.56201425967141,25.07974710024669],[121.5610245239144,25.08040716526942],[121.56017588354887,25.081571121714827],[121.55961284052583,25.081059085992425],[121.55861229668919,25.08051803651638],[121.55748238610869,25.080264787535928],[121.55670508234103,25.08026770527727],[121.555226423733,25.080682261968324],[121.5542657212536,25.08134633351344],[121.55272190957835,25.082057939387013],[121.55187465458933,25.082756990140428],[121.55118528746621,25.083610749395042],[121.55079773191532,25.08460998734095],[121.550745370655,25.08566865254861],[121.55103272145784,25.086695573678632],[121.55163504523293,25.087602311029272],[121.55250047405603,25.088310773558984],[121.55318754028676,25.088641924461808],[121.55470627767049,25.088911140742038],[121.55547957986286,25.088838859517672],[121.55657363570636,25.088477741895833],[121.55809438083102,25.087353644403397],[121.55963822593203,25.086641982835197],[121.56018561228399,25.086139343061653],[121.56077415237043,25.0852389529083],[121.56165074134817,25.085960904933128],[121.56259782378915,25.08641201585157],[121.56372780078367,25.0866652245103],[121.56488983377906,25.08660880605812],[121.56563275985991,25.086400478053918],[121.56680068567235,25.085708425711005],[121.56777087783605,25.085373736645753],[121.56867794832658,25.085555234867748],[121.56983996776157,25.085498777864178],[121.57093394974284,25.085137555449194],[121.5715922168507,25.08473031726306],[121.57337294234458,25.084460395707666],[121.57455348890616,25.083757724317262],[121.57727721854577,25.083291162889317],[121.5787998620759,25.08248736634811],[121.58038414244706,25.0820674332785],[121.58153952920713,25.081205732402598],[121.58249594802709,25.081852076591282],[121.5835932440542,25.082204782605587],[121.58475571659629,25.082252205843567],[121.58599947335509,25.08193963614852],[121.58717548167098,25.082470187556996],[121.58839202783098,25.0826179672948],[121.58526394038958,25.084377637090856],[121.58449737781525,25.085382304483026],[121.58318339209973,25.086506763564827],[121.58269039596937,25.087466696951576],[121.58254203018694,25.088161594115576],[121.58260414091056,25.089219816863697],[121.58283300449318,25.089896352221324],[121.58343557603808,25.090802955674757],[121.5839876332273,25.0913013563911],[121.58535534853236,25.091960171754607],[121.58611844317993,25.092095266671482],[121.58728051336055,25.09203867216027],[121.58870741629977,25.09149381041563],[121.58956626124105,25.090778720864865],[121.59007273753679,25.09003764444409],[121.59157687239183,25.089171636558824],[121.59279346523282,25.08870556698968],[121.59422994931228,25.088294294791528],[121.59564769344476,25.088107996631315],[121.59739401342104,25.08804673619241],[121.59964884807728,25.08838529487079],[121.60081087468062,25.08832859511128],[121.60190478570587,25.08796714568455],[121.6028288180835,25.087338364469677],[121.60408380048226,25.08707006149665],[121.60490999725334,25.086636565729894],[121.60641806294372,25.08649091661969],[121.60777927895889,25.085821143448076],[121.60855685994775,25.085032740726096],[121.60914249231666,25.083728579883218],[121.60919435032218,25.0826699029165],[121.60878753387128,25.081416621940072],[121.60972921843397,25.08089111312558],[121.61027637108086,25.08038829239181],[121.6109995051604,25.079142678312202],[121.61116503547257,25.078093725874037],[121.61092750044338,25.07689159159551],[121.61119761389628,25.07576775544777],[121.61118275262531,25.074992289966296],[121.61212625270079,25.07435190702478],[121.61265289447714,25.073746963340326],[121.61416915170169,25.07304104154349],[121.61488531888712,25.072328597068786],[121.61541622650726,25.072225254735034],[121.61556111153281,25.07371403096105],[121.61597182046778,25.074586814959908],[121.61666920845808,25.075435111137217],[121.61795945762547,25.076212550723206],[121.61924612005068,25.076471692691847],[121.61922588279387,25.07733046453387],[121.61951378103181,25.07835724409587],[121.62096654126475,25.08074371342741],[121.62183231114797,25.081451765804484],[121.62288649663894,25.08190044179844],[121.62403830641716,25.082051098926684],[121.6255543069624,25.08176983212996],[121.6265495988022,25.081220818942377],[121.62735749479565,25.08038553776775],[121.62808715789402,25.080842623950105],[121.62918456782346,25.08119499060343],[121.6303470402353,25.08124205655894],[121.63147445532861,25.080979768355718],[121.63246971352325,25.080430716043285],[121.63344558014727,25.079337375103705],[121.63383244425437,25.078337933400352],[121.63388059009574,25.077258444464587],[121.63421452319035,25.07775088979308],[121.63380221364721,25.07904295461128],[121.63401730992074,25.08058554347963],[121.63341426750834,25.081352710805078],[121.6330273910825,25.08235215126696],[121.63297573835463,25.083410832651143],[121.63313095619743,25.084104481296198],[121.63363340615493,25.085060327848737],[121.63412935438166,25.085605433386025],[121.6356675579377,25.08646224554499],[121.63612174258844,25.087797287360022],[121.63681934422696,25.08864548318729],[121.63775728986529,25.089272738656337],[121.63865071374384,25.089588943249993],[121.63750097036976,25.089749359107437],[121.6364513534113,25.090206960825267],[121.6355927911449,25.090922316568523],[121.63512099193636,25.091596490512295],[121.6337727927461,25.09150796370716],[121.63229427680464,25.09192328545262],[121.6313628167485,25.092558536538643],[121.63059735991884,25.093561927744506],[121.62966281275455,25.09419850485933],[121.62897393112054,25.09505261542537],[121.62858697789036,25.09605204401736],[121.62853528393507,25.09711072276937],[121.62869692102818,25.097820489401528],[121.62735142014463,25.098346826524516],[121.62649274801497,25.09906213095708],[121.62589907252047,25.099973603234577],[121.62562945582809,25.100952462435348],[121.62482902055555,25.102073578118198],[121.62453416064108,25.10345675295872],[121.62489339234887,25.10493312498169],[121.62444287210303,25.106456373480423],[121.62276170752372,25.106118913677765],[121.62161124528645,25.10627923590268],[121.62089433473993,25.106553145379443],[121.6199627050749,25.107188326903078],[121.61947224365238,25.10773759995282],[121.61888661325561,25.10904179747251],[121.61884482710643,25.110280473078756],[121.61930083027698,25.111626903954036],[121.62028804932929,25.112711953453807],[121.6216561923109,25.11337042405307],[121.62280829645456,25.113521084456796],[121.62395882447625,25.113360751826026],[121.6250086856282,25.11290323519212],[121.62603683345137,25.11197798230804],[121.62700433480424,25.11227496966569],[121.62812845176924,25.112361081344687],[121.62927896106372,25.11220070774864],[121.63003680720401,25.11190418819252],[121.62925666422467,25.112941157337428],[121.62768155755414,25.11264892025664],[121.62653104170367,25.112809281569085],[121.62581410492567,25.113083215115676],[121.62462240181135,25.113982103260327],[121.62402864279683,25.114893567885282],[121.62373374643987,25.11627673952351],[121.62411267370821,25.11779737168853],[121.62471568724075,25.118703795736593],[121.6252680361358,25.119202035415938],[121.62663627780084,25.1198604575776],[121.62778844818364,25.120011077855185],[121.62930490526875,25.119729765255144],[121.63058766852929,25.118941514398372],[121.63133059131302,25.11798232908341],[121.63317727050762,25.118212026997437],[121.63393915074874,25.11807066465222],[121.63498901291099,25.117613077570446],[121.63607815279614,25.116612093752735],[121.63675822988033,25.11509863708852],[121.63794811195498,25.114042053475078],[121.63855669372286,25.112591017210363],[121.64007964304578,25.11246216116634],[121.64021010541961,25.11404467488975],[121.64094608290605,25.11528412353288],[121.64181221293929,25.115992049000717],[121.64249966669504,25.116322777516466],[121.64401892217649,25.116591068116133],[121.64643238145324,25.11643830952906],[121.64752639864508,25.116076522713424],[121.64845794804022,25.115441170231517],[121.6493064007214,25.114275881421744],[121.65085932103099,25.11371283532274],[121.65145795761867,25.11326111371247],[121.65214677956021,25.112406901865125],[121.65258883639405,25.111056627994124],[121.65258507829208,25.110348735668396],[121.6522968242925,25.109322031625126],[121.65143089370201,25.108154296925644],[121.64929836133852,25.106794700891964],[121.64941590327233,25.105922686182037],[121.64923959779468,25.104875195910047],[121.64848861170445,25.103322500566776],[121.64777693293266,25.102462993169674],[121.647348571081,25.101282527751763],[121.64649343395592,25.100305736670787],[121.64645580492653,25.099088613686035],[121.64609888230042,25.09807596627274],[121.64621520870331,25.096788056632523],[121.6468774679408,25.09630121617851],[121.6475662300591,25.095447024932827],[121.64802409852209,25.093916745176344],[121.64925230113327,25.093868306446176],[121.65067893672506,25.093322853664574],[121.65153742558624,25.092607412258875],[121.65226020612225,25.091361605930203],[121.65242539761698,25.09031261577607],[121.65222003683786,25.089192288123154],[121.65254285404949,25.088317433334954],[121.65261531045867,25.08761261244317],[121.65217555275221,25.084752598838957],[121.65284752704656,25.084051740439833],[121.65333995742532,25.083091584372358],[121.65348415794759,25.081688728866357],[121.65310741374516,25.080493612683416],[121.65390255265346,25.07861740458056],[121.65385650169094,25.077071028508524],[121.65407545289246,25.07629852269707],[121.65501124559485,25.074919566985646],[121.65551518626289,25.07506591373212],[121.65635728054636,25.075824649128702],[121.65639500066652,25.077041734435063],[121.65699397887543,25.078340835714585],[121.65809324761044,25.079332282721175],[121.65930028491333,25.07981482345194],[121.65971227846629,25.080897832914044],[121.66040999974638,25.081745916132242],[121.66134800856776,25.08237302169512],[121.66251800079404,25.08273460083966],[121.66358805123754,25.083493048325188],[121.66460154982639,25.083826380390857],[121.66527729113656,25.08491460930219],[121.66614333961877,25.085622397057108],[121.66719771512793,25.086070754042677],[121.66834960996418,25.086221065257593],[121.66912281474654,25.08614819333469],[121.67021649380914,25.08578624453965],[121.67186067525078,25.08461002323687],[121.67257914648954,25.08389410683348],[121.67382976879244,25.084041062254403],[121.67497994583127,25.083880340144315],[121.67602935941322,25.08342246951107],[121.6768876295857,25.082706884935558],[121.67818620982709,25.08080630459253],[121.67862787395056,25.07945595565346],[121.67846850595217,25.078054467608876],[121.67816745409831,25.077401820298277],[121.67748759576767,25.076571686369594],[121.67822748125533,25.075936862232815],[121.67887386413291,25.07488756726004],[121.67931213546215,25.0748960200817],[121.67948163937454,25.075825652423063],[121.67978269406198,25.076478297140117],[121.6802777685505,25.077154910362136],[121.68114384537012,25.077862610647546],[121.68285251272384,25.078431271674656],[121.6838112304038,25.078943179489787],[121.68530245091424,25.07920994675515],[121.68602058230297,25.080096386204275],[121.68731130420954,25.080873212453376],[121.68844146403555,25.081125467556706],[121.68965803648942,25.08105533224183],[121.69076842090817,25.081540921129854],[121.69174141717087,25.081683882157396],[121.69191154002596,25.08286597104158],[121.69241443626545,25.08382160937398],[121.6933602974754,25.08475315052161],[121.69432024811927,25.085275768820843],[121.69330172045385,25.085989733871493],[121.6928116747351,25.086539242520825],[121.69231954252255,25.08749952298185],[121.69217179848143,25.08819451733922],[121.6922348509919,25.089252675262614],[121.6924643133654,25.089929029400224],[121.6930676821428,25.090835171348573],[121.69362017371859,25.09133315517771],[121.69498845193175,25.09199094799031],[121.69575165344631,25.092125476551345],[121.69691365255834,25.092068024287098],[121.69953733082473,25.091395851452564],[121.70018143780527,25.090999521426465],[121.70095844664296,25.09021064648045],[121.70154311393328,25.088906141468286],[121.70166786419784,25.08724730009238],[121.70230123716941,25.086294592299964],[121.70258810055456,25.084792591790958],[121.70308295365174,25.083626104979782],[121.70307490508078,25.08221714719901],[121.70247542537416,25.080918243280323],[121.70108919359942,25.079243388246514],[121.70015101297432,25.07861653740119],[121.69866824889401,25.07821451443328],[121.69618618144511,25.0782198764587],[121.69619386457173,25.077437599101984],[121.69590533280363,25.0764109812907],[121.69530201689456,25.075504848062767],[121.69443587774408,25.07479723155472],[121.69300358975212,25.074264724742086],[121.69119069968204,25.074333914219494],[121.68999472303905,25.07381639660768],[121.69081781452964,25.073240381837813],[121.69150614150043,25.072385993041234],[121.69191250889317,25.07134640878551],[121.69195935062052,25.070262206186776],[121.6940503342855,25.06997018770552],[121.69674089085316,25.068739599922065],[121.69751778542155,25.067950743201315],[121.6979396364571,25.067172007072177],[121.70033782943574,25.065690203191373],[121.70102604837219,25.064835771724933],[121.70141481724978,25.063820242829806],[121.7037677117787,25.06168060708547],[121.70425965577203,25.06072028951698],[121.70442436827973,25.05967124743228],[121.70424767255372,25.058623824517014],[121.70371453586614,25.057631461624958],[121.70473691740973,25.057285808258676],[121.7053808315152,25.056889458106436],[121.70685584732627,25.055215640462727],[121.7077670651399,25.05242519891052],[121.70776300013343,25.051717309123084],[121.70747443839679,25.050690711053022],[121.70710453713946,25.050068152067556],[121.70631881644145,25.04928668067332],[121.70474096608949,25.048548981013333],[121.70358938757751,25.0483989448331],[121.7028164441898,25.048471991142517],[121.7013905667671,25.04901793245333],[121.7005326722912,25.049733653838057],[121.70010428740156,25.05032427924328],[121.6998106197128,25.05097968670742],[121.69964781226429,25.05198861892334],[121.6989579847174,25.053423865947586],[121.6989659757015,25.05483283043633],[121.69953502671305,25.05608630666958],[121.69817050198232,25.05661788864357],[121.6959773651957,25.05847772701337],[121.69512320446492,25.058784092777966],[121.6941923248723,25.059419729065006],[121.69350408699418,25.060274129843673],[121.69309956145958,25.061389580068052],[121.69241019380026,25.062568072195507],[121.69186722833875,25.062846882695432],[121.6904712581266,25.0627481376923],[121.68818417526047,25.063130856007056],[121.6862893228788,25.06414025974943],[121.68547236401783,25.06499057121351],[121.68315339875124,25.065693939271288],[121.68196937160228,25.066360185834753],[121.68130866942855,25.067004640342006],[121.68011595450365,25.067400125318088],[121.6787272710245,25.06764668863194],[121.67827528179052,25.067584004060258],[121.67876744690653,25.066155961454367],[121.67876354601599,25.06544806862048],[121.67847518934894,25.064421411605032],[121.6781053897462,25.063798779277196],[121.67731975921896,25.063017153826],[121.67548190822328,25.062089190000712],[121.6743302325564,25.06193892913925],[121.67355718319745,25.06201182520126],[121.67222508224884,25.062505553723604],[121.67054465201862,25.06278066327439],[121.6695497105633,25.06332996583776],[121.66898796577198,25.06385150627616],[121.668092273331,25.06373423080791],[121.66664224079625,25.062035428917557],[121.665137876698,25.060782237551678],[121.66674256526743,25.060788222834034],[121.66748515233175,25.060579390696653],[121.66848008142969,25.060030102034833],[121.66902689834157,25.059527069996737],[121.66962006253529,25.05861543063864],[121.66984197487865,25.057937000099084],[121.66989330502219,25.05687830892266],[121.66973791910668,25.056184699693095],[121.66923531517548,25.055228974944185],[121.66836933794991,25.054233991994156],[121.66766266590236,25.05373172317479],[121.66716528620937,25.052789020719306],[121.66654679881887,25.052143855951222],[121.66637779034734,25.050944787369644],[121.66595283920967,25.050105689420313],[121.66701109456983,25.050693024872594],[121.66852958384676,25.05096108227167],[121.66967946101758,25.05080040678889],[121.67103992927075,25.05013006511894],[121.67158669257978,25.04962702411879],[121.67217979176463,25.048715374714114],[121.67240167346031,25.048036940115633],[121.67245966933258,25.047090874111213],[121.67386684210852,25.046260732977597],[121.67471970925351,25.045085314292766],[121.67494157084461,25.044406875999634],[121.67499285442608,25.043348182176693],[121.67442414526658,25.041833033689976],[121.67521894809876,25.04234319182866],[121.67647614314798,25.0427252168952],[121.67763826120839,25.04277191987766],[121.67876521677428,25.042509280492936],[121.67975994986455,25.04195991904408],[121.68053679099529,25.041171149611923],[121.68102884023833,25.040210904237767],[121.68119372822372,25.03916188139817],[121.68082359438783,25.03766578789543],[121.68097364838418,25.03667188894666],[121.68089359895474,25.03596775132155],[121.68049623448503,25.034971781737124],[121.67979865021421,25.034123784954627],[121.67886092381539,25.03349678620284],[121.67776380893505,25.033144778634256],[121.67660178166048,25.033098074670228],[121.67513204930525,25.033510346451067],[121.67390566052111,25.032327521935645],[121.67247395438413,25.031794801822592],[121.67131194080075,25.03174805617864],[121.67000638884018,25.032088619479904],[121.67033630005422,25.03095621101828],[121.67017710270731,25.02955470171375],[121.66944136795493,25.02831537933899],[121.66824111490978,25.027426912055407],[121.66714408277716,25.02707482404748],[121.66598211467253,25.027028035737594],[121.66485527007553,25.027290576343734],[121.66377058591343,25.027879836473623],[121.6627953894794,25.028973370553256],[121.66240890730631,25.02997288643864],[121.66235751828947,25.03103157993083],[121.66264565645156,25.03205827721836],[121.66351113910966,25.033225967126143],[121.66480122570327,25.03400300708093],[121.66631950430131,25.034271092011874],[121.66810301833003,25.033872355910855],[121.66777872913426,25.03476303123203],[121.66772738527828,25.035821724993017],[121.66801558006065,25.036848410056965],[121.6683852450542,25.03747107249455],[121.66948423062715,25.03846244621201],[121.67053820984914,25.038910790406664],[121.67168966577124,25.039061085714703],[121.67312468649637,25.038805941158483],[121.67318627638389,25.039872151002804],[121.67369596922798,25.04103702440764],[121.67237871800371,25.040246936888902],[121.67086035388793,25.03997891588537],[121.66934497989072,25.04026063434511],[121.66806328042016,25.041049206934687],[121.66737495769623,25.041903490385266],[121.66708113327606,25.042558837126748],[121.66694895275755,25.044031974839672],[121.66598018532974,25.044569888396875],[121.66543342054268,25.04507290910968],[121.66471103494307,25.04631877902428],[121.66456699403453,25.047721648613212],[121.66472233912721,25.048415264858992],[121.66514727613954,25.049254366799538],[121.66408904157497,25.04866701752921],[121.66274122975922,25.0484057875065],[121.66215197437226,25.04752552238224],[121.6612862215091,25.046817701767534],[121.660599112045,25.04648705037998],[121.65946932347163,25.046234574389658],[121.65793084293732,25.046379503200683],[121.65688167105121,25.046837243068232],[121.65602352652837,25.047552712674413],[121.65538563831065,25.048579797049577],[121.65396930717205,25.04767711387586],[121.65230779966602,25.047415939528847],[121.65224411167438,25.046378491071323],[121.65184694107607,25.04538244217904],[121.65114948982128,25.044534309225643],[121.65021182414058,25.043907129167643],[121.64911469246118,25.043554910767032],[121.64795257232085,25.043507984593603],[121.64682553628559,25.04377039173211],[121.64614197862532,25.044107075334086],[121.6452837888873,25.044822484032995],[121.64459050333352,25.045864027791414],[121.64429598595572,25.04724724527587],[121.64447215518213,25.04829475199094],[121.64497453953521,25.0492505658926],[121.64575987917186,25.050032369871015],[121.64676054173417,25.050572831702226],[121.64793431837357,25.050827179476457],[121.64767583200447,25.052117338603583],[121.64785203781842,25.05316483991275],[121.64858771261598,25.05440426648358],[121.64963351420991,25.055209405254903],[121.64883014432483,25.05633414166786],[121.64854737583704,25.057476432582263],[121.64730481835315,25.057114923682786],[121.64614257057595,25.057067985984535],[121.64538108180196,25.057209404389447],[121.6440622238657,25.05774506057351],[121.64292278775449,25.05723941831423],[121.64152008935429,25.057101227416656],[121.6409499703792,25.056444495268543],[121.64001226297944,25.055817252593997],[121.63891505180027,25.055464960948807],[121.63810708662778,25.055400578062798],[121.63693232524672,25.05453728926782],[121.6356058644662,25.05415499718142],[121.63457055107392,25.052977854252845],[121.63320551477122,25.052320286670682],[121.63335415753315,25.051333149884996],[121.63327436788256,25.050628982676415],[121.6330453068698,25.049952525399924],[121.63244258143843,25.04904612149424],[121.6315769841192,25.048338124676516],[121.63014526340675,25.047804997873005],[121.62898310685418,25.047757923976388],[121.62785598838552,25.048020188608152],[121.62686096735048,25.04856920767593],[121.62594372864356,25.049507700418378],[121.62535843004513,25.050811926987887],[121.625365578773,25.05222091298495],[121.6259641057641,25.05352015261063],[121.62694386701189,25.054432198973423],[121.6258060593264,25.05438777570961],[121.62472598281417,25.051959945931042],[121.62345130853129,25.05087318821187],[121.62352324635582,25.049739541507677],[121.62316216003241,25.048446637327825],[121.62310433098392,25.047359249160728],[121.62287533191147,25.046682774702827],[121.62233316803598,25.045849895500773],[121.6222941001777,25.045506824312625],[121.62341681911575,25.045920455831272],[121.62456829203391,25.04607111605622],[121.62534127673949,25.045998476254564],[121.62643473857257,25.045636852576337],[121.62707885288371,25.045240837389898],[121.62785605787387,25.044452336592485],[121.628348534095,25.04349225760459],[121.62849920310681,25.042743836820005],[121.62895955264034,25.042325079778244],[121.63149318141221,25.04474190564727],[121.63254708323676,25.045190520679867],[121.63369855880983,25.04534111006362],[121.63484843566017,25.045180704235122],[121.63620903978045,25.044510678509788],[121.63718459568932,25.043417313987803],[121.6375798839876,25.042363523065898],[121.6391520276051,25.042327358472512],[121.6400104468545,25.042772768814462],[121.64114016726671,25.04302539434809],[121.64230173981957,25.04296837815411],[121.64339512227615,25.042606631003277],[121.64444614652434,25.041851306649654],[121.6452992688236,25.040676051086624],[121.64557652725269,25.03964686391569],[121.64544359794287,25.038338014106863],[121.6469875426295,25.039140624418966],[121.6477503689962,25.03927540852305],[121.64891190196255,25.039218341388597],[121.65033791213327,25.03867290059127],[121.65093619259048,25.038221183854084],[121.65162461114127,25.03736697423686],[121.65213642102508,25.035906691892365],[121.65197742220515,25.034505159920553],[121.65124183732452,25.0332657451316],[121.65004166269641,25.032377129761702],[121.64894463484121,25.03202490748629],[121.64817102523656,25.03195889545212],[121.64665569182792,25.032240381871723],[121.64566088314425,25.032789523823052],[121.64511408470506,25.03329247117485],[121.64433324347978,25.034618029888534],[121.6429894477389,25.033787215894744],[121.64185980895381,25.033534602501405],[121.641082811912,25.033537956312923],[121.63942501757428,25.033973337499035],[121.63849402635249,25.034608628895132],[121.63796825150402,25.035212777676758],[121.63635465471476,25.03565008406387],[121.63496001453797,25.035284616434485],[121.63342163539977,25.035429289508947],[121.63237246056916,25.035886856924364],[121.6317161294159,25.03639734260895],[121.6300824932613,25.03707682255422],[121.62924621918064,25.037769855859636],[121.62819687047032,25.036838172167137],[121.6270670905919,25.036372528509204],[121.62624233566329,25.035837414661763],[121.62514534058953,25.03548501612279],[121.62335880667433,25.035491512575646],[121.6214954411512,25.0360431025287],[121.62056433956967,25.036678283518924],[121.61992753745535,25.037452746212068],[121.61892547881182,25.03779306991631],[121.61799435061826,25.038428235161717],[121.6173056896988,25.039282293513022],[121.617005939782,25.039958548462277],[121.61576440971501,25.041281859333786],[121.61517092243379,25.042193291938847],[121.61489340366089,25.043222427060726],[121.61491343673931,25.044028603353468],[121.61438146510207,25.045037482639206],[121.61421600023256,25.046086441942848],[121.61439191279844,25.04713398948626],[121.61506683766535,25.04830012605709],[121.61542226376214,25.049414996758692],[121.61546116476309,25.050444892360076],[121.61517819776554,25.051286765581096],[121.61444486298582,25.051595015255785],[121.613582021794,25.05150888083867],[121.61238707501946,25.05168399362292],[121.61141582388493,25.051385084070002],[121.61056098438247,25.05132284344849],[121.60997050009857,25.050635065392218],[121.6081975800161,25.049308458072083],[121.6075105931505,25.048977558718047],[121.60638088090121,25.048724677358535],[121.60521923105706,25.04878141399133],[121.60447660178332,25.04898993578587],[121.60348146530198,25.049538800297213],[121.60292552428989,25.05005262288455],[121.60074239942655,25.049708871348777],[121.59959243004329,25.049869014712435],[121.59871925143096,25.05022914680556],[121.59784608705587,25.05024235429197],[121.59760594122623,25.05006451327701],[121.5974383724014,25.0491565347813],[121.5971378202234,25.048503710913067],[121.59670323867077,25.047916843559573],[121.59583784995438,25.047208634339214],[121.59478405836529,25.046759756794213],[121.59316340313562,25.046639046947355],[121.59209412935337,25.046179775773545],[121.59042310112683,25.046066049388582],[121.59006300013111,25.045844933748448],[121.59060196186503,25.04456069596432],[121.5920057796988,25.044662202523728],[121.59313295005971,25.04440020892971],[121.59412809319417,25.043851413280912],[121.5950362784411,25.042862318936624],[121.59606810366735,25.042301380626114],[121.59704400452962,25.041208272943734],[121.59748643195472,25.039858143648345],[121.59748300227194,25.0391502370726],[121.5971953856466,25.038123404245983],[121.59682607391595,25.037500557823613],[121.59604112026597,25.036718486412944],[121.59413080428668,25.035607684174764],[121.5925822988343,25.03534033870767],[121.59154404812386,25.03489977636616],[121.59078130374773,25.034764701948248],[121.58924286888487,25.034908918520035],[121.58788210457915,25.03557851781552],[121.58649468338301,25.037106800986265],[121.58601566392902,25.038031224539917],[121.5849850260074,25.038841209737146],[121.58368575459156,25.040549217546175],[121.58295148400259,25.039828701368194],[121.58205199329748,25.039330758768322],[121.58111806501726,25.038538843890997],[121.57968666632506,25.038005223934626],[121.57852461265942,25.037957753187506],[121.57776315603542,25.038098824559963],[121.57568376070164,25.03895598754848],[121.57459479259163,25.0399565349327],[121.57400898937522,25.0412605700267],[121.57394600521255,25.04502536685338],[121.57408336717243,25.046341532581597],[121.5730417198145,25.04639544552959],[121.57211756541207,25.04618254548477],[121.57142186261156,25.045508890918487],[121.57036566264952,25.04493963753254],[121.57042324927517,25.04386095130063],[121.5701812591877,25.042948173225792],[121.57063803863056,25.0420437430035],[121.57077803147138,25.041401924159036],[121.57135466663107,25.040879141688137],[121.57194847551787,25.03996787815346],[121.57222634774716,25.0389388163896],[121.572213019516,25.036860907498227],[121.57193137230419,25.035848480500324],[121.57218621751575,25.034878819937052],[121.57218293379962,25.034170909681706],[121.57189553925603,25.033144023189788],[121.57129334270626,25.032237359358994],[121.57029436557039,25.031456602511348],[121.56974333359211,25.03064739089884],[121.56919160988174,25.03014892731103],[121.5678246709469,25.029489943863346],[121.56628500203612,25.029357708844007],[121.56507031664795,25.029657650486715],[121.56381054882175,25.029701160972692],[121.5624952446101,25.030184586244566],[121.56190345043534,25.029297549579347],[121.56104264461669,25.028591980048763],[121.56086804733663,25.027527470324767],[121.56036640075223,25.02657135564706],[121.55987101669676,25.026025989183267],[121.55869858035962,25.025193856175804],[121.5582063763489,25.024261403233602],[121.55771101117568,25.023716029076148],[121.55677396810984,25.023088246021956],[121.55574639533367,25.022750829719065],[121.5551963575573,25.02162146942888],[121.55409842448007,25.020629228502887],[121.5530450075863,25.020180046680977],[121.55157397245752,25.019895807413793],[121.55111534683117,25.01823453503342],[121.55051337624688,25.01732778129664],[121.54964846529151,25.016619291752356],[121.54868434343639,25.016198803154932],[121.54764102791985,25.014866214937257],[121.54613009038665,25.01401675098045],[121.54526103322169,25.012836258855803],[121.54378105949732,25.011996724642586],[121.54318336429098,25.01109793019686],[121.54161063719867,25.009831195304088],[121.54228678246474,25.008644493671227],[121.54241336446078,25.007129221587185],[121.54330369696625,25.006264269901052],[121.54390018504263,25.004893905084856],[121.54534326744718,25.004053249394012],[121.54583366194618,25.00350421499915],[121.5463266256592,25.00254439397812],[121.5464719719691,25.00114160674463],[121.5460171943354,24.999794910892458],[121.54503154422076,24.99870932354567],[121.54396994825461,24.99814578489542],[121.54500689872829,24.996818577974164],[121.5452968099855,24.99554900870168],[121.54588304772771,24.99501971015719],[121.54647683324231,24.99410854332505],[121.54677233735312,24.99272549220338],[121.54648533339059,24.991396774020973],[121.54752897412388,24.990349940760744],[121.54845889425773,24.990880863623794],[121.54888316130604,24.992045234138082],[121.549579615959,24.99289387109044],[121.55086858046076,24.993671924778518],[121.55161280972493,24.99387466825645],[121.55277444222801,24.993922357049097],[121.55390124121938,24.993660665830692],[121.55482332321863,24.99316178756325],[121.55499298493129,24.994112463391872],[121.5555452714776,24.995130518409884],[121.55558048098045,24.995340899238965],[121.55335718451816,24.9944253287166],[121.5518111379911,24.994431070711947],[121.55071789590964,24.994792143750733],[121.5500737891245,24.995187830427824],[121.54929638173373,24.995975933135863],[121.54893298657244,24.99660161140732],[121.54863749835336,24.99798466584934],[121.54894526576363,24.999365494712233],[121.54954713469928,25.00027225866856],[121.55010291532022,25.000773662913733],[121.55077711946277,25.00186228370261],[121.55197629568482,25.002751722554926],[121.55318743988992,25.003119732833614],[121.55429855710891,25.003751955400567],[121.55542775747384,25.004005243389745],[121.55658901756355,25.00394890267575],[121.55801505140495,25.003404344918867],[121.55880902954279,25.002754769763293],[121.56035646796805,25.002042031881352],[121.56134739468256,25.000919908541103],[121.56228352208211,25.00028292576444],[121.56297235762331,24.999429114876996],[121.56378712702936,24.997818110794352],[121.56406498020404,24.99678905895247],[121.5640030918906,24.99573081171602],[121.56342839821812,24.994465778844756],[121.5632937270846,24.993145082534333],[121.56514561924719,24.994120056813358],[121.56629654641684,24.994271179552793],[121.56724357087356,24.994158345113657],[121.56761468269963,24.99449550339705],[121.56837719732285,24.99585996584609],[121.56854301763606,24.99710280744135],[121.56930459471442,24.99851890505528],[121.5717112881828,25.000700075755898],[121.57260990232217,25.001954295143427],[121.57354686113413,25.002581981586555],[121.57426580120118,25.002850119203757],[121.5758254011222,25.00297945945109],[121.57675919509798,25.003981238425983],[121.57775918793952,25.004522180805537],[121.57888843969441,25.00477528967924],[121.57982400164924,25.00475017384213],[121.58062037198451,25.005509317977413],[121.57977698223408,25.00581253233085],[121.57884588470323,25.006447454343544],[121.57815712235661,25.007301336687455],[121.57777001362255,25.00830064715285],[121.57771790271981,25.009359328049865],[121.57800528582685,25.010386206678216],[121.57860742103507,25.01129284699517],[121.57947245663371,25.012001166323365],[121.5805258952731,25.012450160931984],[121.58167700998484,25.01260116090005],[121.58282665939494,25.012441161290635],[121.58387582845951,25.01198394243784],[121.58496447793773,25.01098332912021],[121.58555002767373,25.00967925024501],[121.58554334701111,25.00827024579028],[121.58531462991854,25.00759370473974],[121.58476240616714,25.00674790511251],[121.58623669536816,25.00660113650715],[121.58728580213739,25.00614389437142],[121.58814407192662,25.005428815556847],[121.58875015203611,25.004485049650594],[121.59033998438683,25.004488705995985],[121.59150654065547,25.004086880169062],[121.59207706363605,25.004852047071168],[121.59232559455272,25.00564655394707],[121.59292780974855,25.006553135361266],[121.59403289435448,25.007461374351454],[121.59492878639222,25.007859602811138],[121.595800236414,25.009044721862708],[121.59707660309323,25.00981680420415],[121.59736550116295,25.01086667862538],[121.59823022174476,25.012034766740577],[121.59951968589534,25.012812387716295],[121.60133418128368,25.013066667912007],[121.6014727865357,25.01459364806123],[121.60197469780915,25.015549620657346],[121.60247022177401,25.016094844965814],[121.6034074370891,25.016722337328055],[121.60412652180796,25.016990327369985],[121.60527770377232,25.017141143218097],[121.60605422183686,25.017067746023088],[121.60648325875414,25.018256577365094],[121.60718025503289,25.019104931748053],[121.60811751681955,25.019732393286013],[121.60921432506738,25.020084921848262],[121.61037621669928,25.020132155661116],[121.61150312195889,25.019870026802522],[121.61249798519286,25.019321111588724],[121.61322731033299,25.018591990261644],[121.61407678587723,25.018930397376202],[121.61522799638603,25.01908113556611],[121.61600081897497,25.01900854722879],[121.61709407239853,25.018646995048016],[121.61802505843586,25.0180118365359],[121.61871359898731,25.017157774794335],[121.61910040009846,25.016158364609975],[121.61915400069904,25.015130949680827],[121.61969498251744,25.016090006788772],[121.62047994903513,25.016871955085488],[121.62250791731958,25.01805256568086],[121.623430720734,25.01836604191098],[121.62547345718461,25.019971821344768],[121.62670040080161,25.02045925774114],[121.62733002477964,25.021052067330878],[121.62833037141577,25.021592661588627],[121.62945987502852,25.02184538091111],[121.63062125595448,25.021788459672717],[121.63171448846848,25.021426800462613],[121.63286261875967,25.020581873806034],[121.63403503598258,25.02097503386696],[121.63558139171177,25.020968430969024],[121.63667460161919,25.020606735671613],[121.63760549855542,25.019971456388674],[121.63829391210164,25.01911730662484],[121.63868055924902,25.01811784874564],[121.63872214574945,25.01695915795821],[121.63843424380133,25.01593240751379],[121.63783165143403,25.015026018843574],[121.63699534520002,25.01433750465918],[121.63789086739169,25.014185429771693],[121.63851387102272,25.014652007133833],[121.63956753757644,25.01510057875644],[121.64135380425266,25.015197621375528],[121.64264531316985,25.015655074551347],[121.64640166328049,25.015728370342025],[121.64749479353132,25.015366596786482],[121.64921869046418,25.01422047493158],[121.65033538369993,25.013097501733746],[121.65094476698495,25.0121437998142],[121.65200745108396,25.01168289544372],[121.65281993221565,25.01101358309774],[121.65407184825003,25.010968327931828],[121.65549751102812,25.010422842649028],[121.65635540573858,25.009707377725196],[121.65694843440535,25.008795785872607],[121.65722553001548,25.007766576005874],[121.65722175943404,25.00694867455934],[121.65706651426335,25.006255044698353],[121.6565642203845,25.00529926452934],[121.65606850630544,25.004754223545145],[121.65521012176671,25.004169743329317],[121.65428349610781,25.00302199898249],[121.65511544251363,25.00244113161046],[121.65580363818376,25.00158690319388],[121.65624558469732,25.000230478809453],[121.65690359001394,24.99940687872885],[121.65719737192236,24.99875154932457],[121.6573411199958,24.997346695202037],[121.65863522811166,24.996231680861232],[121.65918994020745,24.99503872357458],[121.6603986348481,24.99488052182349],[121.66162081384621,24.994304320536212],[121.66343871051336,24.99403049675512],[121.66415487341906,24.993756392823556],[121.66508542580318,24.99312094623516],[121.66704347607451,24.99081664403154],[121.66748694609542,24.98942547341031],[121.66885743039195,24.988892653389215],[121.66997517767636,24.987871432016014],[121.67046710801868,24.986911217487688],[121.67062315303258,24.986045286733873],[121.6723488749457,24.985900426944625],[121.6733974746198,24.985442586114186],[121.67412681674544,24.984857313909295],[121.67561895347303,24.98471040013121],[121.6769786689395,24.984040014109883],[121.67752512163848,24.983536953470047],[121.67811787125191,24.982625279908415],[121.67838960570415,24.981786832446044],[121.67845233088781,24.98092145675152],[121.67899332799063,24.980216367960185],[121.6793397966121,24.979404468035366],[121.68075987748958,24.979641107783127],[121.68189301974371,24.97948409425219],[121.68262905090346,24.979760891187407],[121.6837799659145,24.979911105375223],[121.68492916098918,24.979750324781243],[121.68609296340053,24.979213625096175],[121.68786376179071,24.979365763603194],[121.6882654978208,24.980388457833303],[121.68896282628295,24.9812364262064],[121.69025251609698,24.982013258850472],[121.69138177080171,24.9822655141612],[121.69215843737861,24.982261904290898],[121.69328481036288,24.98199916517869],[121.69396789450354,24.981662271967178],[121.6948253653905,24.98094659137218],[121.69525354390306,24.980355980371574],[121.69563961312909,24.979356381444738],[121.69571177455855,24.978651535806172],[121.6955352864062,24.977604087088558],[121.69479962317509,24.976364880385887],[121.69349031748806,24.97543006754226],[121.69345158514203,24.974217460396325],[121.69303969261027,24.973199506703395],[121.69286514650642,24.97218415729477],[121.69233428513655,24.971171531482927],[121.69163699250045,24.970323577043054],[121.69042722709155,24.96958070913336],[121.68981699902871,24.96886361051036],[121.68887972715582,24.968236659990943],[121.68778316981104,24.96788471153725],[121.68662175508774,24.967838072489222],[121.6854954948347,24.968100759217975],[121.68481246055777,24.968437613049023],[121.68372500344304,24.969438938858993],[121.68323324321898,24.970399195803644],[121.68308557100421,24.971094190100718],[121.68329722454715,24.972627102872064],[121.68128011012104,24.97229889081371],[121.67950471890155,24.972601594439144],[121.67837777255774,24.971986866739616],[121.6772486362468,24.9717345098675],[121.6760877555889,24.971791785435396],[121.67499509649261,24.97215376149389],[121.67406475169172,24.972789267468084],[121.67337683967652,24.97364357768407],[121.67297546466405,24.974739452549187],[121.67162228442353,24.977044646355903],[121.6713453718864,24.978073883348628],[121.67136017811178,24.978846929153192],[121.66990119543055,24.979009560003245],[121.66854149459655,24.979679881458686],[121.66756671103599,24.98077344510892],[121.66712217735801,24.98218715991109],[121.66617228980827,24.98216801179077],[121.66500154692817,24.98244988922934],[121.66512090921425,24.981138481363107],[121.66483287988143,24.98011177986427],[121.66396776951915,24.97894408194924],[121.66248143243867,24.978103807255284],[121.66210281438994,24.97676184764249],[121.66131941881227,24.975675462218227],[121.66125181002722,24.97471829582593],[121.66102274767786,24.974041875037745],[121.66042020359723,24.973135572007905],[121.65922055947281,24.97224701300019],[121.65773920483643,24.971844546481037],[121.6562016462098,24.971989439950452],[121.65515309270224,24.972447159415875],[121.65429544418069,24.97316261583915],[121.65379708947768,24.97384311155041],[121.65341069540229,24.974842609377408],[121.65335924050333,24.97590130866026],[121.65364716445211,24.97692803509081],[121.65449310222367,24.97807681021497],[121.65468804975,24.97937163670174],[121.65508501777309,24.980367690634154],[121.65578212245187,24.98121581920921],[121.65699328471165,24.98195960031074],[121.6566204240537,24.982932699566753],[121.65656899499697,24.98399139832436],[121.65685696593441,24.98501811650901],[121.65736316631512,24.985807182592303],[121.6565216209523,24.98628967689742],[121.65574495979978,24.987078322672772],[121.65503056706672,24.9885272023238],[121.65407663399363,24.98960313087252],[121.65365811536802,24.990806501447167],[121.65262160033072,24.99136961284077],[121.65184488266672,24.992158238879558],[121.65126011760924,24.99346256656592],[121.6512381161086,24.994696554696883],[121.64995470598575,24.995548819533873],[121.64910193010209,24.996724101737982],[121.64881955565217,24.997860883597628],[121.64819262906772,24.99898831782581],[121.6480275049157,25.000037314344716],[121.64833638414673,25.00141791606032],[121.6491872688996,25.00257151762463],[121.64773529870682,25.002983424515076],[121.6465448050025,25.00388247761779],[121.64582245738914,25.00512826156815],[121.64567915932088,25.00653660437032],[121.64517876465298,25.005984423037656],[121.64424142603127,25.005357195593813],[121.64314465567347,25.005004924099946],[121.64198290001572,25.00495794370091],[121.6408562002527,25.005220300150008],[121.64017283663011,25.00555695410123],[121.63957467118344,25.00600862711356],[121.63893036149352,25.00679512872616],[121.6380730061799,25.00678793173522],[121.63708558028337,25.007004164946693],[121.63674606605636,25.00621280527569],[121.6348914215873,25.003236080210804],[121.63402613807212,25.002528087278534],[121.6326793755227,25.001889319318668],[121.63197893541388,25.00103466564011],[121.63090336174831,25.00034844184254],[121.62972618807635,24.99923814824141],[121.62829504946087,24.99870498882712],[121.62674650664022,24.99871208396525],[121.62602899068595,24.997824775103545],[121.62473952355418,24.997047382600385],[121.62170031146874,24.99637462549137],[121.62001327131205,24.996568483125138],[121.61914639173146,24.995858298538685],[121.61817387443637,24.995435582547092],[121.61840233498616,24.994223583845855],[121.61804955146064,24.992758626311076],[121.61914746772958,24.992600870040253],[121.62015484364345,24.992166297377516],[121.62130642333642,24.992212134881573],[121.62243305013085,24.99194992755916],[121.62342764109563,24.99140094244134],[121.62420453897651,24.990612461183616],[121.62478957933426,24.98930823396166],[121.62484128194889,24.988249541498796],[121.62450294666834,24.98712635955819],[121.6250467319141,24.986102384620285],[121.62521203593029,24.985053408175002],[121.62490345913571,24.98367274953485],[121.62403869458272,24.982504813060526],[121.62310164101595,24.981877444854053],[121.62200513719226,24.981525011147347],[121.62084360660779,24.981477861052195],[121.62006210668916,24.981625906036967],[121.61950419555255,24.980470076990425],[121.61839749047802,24.979472961375517],[121.61811320054277,24.978052708179696],[121.61914707848103,24.97672675066682],[121.61936913361271,24.97604838546041],[121.61942087978319,24.97498969221551],[121.61926589022389,24.974296014978602],[121.61876402136393,24.973340094803035],[121.61826860248986,24.97279491975462],[121.61733165206658,24.97216751242551],[121.61585042479634,24.971764626376736],[121.61468950395806,24.971821423737573],[121.61359665415304,24.972182952724836],[121.61266598452232,24.972818081250185],[121.61197764150604,24.97367211613995],[121.61159090742876,24.974671512038444],[121.61153909424075,24.975730203886336],[121.61176549156981,24.97660334912095],[121.61086754266732,24.977632092765305],[121.61048078790282,24.97863148565734],[121.61042896431927,24.979690176771136],[121.6105839119784,24.98038386352795],[121.61108574808095,24.98133981104711],[121.6121124160686,24.982316978180833],[121.6121876586231,24.98311053499255],[121.61258429964656,24.98410670825615],[121.61357041404493,24.9851918415188],[121.61467087125344,24.985811433293005],[121.61498619866423,24.986760955479177],[121.61447721375957,24.987462186206994],[121.61409045946124,24.98846158719724],[121.61403866462858,24.989520277667136],[121.61437055219317,24.99063137058993],[121.61327264632372,24.990789091557982],[121.61196483206422,24.991423194107956],[121.6108237741434,24.991081737496202],[121.61084139576671,24.990239910409787],[121.61055379175315,24.989213096653287],[121.60995153622177,24.9883065853309],[121.60929105071767,24.987735414908286],[121.60911636103022,24.986706266034044],[121.60881590710278,24.986053458626905],[121.60811909139264,24.985205104850845],[121.60718209552323,24.984577635481347],[121.60608561026316,24.984225084201366],[121.60492405751305,24.98417781024377],[121.6037974610039,24.98443988463152],[121.60311410608202,24.984776369023905],[121.60202583272235,24.985777111677027],[121.60153336970683,24.9867371104003],[121.60136786223143,24.9877860641666],[121.6015435718275,24.98883363869532],[121.60204537449825,24.98978961629177],[121.60293885505322,24.990644522851397],[121.60311349979014,24.991673679624267],[121.60361532651162,24.99262965111945],[121.60471339561296,24.993621527501052],[121.60619453004153,24.99416148841537],[121.6061551388354,24.995063645520855],[121.60500650455779,24.995432856409217],[121.60381576343077,24.99633157304599],[121.6030930224816,24.99757715820425],[121.60294391143525,24.998904951922825],[121.60203386318751,24.99931636315618],[121.6008899107619,25.000243631022663],[121.59962292825595,25.000398983410168],[121.59874191039681,25.000763627900824],[121.59808122501974,24.99984637627916],[121.5980917219822,24.999050242655297],[121.59780420119542,24.99802340385925],[121.59674742593722,24.996697983946376],[121.59722742275821,24.9959272811638],[121.59750499216223,24.994898171742104],[121.59750156938195,24.99419026088873],[121.59721406568598,24.993163419983876],[121.59684489339894,24.99254056737155],[121.59606023179039,24.9917584860668],[121.59506026606127,24.991217665361937],[121.59393110839744,24.99096467713055],[121.59276999354752,24.991021306935238],[121.59167690757607,24.9913826784133],[121.59074597995021,24.992017673037765],[121.59025583269813,24.992566851963804],[121.58976325151689,24.993526813052448],[121.5896150271295,24.994221723237466],[121.58967713352156,24.99527995609387],[121.5899434645601,24.99602816219192],[121.58833423680888,24.996816151088037],[121.58694291540755,24.997908473340843],[121.58616573056055,24.998696764550328],[121.5857318976517,24.99950487463858],[121.58415436575605,24.999153168630816],[121.58399692759001,24.997746896666133],[121.58326224495599,24.996507122383196],[121.58181291351465,24.99537794087138],[121.58019007498262,24.9949689257058],[121.57886812733742,24.993540398656844],[121.57997360283153,24.992688996728024],[121.5805671232709,24.991777698186556],[121.58084482353789,24.990748616912665],[121.5809347792863,24.98935861538452],[121.5808727517568,24.988300376626967],[121.58032661887889,24.98650699412444],[121.58002631620644,24.985854125766277],[121.57932969623533,24.985005633508962],[121.57839284401652,24.984377980146302],[121.57729643795874,24.984025215203868],[121.57613489314927,24.983977716307894],[121.57430505695905,24.984191869289138],[121.57289977159698,24.982265751826052],[121.57003082392293,24.98044790306484],[121.56877178573723,24.980189397453707],[121.56786087448614,24.979707923738367],[121.56669088618256,24.97945304685473],[121.56570429721722,24.979039943791083],[121.56409042418969,24.978918083023807],[121.56293436967987,24.978399963348807],[121.56174838134413,24.97825052160091],[121.55949445918574,24.977549987630262],[121.55844299712253,24.9774028822834],[121.55931165037808,24.976399218443596],[121.55975427582977,24.97504918648241],[121.55959641682261,24.973647523497146],[121.55886212467533,24.972407617896355],[121.55799748656032,24.97169916803075],[121.55656696355835,24.971165305407794],[121.55502120867864,24.97117107574529],[121.55386653284557,24.97156616381159],[121.5535739155252,24.970444490369065],[121.55270991078557,24.969276123584354],[121.55142119248268,24.968498079141554],[121.54980461454828,24.96823361554204],[121.54975725067524,24.96806416536106],[121.55068082099491,24.96783071743554],[121.5516755492656,24.96728220777527],[121.55312244603158,24.965999579567764],[121.5537769996517,24.964931062117586],[121.55551785276775,24.96547526008693],[121.55667875130466,24.96541892464218],[121.55763256894143,24.96511844353105],[121.5590979568715,24.96551526720906],[121.56025885356915,24.965458903874854],[121.56168443015927,24.9649143161615],[121.56228269165966,24.964462952174447],[121.56297133288987,24.963609140695688],[121.5633584298464,24.962609863115034],[121.56341065265498,24.96155117880236],[121.56312351232337,24.960524261131425],[121.56225948980308,24.959355948571634],[121.5613229189232,24.958728180666288],[121.5602267877439,24.95837528392718],[121.55906548769352,24.95832764732933],[121.55794859734404,24.958586208798827],[121.55675590662631,24.958171811382577],[121.55534306145452,24.957205865780903],[121.55726106487965,24.957547706842323],[121.55838320310023,24.957914712562992],[121.55954449912208,24.957962354555583],[121.56061499318176,24.957719109454025],[121.562438861393,24.957678895783452],[121.56392043098867,24.957096033054107],[121.56481892463061,24.95702888236322],[121.56590438573555,24.956670938356044],[121.56636435908688,24.95810563041276],[121.56734986248264,24.959191084757965],[121.5687160135828,24.959850092547043],[121.56947827218008,24.95998529019057],[121.5706391106115,24.959928846891444],[121.57206457622462,24.9593841613394],[121.57266277267473,24.95893275646176],[121.5733513113127,24.958078898167837],[121.57373830754294,24.957079594662705],[121.57384114870864,24.95618479213069],[121.57348600190953,24.954713976086868],[121.57486844069405,24.955075302941914],[121.57602922976672,24.955018818461014],[121.57745461447335,24.954474082401717],[121.57837753649812,24.95370447621347],[121.57930382599042,24.953984809617246],[121.5804650896673,24.954032289034174],[121.58159146406267,24.95377039431637],[121.5823947742433,24.953352098927883],[121.58277106165967,24.953625950268417],[121.58317598550006,24.95433919786271],[121.58396032457807,24.9551213568316],[121.58495994816056,24.955662260944266],[121.58570399964475,24.955864838092484],[121.58666711168225,24.95593118517069],[121.58781622853719,24.95577115551439],[121.58925877573515,24.955032674234324],[121.5904736852632,24.956201327540665],[121.5919041731133,24.956734865982927],[121.59344973766918,24.956728716052467],[121.59488596377562,24.956176375426423],[121.59629739294522,24.95641117864353],[121.59771811117933,24.95616124552689],[121.59841144138875,24.957004765747214],[121.59934818202939,24.957632297379533],[121.60091476872506,24.95803883922905],[121.60175392024873,24.958721487818178],[121.60244038501668,24.959052427469054],[121.60395089577636,24.959320898376422],[121.60464828972772,24.959752360399712],[121.60561104023687,24.960075016307766],[121.60709048876143,24.961042471486746],[121.60860775596882,24.96131116807275],[121.61010951535216,24.96103431739209],[121.61037958470446,24.961120927696264],[121.61055446601047,24.962153854726623],[121.61085486809934,24.962806661636677],[121.61184079349746,24.963891812967333],[121.61372723778625,24.964750410456254],[121.61448957070787,24.964885376137833],[121.6156504266642,24.964828581528682],[121.6170757404492,24.964283468120666],[121.61793354895782,24.96356822222502],[121.61841222154696,24.962879956224995],[121.61915257332387,24.96252519539779],[121.6212463047693,24.962722151097385],[121.62272332326025,24.96230696143564],[121.62365386199353,24.96167177167577],[121.62435204316853,24.96079820765026],[121.62544336269899,24.960436927027395],[121.62637387323788,24.959801720658213],[121.62706204040475,24.958947621049383],[121.62742954276331,24.958018938564297],[121.6283773864509,24.95764186071978],[121.62948652340675,24.957682126690692],[121.63061281863114,24.957419862726066],[121.63245710479173,24.95630081220655],[121.63304798725447,24.95574284311279],[121.63350012397399,24.955647147090247],[121.63420220954185,24.956505421403268],[121.63535912556668,24.957322727132986],[121.63607792749008,24.95759057025519],[121.63722858791596,24.95774115010219],[121.63837764711106,24.95758073132405],[121.639426140891,24.957123130367428],[121.64028376853956,24.9564077585646],[121.6409231253244,24.95537608089987],[121.64229223648326,24.954584656170884],[121.64316500039224,24.955302076078077],[121.6445956930337,24.955835104313987],[121.64575698729499,24.955882073858543],[121.64723383668237,24.95546664398226],[121.64842386775017,24.9545675890535],[121.64929669334286,24.953296019600575],[121.64957373993246,24.952266817588544],[121.64943362710797,24.950932065345857],[121.65076326751536,24.950659649204187],[121.65204415802035,24.94987123307206],[121.65273209167644,24.949017018382186],[121.65316933142445,24.947693863186302],[121.65461224863293,24.94844262283804],[121.65532038179646,24.94961438168281],[121.65651977531394,24.950502979860012],[121.65800086913615,24.950905464972298],[121.65972846806186,24.950729809652945],[121.6603473415896,24.952150873848833],[121.66113214442093,24.952932617378856],[121.66177987223863,24.953323042066053],[121.66361102576579,24.953835474289278],[121.66438751838093,24.953832013006473],[121.6655136983862,24.953569487201364],[121.66619670639464,24.953232721839097],[121.66705414915162,24.952517199236492],[121.66833866107031,24.95025073484729],[121.6694764365952,24.950625217452874],[121.67063768657366,24.95067199386187],[121.67176382356486,24.95040942156782],[121.6730445733019,24.949620827658638],[121.6735341809223,24.949071383749487],[121.67402593668078,24.948111156302208],[121.67419078126872,24.94706212966646],[121.67391601945523,24.945767511071512],[121.67430083653107,24.945320992989735],[121.67697388924286,24.944819368920335],[121.67796785556143,24.94427002869812],[121.67863408678583,24.9436179500876],[121.67983046934245,24.944503257437933],[121.6813115608426,24.944905511038087],[121.68300230241796,24.94470947662143],[121.68411164219165,24.944955516209156],[121.68488807584448,24.944951949250445],[121.68564882587376,24.944810341812964],[121.68669702966079,24.94435241324148],[121.68778424702931,24.943351067610305],[121.68814678191681,24.942725062921248],[121.6884234823667,24.94169579448423],[121.68826422116933,24.9402942897476],[121.68742840512472,24.938954997875808],[121.68886179311781,24.939225527375246],[121.69039889903213,24.939080305507897],[121.69175803606247,24.938409792869276],[121.69273386075211,24.937312984022384],[121.69335318193178,24.937893141214783],[121.69435312449656,24.93843330571086],[121.69548198686584,24.938685539801423],[121.69685897867042,24.938577611340484],[121.69813662309224,24.9397228544711],[121.69918985014546,24.94017101739062],[121.69995211330729,24.940305547342756],[121.7011126832344,24.940248092126733],[121.70239291546955,24.939782017635082],[121.70327049755609,24.939871109847832],[121.70441929301589,24.939710186606767],[121.70546738128571,24.93925212812472],[121.70612045830406,24.93874380374185],[121.70733832040632,24.93835854647374],[121.70838350205459,24.93885343825157],[121.70947822650912,24.93910111025283],[121.71015418435168,24.939896806912973],[121.7111347554691,24.94054209667761],[121.70933472229456,24.940974191733623],[121.70840478953534,24.94160990595864],[121.70791536824137,24.942159461019905],[121.7074239005894,24.94311979488653],[121.70727639336238,24.94381481203461],[121.70743587472727,24.945216290996477],[121.70793830140764,24.946171903971972],[121.70843399822392,24.946716776611403],[121.70972344040673,24.947493449374047],[121.71124073730492,24.947761099795823],[121.7127548762652,24.9474789777151],[121.7137486986409,24.94692940196521],[121.71452473688021,24.946140462796],[121.71501616020831,24.94518010684888],[121.71518065314147,24.94413104210332],[121.71500405779219,24.943083614187596],[121.71450159039502,24.942128025578842],[121.71371652821156,24.94134656786884],[121.71302529235211,24.940937902573634],[121.71447483260377,24.940658963871297],[121.71575520155702,24.93987000989784],[121.71660695657366,24.93869435904653],[121.71692042465551,24.937031000902174],[121.71674382638582,24.935983574160826],[121.71620294394538,24.934981257101516],[121.71605375793447,24.933513592879546],[121.71555132333046,24.9325580059073],[121.71476631693294,24.931776551527303],[121.71376634349633,24.931236524294825],[121.71247752038435,24.930934428048165],[121.71154741640404,24.93095968531266],[121.711470094477,24.93019701911285],[121.71107284793617,24.92920111508334],[121.71027567289299,24.92824324308755],[121.70949681974446,24.927701860938374],[121.7108142783685,24.926746300739907],[121.71153552636785,24.92550021221961],[121.71168299052852,24.92480519017377],[121.71161989259184,24.92374701908321],[121.71122266691305,24.92275111416564],[121.71059949993132,24.921976887447777],[121.71058352369421,24.921156432609912],[121.71094283476957,24.91996521341734],[121.71083319012843,24.91874122763418],[121.71175461547725,24.91811010561083],[121.712243927291,24.917560538667967],[121.71260626505855,24.916934476702156],[121.71288270925872,24.91590516504758],[121.71277960169375,24.914646994493992],[121.71218088021905,24.91334808500116],[121.71139601946294,24.912566607694814],[121.71022122366037,24.91197038825462],[121.71152701011096,24.91145205682207],[121.71261374056611,24.910450536430535],[121.71310504479271,24.909490185044852],[121.71326805969781,24.90841671805071],[121.71388498325807,24.907300166845083],[121.7140494441373,24.90625109896731],[121.71387292085134,24.905203663014998],[121.71337062341266,24.904248062159684],[121.71258581443588,24.903466589053114],[121.71158608167356,24.9029265398682],[121.7100693353982,24.90265887920703],[121.70892089041281,24.90281983903383],[121.70760999507476,24.903457842481295],[121.70691593180015,24.902786681137265],[121.7059162282591,24.902246593236026],[121.70478768041154,24.90199443012489],[121.70401151900985,24.90199809488036],[121.70288589372365,24.90226090152572],[121.70189237406782,24.902810401286153],[121.70111651758721,24.903599275034193],[121.70062514163011,24.904559589214518],[121.70046056870997,24.905608644981797],[121.70063697985039,24.906656099236937],[121.70113919059023,24.907611744617327],[121.70163469944653,24.908156646709827],[121.70257157137962,24.908783530501438],[121.7032902261811,24.909051054077587],[121.70444050294493,24.909201123789718],[121.70541343204995,24.909081191587678],[121.70565974227706,24.909859267738653],[121.70626229296417,24.910765394968422],[121.70712732441373,24.911472981715956],[121.70798878607302,24.91185960473214],[121.70668297967178,24.912377905831047],[121.70559618370505,24.91337938418158],[121.70501234106757,24.914683916581527],[121.70506603123069,24.91631316406934],[121.70435202790478,24.916740455594407],[121.70357610261203,24.917529342246745],[121.70308469357096,24.91848966354447],[121.70293718755438,24.91918467856736],[121.70300017276432,24.920242645762205],[121.7027000588985,24.921638715658588],[121.70287651525695,24.92268616411505],[121.7031772983563,24.923338780200016],[121.70380042690864,24.924113038379787],[121.70386005958225,24.925192880866653],[121.70425723497651,24.926188806212153],[121.7049543560658,24.927036710101753],[121.70573318579353,24.927578116266343],[121.70444410140077,24.928504736991997],[121.70336553428007,24.928760925696313],[121.7021712980664,24.9294409600964],[121.70097083771897,24.929599789681937],[121.69992281269633,24.930057815705148],[121.69883580959471,24.93105924701525],[121.69831170148282,24.932140906956064],[121.69694020105126,24.931479004813],[121.69578972443777,24.931328881996244],[121.69501750537762,24.931401873132593],[121.69392525855613,24.931763981179188],[121.69328194763706,24.932160275015978],[121.6922738644876,24.933320193039176],[121.6912786188787,24.931984960973384],[121.69041352928154,24.93127728534821],[121.68898293684842,24.930744693508302],[121.68782187058288,24.930698056123326],[121.68669594884648,24.930960745939352],[121.68587312206924,24.931377600399376],[121.68466500935968,24.932565101981762],[121.68336129275944,24.932719643034453],[121.68200216994175,24.933390079238578],[121.68102786164053,24.93448372755278],[121.6803945547705,24.93603669719843],[121.67936386755248,24.935127441620068],[121.67831075195434,24.934679135820186],[121.67677217459675,24.93454802116356],[121.67564619253065,24.934810628610602],[121.6746522903571,24.93535995265511],[121.67387605854643,24.936148689303163],[121.67338434676064,24.937108916812942],[121.67323067129024,24.937927426963117],[121.67138332959074,24.93877738319295],[121.6703064888798,24.939765602561327],[121.66874724851161,24.940278882885686],[121.66712110713478,24.93947921548295],[121.66558247897201,24.939347986382415],[121.66445642769479,24.939610510520698],[121.66346243606075,24.940159761420382],[121.66268610223943,24.940948441385814],[121.6623234420838,24.941574386863945],[121.66204652377233,24.94260361139165],[121.66219914530718,24.9439825148723],[121.66145276067608,24.944769570941805],[121.66045012416897,24.94407699502312],[121.65956198598064,24.943771384445736],[121.65881949351015,24.94250561023493],[121.65762016281353,24.941617028375024],[121.65613918195999,24.941214536678743],[121.65460200059346,24.941359406484697],[121.65355369754982,24.941817111385866],[121.65269624742574,24.94253255738698],[121.65210349269312,24.943444134530043],[121.65183327984971,24.944430151679732],[121.6508503700207,24.94375710915082],[121.64936938375908,24.943354550353977],[121.64783216627107,24.94349935097713],[121.64647272631758,24.9441694685734],[121.64569625764085,24.94495806230928],[121.64520429182893,24.945918200889093],[121.64503920218786,24.94696720060693],[121.64534163722945,24.948332096125828],[121.64374625998434,24.94875333232623],[121.64254733799271,24.949663413194102],[121.64171503298543,24.948987975311816],[121.6410285239142,24.948657217178027],[121.63989967080269,24.94840457043632],[121.63912320842911,24.948407903398518],[121.63809238451469,24.94857927248546],[121.6370439571802,24.949036863234276],[121.63644604839635,24.949488521880305],[121.63575801417137,24.950342638801047],[121.63471773381966,24.949184620681834],[121.63342872804834,24.94840728951113],[121.63191157167086,24.94813884327836],[121.63076259025014,24.948299210812507],[121.62940300214173,24.948969175103866],[121.62835271624724,24.9502095606502],[121.62704265648215,24.95099814646614],[121.62510935428246,24.950981472399018],[121.62368422946993,24.951526660008007],[121.62259641220972,24.95252754867194],[121.62203010793314,24.953762754387583],[121.62092307659049,24.95434903166536],[121.61995842963208,24.955426352990585],[121.61896284359109,24.955579116618843],[121.61806652930204,24.955952522989467],[121.61660383093377,24.95583783318922],[121.61523057346956,24.956207720010614],[121.6143482928221,24.95499499319764],[121.61305934948324,24.954217485059534],[121.61154216095373,24.95394883209912],[121.61025837876623,24.95415361216895],[121.60950151284585,24.953897963037953],[121.6081294701671,24.95303753190338],[121.60662833565875,24.952769480715858],[121.60552953072545,24.952147556558007],[121.60426246434214,24.95188901023345],[121.6035960141255,24.951378516768273],[121.60254302047099,24.950929673720992],[121.60100430249868,24.950797779351213],[121.59977833399972,24.95107332506665],[121.59871934480547,24.9498484425645],[121.59735315157624,24.94918970998205],[121.59620261229355,24.949038819482436],[121.595430212095,24.949111297693456],[121.59399978158012,24.94965974496513],[121.59305103635047,24.949464661220148],[121.59189030997338,24.949521277294647],[121.59079758523778,24.949882637610624],[121.59000275550761,24.950404431883783],[121.58897137209622,24.949399204109003],[121.58856514795384,24.94834393857262],[121.58786868709753,24.947495479233076],[121.58693208087044,24.94686787207366],[121.58545125037018,24.94646467482658],[121.58391390454666,24.946608818058497],[121.58319782544258,24.946882535899398],[121.58232767476743,24.947467057099672],[121.580676136259,24.946785186247823],[121.57913069227196,24.946791201401737],[121.5777054029962,24.947335952331983],[121.5768389497933,24.948061534339324],[121.57570153715281,24.947804694580434],[121.57485225254288,24.947817827915344],[121.57313161067414,24.94728469943277],[121.57197089222345,24.94734116011981],[121.57122880894339,24.9475495087041],[121.57004432911377,24.948188142870286],[121.56906890207212,24.949281078096668],[121.56868189092133,24.95028037074792],[121.56860901724446,24.950985171111025],[121.56868836209655,24.951689390374348],[121.56907376959823,24.95266513669028],[121.56832512987685,24.952879805683853],[121.56787553481132,24.951564416602945],[121.56717919504187,24.95071585868271],[121.5662426661605,24.950088120275606],[121.56514659874001,24.94973525823568],[121.56360111373749,24.94974111295725],[121.56239901178519,24.950079415426938],[121.56154349677938,24.950533175092843],[121.55990908618958,24.95070033293248],[121.55810205503965,24.95028473053616],[121.55678919930983,24.95036660120418],[121.55556687518308,24.949945302190283],[121.55303412704308,24.949620720283043],[121.55172095661193,24.948818071565487],[121.54982062976157,24.948390207760415],[121.54977166663,24.947251203026983],[121.54937565220555,24.946254846386207],[121.54867946801696,24.94540619867675],[121.54744109524725,24.944649478384203],[121.54891194161547,24.943693224556707],[121.54940208628186,24.943144178326012],[121.54989479118919,24.942184342321422],[121.55004004012858,24.94078154218686],[121.54963073995242,24.939521229154984],[121.55026521512598,24.938568487494738],[121.5505605568995,24.937185421579006],[121.55048132593133,24.936481189343937],[121.55012013657598,24.935551214758277],[121.55038186986458,24.935311401077076],[121.55142926429099,24.93589194392224],[121.55255783711632,24.936145266740645],[121.55333423489577,24.936142386240327],[121.55446050911932,24.935880697860224],[121.55514373406156,24.935544436985058],[121.55600171260478,24.934829542097887],[121.55643040820246,24.934239317015372],[121.55681747147123,24.93324005319094],[121.55681114070036,24.931831027196026],[121.55621395164151,24.93053146437986],[121.55571897902894,24.929986070102622],[121.55478266561659,24.929358254182393],[121.55368681370322,24.929005303108156],[121.55259517433102,24.928954244447933],[121.55193894967111,24.92829212899788],[121.55176507683022,24.927217739261273],[121.55118036064123,24.926159696845275],[121.55203468955591,24.92567223157479],[121.55281164699456,24.92488411505316],[121.55330425559053,24.923924267141974],[121.55347009772865,24.92287535209929],[121.5533271779779,24.921943218078635],[121.55349003479787,24.92090535264897],[121.55341079954165,24.92020112054785],[121.55270718415835,24.918771669804947],[121.55240237518841,24.917334535877565],[121.55177399267066,24.91640091159638],[121.55155776299301,24.915743375377886],[121.55217452736639,24.9148084565781],[121.55245055655536,24.913790479548677],[121.55402110852853,24.912229600078174],[121.55476972744486,24.911129372880936],[121.55521218436186,24.909779345834608],[121.55512824716484,24.908641687425096],[121.55627103679414,24.907769556302423],[121.5574612142366,24.90613402444293],[121.55795371508992,24.905174160689555],[121.55811949604364,24.904125238970988],[121.55794428825159,24.903077592644124],[121.55721044539392,24.90183765964891],[121.5563463172989,24.90112918479805],[121.55542746449063,24.900723016112902],[121.5542470258942,24.89967166862496],[121.55398181456356,24.898774503464423],[121.55312745225133,24.897414820429052],[121.55280175837724,24.896374532889606],[121.55243310587781,24.895751553089205],[121.55133633135989,24.894759255496965],[121.55025018212582,24.894302432940233],[121.5495413436172,24.893562870351623],[121.55080788771602,24.893875281341764],[121.55196811937297,24.89381899358597],[121.55306047282888,24.893457921909533],[121.55418087050843,24.892723160511963],[121.55486918021454,24.891869384252544],[121.5552561310766,24.890870120908126],[121.5553084057745,24.88981142861677],[121.55502151081483,24.888784481440837],[121.55442016068677,24.887877717453293],[121.55322209614334,24.886988265760014],[121.5517420871233,24.8865847159568],[121.55040363277469,24.886682437303527],[121.55119895760623,24.885739475523003],[121.55158592012575,24.884740220697356],[121.55163822464739,24.88368152832921],[121.55118384851954,24.882334820691867],[121.55048801986469,24.881486168231376],[121.54932210648651,24.880668311362516],[121.54784218507108,24.88026472103399],[121.54657862319426,24.880345016766363],[121.5461330343511,24.87903416769822],[121.54681359565083,24.87862235577899],[121.5475328066449,24.877905578880455],[121.54856436341753,24.877751530533406],[121.54961253419211,24.87729456252017],[121.55070030554687,24.876294197498446],[121.5512856125177,24.874990234684443],[121.55133791722011,24.8739315410721],[121.55107030307035,24.87295294047795],[121.5515675810386,24.87164386992902],[121.55280004201215,24.870629655993287],[121.55347997572127,24.86949433653469],[121.55445015641342,24.868574119168358],[121.5550353890575,24.867270141625816],[121.55510830084361,24.86656533953453],[121.55493317798772,24.86551768306201],[121.55443225872457,24.864561515526287],[121.55364868702138,24.863779178418064],[121.55264994414108,24.863238042328646],[121.55152203700187,24.8629847063052],[121.55036209271732,24.863040985860206],[121.54962047193996,24.863249221119155],[121.54833979290171,24.864036762287306],[121.5478499486264,24.864585805545676],[121.54740013295172,24.865435602339414],[121.54552991866322,24.86704575541395],[121.54493251292851,24.868426056499043],[121.54417150704973,24.869340430535814],[121.54380740872251,24.870185552123676],[121.54364154592693,24.871234463990646],[121.54375396281378,24.87205787185562],[121.54263054117409,24.872319152251826],[121.54194762565824,24.872655353276993],[121.54085981378176,24.87365565567253],[121.54036729960855,24.874615467169136],[121.54021892533991,24.875310341609538],[121.54028052938843,24.876368620251842],[121.54059919100374,24.87721792476283],[121.53994646320572,24.877617570415023],[121.53916971241864,24.878405621255702],[121.53867716699075,24.879365427107754],[121.53852877810121,24.88006029968379],[121.53868625845767,24.88146200859216],[121.53918606996206,24.88260498224002],[121.53974875416105,24.88332081700192],[121.54004851159945,24.884855242055565],[121.54064974288765,24.885762066358744],[121.5413906988162,24.886470661442615],[121.54238958305656,24.88701186881773],[121.54476319894344,24.887754675955367],[121.54592383436707,24.88780243587666],[121.54690957331977,24.887587119581195],[121.5485691761103,24.887570146977772],[121.54787931069926,24.888285823346653],[121.54751621292188,24.88891150188372],[121.5472209409116,24.890294569292276],[121.5475284004287,24.89167542578622],[121.54857876027513,24.89299715737639],[121.54692409038385,24.89266876105723],[121.54577549714251,24.892828467523614],[121.54505963801556,24.893102000201882],[121.54412919297347,24.89373670313461],[121.54363921537455,24.894285732721354],[121.5431466443038,24.895245551772884],[121.5429982633471,24.895940427218786],[121.54310989771845,24.89723870262689],[121.54370678307563,24.898538328794814],[121.54480353176872,24.89953068244352],[121.54594657002656,24.900000313714806],[121.54704674356697,24.902188402036398],[121.5481191822754,24.90316438420281],[121.54840804445458,24.904225451164237],[121.54900754678552,24.905129936889125],[121.54910687227917,24.90641788297669],[121.54643877657149,24.908955806018216],[121.54607561312713,24.909581480482693],[121.54580287984324,24.910578329745917],[121.54479555813587,24.911881450372757],[121.54450020628984,24.91326450960847],[121.54476228879841,24.91459524230094],[121.54405545457932,24.91562143461749],[121.54377760246375,24.91665046001785],[121.5438392645329,24.917708730491306],[121.54427705127789,24.91916631273529],[121.54295877926202,24.92012024023435],[121.54236531127677,24.921031396473506],[121.54214292399708,24.92170965764886],[121.54214908515434,24.923118689031856],[121.5427460905975,24.924418312613827],[121.54384306483198,24.925410666141055],[121.54501954598808,24.925887754937975],[121.54479789840703,24.926109420500097],[121.54301186443637,24.926060980052092],[121.54158664569331,24.926605385670204],[121.54049836672272,24.927605686286824],[121.53991270863897,24.92890960378036],[121.53986029280736,24.929968287676004],[121.54014716511361,24.930995258888707],[121.54074862761509,24.931902073419543],[121.54195403929378,24.93282416281278],[121.54119546417057,24.934105527445332],[121.54105012119066,24.935508321778745],[121.54150459457566,24.936855049287672],[121.5424172967602,24.93788131344867],[121.54287882339725,24.93891718469911],[121.5419939592335,24.940297310620046],[121.54096046043914,24.93911938838096],[121.54031317720049,24.93872842932805],[121.53921728090774,24.938375373015308],[121.53805617328102,24.938327569183464],[121.5372952773299,24.938468425582187],[121.53583772449835,24.939218798317103],[121.53572091551816,24.93880124155215],[121.53585998324144,24.9374219180299],[121.5354055686582,24.9360751724148],[121.53442052900972,24.93498949549283],[121.53327395693886,24.93440077070387],[121.53349736908089,24.933720663330487],[121.53354984025488,24.932661981266875],[121.53297900292502,24.931139610800273],[121.53445991102741,24.93086091559724],[121.53557442072648,24.930232513317097],[121.53635151256603,24.92944448081005],[121.5368442671319,24.928484685406467],[121.53701025423429,24.927435786846452],[121.53670281461709,24.926054914779],[121.53610141062299,24.9251480822421],[121.53490310901005,24.924258491715793],[121.53380735610637,24.923905392543656],[121.53264638539208,24.923857544177242],[121.53152017050328,24.924119067085254],[121.53025553283734,24.92487252144196],[121.52934939337061,24.92359655453157],[121.5287473728327,24.923149580458816],[121.52769488130238,24.922700197960488],[121.52654466228522,24.92254876343365],[121.52577237863869,24.922620878728807],[121.52404390436548,24.923284582938738],[121.52283501792178,24.922730232745142],[121.5212967185183,24.922597507375265],[121.51981980956116,24.923011691474425],[121.5188890109544,24.92364624027127],[121.51810027569304,24.924639851656053],[121.51765736275317,24.92598977350572],[121.51771880831151,24.927048057062326],[121.51811450537029,24.928044505610718],[121.51881038312563,24.92889330315352],[121.51974651528825,24.929521348162744],[121.52084228014095,24.929874550265904],[121.52200330451775,24.92992248967229],[121.52312959339336,24.929661037668005],[121.52400919840302,24.92919107559508],[121.52512140003115,24.929695722947926],[121.52528464837276,24.930541688544967],[121.52587438538629,24.931606199148554],[121.52558267050439,24.932419230886158],[121.5255541603471,24.933621782723375],[121.52485990611474,24.934480018643683],[121.52447257978594,24.93547920369274],[121.52442003027804,24.936537883459867],[121.52457443870189,24.937231673021323],[121.52507543465171,24.938187930478595],[121.52585930868648,24.93897040503279],[121.52668655193625,24.939471429733633],[121.52786325649815,24.9398352185713],[121.52816672298744,24.94129497065413],[121.52876815028277,24.9422018329156],[121.52931931443335,24.942700461651583],[121.53068508651268,24.943359826200282],[121.53196550743074,24.94351122499941],[121.53348004428278,24.94323091804994],[121.53457220680022,24.942601270713265],[121.534974312228,24.94363489973077],[121.53567039360443,24.94448361343131],[121.53660672849772,24.94511154786647],[121.53770267772286,24.945464622185384],[121.53886385222597,24.945512427604516],[121.54034096045768,24.945098052638894],[121.54153168833174,24.944199838085527],[121.54223606148908,24.943002778063754],[121.54298055961397,24.943943747713433],[121.5442188985827,24.944700505518167],[121.54307802037263,24.945426720460173],[121.54238933858814,24.946280442658235],[121.5419466190691,24.94763042967702],[121.54200833180316,24.94868885930207],[121.54159413214211,24.94921480476951],[121.54132341072766,24.948284795547558],[121.54072186208766,24.94737798673404],[121.54017063168519,24.9468794016054],[121.53917126919303,24.946338191672126],[121.53804262838129,24.94608476892238],[121.53726616630813,24.94608757080677],[121.53559903948131,24.946551913157567],[121.5346681491823,24.947186560091094],[121.53397939909779,24.948040244350086],[121.53359210657464,24.94903945077819],[121.53351903340022,24.949744237488765],[121.5336941093614,24.950791908379333],[121.53399408054426,24.95144487891277],[121.53469020026955,24.952293595687415],[121.53553097903972,24.952869755120236],[121.5345527458553,24.952664778790048],[121.5333621798913,24.95272785252775],[121.53311774971476,24.952207545899544],[121.53346792200425,24.95128065335004],[121.53354099620178,24.95057586678931],[121.53315180556912,24.948331633978004],[121.53275592033476,24.94733523111229],[121.53136199258795,24.945428175774524],[121.53049770021345,24.944719557864712],[121.529067604596,24.94418542193518],[121.5275221795265,24.944190901253318],[121.52642930389818,24.944551792137116],[121.52549838030156,24.945186382475374],[121.52500812019362,24.94573535182291],[121.52442221596934,24.947039209403528],[121.5244181785119,24.948578239868116],[121.5248140012688,24.949574665763425],[121.52544238784606,24.95035589398506],[121.52556315795172,24.95128959323893],[121.52486300083612,24.95273717468001],[121.52318473939361,24.95239877594768],[121.5216700654528,24.952678980114758],[121.52038829201864,24.95346629020072],[121.51953455059395,24.954640853462266],[121.51925641284949,24.955669832591298],[121.51925938220111,24.956377756572067],[121.51954614999084,24.957404765628798],[121.52004811314664,24.95819035049296],[121.5198163021383,24.95909984937467],[121.51993106176731,24.960348908464844],[121.51939545653889,24.96058339575976],[121.51815448737673,24.96033825890784],[121.5176853543606,24.959462298314467],[121.51663875304584,24.9584110596823],[121.51639397755922,24.957635399634288],[121.51579256273666,24.956728489033097],[121.51495740136647,24.956039317465553],[121.51417040793925,24.955016832903894],[121.51328628889759,24.954417026941293],[121.51305619368476,24.95240870799604],[121.51232249350578,24.951168559595196],[121.51177135821337,24.950669868047843],[121.5107720851913,24.950128466360113],[121.50897197830686,24.949872419722297],[121.50914095527757,24.94881651641057],[121.50883376744109,24.947435586614862],[121.50823245838572,24.946528642581164],[121.50716623820104,24.94571040710787],[121.5081611056479,24.944920535471795],[121.50888451514743,24.943675391388087],[121.50905075738308,24.942626521925465],[121.50875170959185,24.940332270668428],[121.50835604620345,24.939335798322325],[121.50760967976515,24.93844553272872],[121.50753163577332,24.937722303377633],[121.50713599087165,24.93672582715708],[121.50644014701763,24.935876975423295],[121.50538403416284,24.935178848495347],[121.5042882639963,24.934825533043877],[121.5022572235295,24.93464745348398],[121.50113084248163,24.93490874901485],[121.50013614096179,24.935456922944187],[121.49935877821558,24.936244770299677],[121.49899529767711,24.936870332937904],[121.49870452633301,24.93834218350071],[121.49814523697806,24.939210313396533],[121.49792257572098,24.939888511369197],[121.49788946746143,24.941065106665196],[121.49691866180531,24.941984719546355],[121.49623292130805,24.94338780023222],[121.49540555564242,24.94330875590706],[121.49425642048723,24.943468073066384],[121.49274442555758,24.94426307471232],[121.49177862997848,24.943430111389972],[121.49071915493411,24.942978909176976],[121.49041381305513,24.941626036687182],[121.48955060371249,24.94045728623931],[121.48894864060571,24.940010151454814],[121.48789614371444,24.939560488926354],[121.486745810649,24.939408749317572],[121.48597339507299,24.93948066025427],[121.48488043395609,24.939841247874433],[121.48423639381645,24.940236651450565],[121.4834588990044,24.94102441736884],[121.48309532388853,24.941649942266164],[121.48287257568478,24.942328118853112],[121.4828143494205,24.94329474500818],[121.4821485216046,24.943584908000144],[121.48136887763609,24.94296026041624],[121.47959192978993,24.942140080998456],[121.47853084340228,24.94081748919406],[121.4769989279199,24.93965032256813],[121.47614225252667,24.939263740390682],[121.47560085690428,24.938647543151944],[121.4734248913966,24.937029234013284],[121.47232919162023,24.93667568253883],[121.47116811600418,24.936627356903596],[121.47025715180744,24.93680787162788],[121.46920817945836,24.93726429081557],[121.4681192143925,24.93826407205148],[121.46753274111536,24.939567715854118],[121.46753805871873,24.940976760103027],[121.46793340121738,24.941973345487618],[121.46891792303416,24.943059469019147],[121.47044093772885,24.944229614596903],[121.47120446376891,24.94458616738813],[121.47177903183484,24.945252437815107],[121.47251667031304,24.945773220053066],[121.47309698662913,24.946640709021846],[121.47364795056596,24.947139546557782],[121.47489670309909,24.947761747844424],[121.47557796942934,24.948419578226133],[121.47633542032042,24.94885795811331],[121.47750103412822,24.949945147615832],[121.47840735042341,24.951270911036744],[121.47805875900514,24.95154422665655],[121.47548918010804,24.950765673176267],[121.47394366022088,24.950770598018913],[121.4728505634528,24.951131098857186],[121.47166931070208,24.95196535417046],[121.47098009489672,24.952818753746364],[121.4706523567507,24.95359587630467],[121.46957677571966,24.95313062546193],[121.46842633622535,24.952978746225455],[121.46727707311393,24.95313785693674],[121.46622795215636,24.953594256325307],[121.46536931775506,24.95430864259184],[121.46494011561171,24.954898611951236],[121.46455224217968,24.955897646838764],[121.46447877204034,24.95660240512044],[121.46465327602337,24.95765016500328],[121.46495290290547,24.95830327930667],[121.46593753127964,24.959389418653945],[121.46730316228884,24.96004936518807],[121.46845366642258,24.96020125201682],[121.46996856250244,24.959921586060126],[121.47124138794433,24.959142478087685],[121.47181396360432,24.960356772705406],[121.47259764920253,24.961139528210435],[121.47359684972773,24.96168118639748],[121.47487711002167,24.961942668175563],[121.47494742250392,24.962816960582593],[121.47534289715026,24.963813521486436],[121.47603869099875,24.964662516158505],[121.47664072990239,24.965109700538864],[121.47807085214528,24.965644338089575],[121.48009155893321,24.96557893786105],[121.48143094633168,24.966064353617718],[121.4829766554842,24.96605934824111],[121.4840698524812,24.96569877227468],[121.48526119250512,24.964801000450958],[121.48586032563541,24.963970970367278],[121.48623879862355,24.963006071750982],[121.48717028533996,24.961950940626508],[121.48761365350201,24.960601108708662],[121.4874566318656,24.95919935310791],[121.48672314426682,24.957959076384967],[121.4855590158415,24.95695020229076],[121.48410445331379,24.956412401790065],[121.48478275630991,24.95517920543015],[121.48585585061728,24.955415122741375],[121.48713470807876,24.955331971808715],[121.48770537710598,24.95544131696067],[121.48786351069016,24.956820751847236],[121.48836430760126,24.95777713345174],[121.48914807966258,24.958559800811358],[121.4901473295756,24.959101347368353],[121.49127599846291,24.95935513224241],[121.4924368785983,24.95929929800936],[121.493529987406,24.958938653601358],[121.49456500192672,24.95819906515319],[121.49538545978909,24.958681049496274],[121.49637948426532,24.959011510244146],[121.49750133402465,24.95982000014138],[121.49855403811648,24.9602695903991],[121.50187412342916,24.96118961397896],[121.50315505021628,24.961334952450777],[121.50410162261043,24.96162446082836],[121.50593261595021,24.961640728553743],[121.50696775064968,24.96221150918417],[121.50803309450076,24.96245681504564],[121.5087082773114,24.962950889254987],[121.50903338168786,24.963694303130033],[121.5097294030651,24.964543136833843],[121.51056976223843,24.965119225232556],[121.51151844262614,24.966150168244702],[121.51259975594931,24.966717959088644],[121.51287168168561,24.968038816104205],[121.5126160018655,24.969009663910896],[121.51261893502776,24.96971758736594],[121.51277332255229,24.970411386482418],[121.51322384884568,24.971291504089834],[121.51328736662462,24.972307960572692],[121.51367499027447,24.97358721196851],[121.51351500779326,24.974088676703854],[121.51260400718013,24.975310695279468],[121.51230815727033,24.97669368734868],[121.51261546263085,24.978074602799943],[121.51309301065803,24.97906440070464],[121.5137266626911,24.97985084902395],[121.51351842727614,24.980539638386265],[121.51217569778059,24.980025150334665],[121.51232137465084,24.978622520395366],[121.51203461398075,24.977595500165158],[121.51143313092793,24.976688575417548],[121.51056872859455,24.975979846496255],[121.5095158476935,24.975530344918756],[121.50836515611384,24.975378778643613],[121.50510658314086,24.975904522511918],[121.50489173430782,24.97514429890363],[121.50523412087948,24.97399063407009],[121.5050768801449,24.97258890292344],[121.5045758930309,24.97163258235508],[121.5032819409765,24.97028000872273],[121.50152883424981,24.969199975106182],[121.5004760431615,24.968750407766496],[121.498937190666,24.968617461046424],[121.49781049440979,24.96887873520939],[121.49681550764004,24.96942688894781],[121.49626836687068,24.969929298996366],[121.49509923519979,24.971759338038584],[121.49465591137157,24.973109189591835],[121.4948750388084,24.974731546406137],[121.49366832276378,24.975485792375995],[121.4929791324575,24.97633929077165],[121.49253576988298,24.9776891357917],[121.49259703490199,24.97874742535822],[121.49299270414572,24.979743934332593],[121.49368870923027,24.980592841514028],[121.49522795046663,24.98145222457536],[121.49600871663142,24.982462884289884],[121.49694514617326,24.98309106354812],[121.49977449134208,24.983889400996265],[121.50134656404342,24.986031282933627],[121.50213127303829,24.986686597266203],[121.50055707532641,24.986597475718707],[121.49907933342742,24.98701146382077],[121.49788788476557,24.987909345308182],[121.49714259909675,24.98904062985976],[121.49547930400493,24.987800064197238],[121.49405030258256,24.987265926653688],[121.49309509999779,24.98661900661098],[121.49199890496156,24.98626560968529],[121.49083974689847,24.9862173300204],[121.48891518647324,24.98507905676981],[121.48739553678341,24.98467328488572],[121.4870950771241,24.983406106653025],[121.48623160009016,24.98223734745461],[121.48494315233017,24.981458724335358],[121.48342588056863,24.981188767794897],[121.48227637740597,24.981347997282953],[121.48155986436635,24.981621232016366],[121.47932843513391,24.983175522285595],[121.4786391027514,24.984028955543938],[121.47821986351073,24.9852256930228],[121.4768877672422,24.98681430065789],[121.47635875998134,24.98790524520926],[121.47552938661174,24.987665687141863],[121.47453687763849,24.987609284333075],[121.47332982591884,24.98645038182158],[121.47196517193224,24.9859304794931],[121.4711298593096,24.98525041323843],[121.47032353973523,24.98488014364076],[121.47092545127977,24.98378633932082],[121.47107972572482,24.982523752914243],[121.47209127213797,24.98185467320928],[121.47267778125114,24.981158926419077],[121.47412332626547,24.98101208169623],[121.47606266402539,24.98027561200322],[121.47692141315676,24.9795611648133],[121.47751564007928,24.97865026445819],[121.47779417451562,24.977621360324108],[121.47775006701927,24.976665230622157],[121.47823840455418,24.975512086035323],[121.47829135964602,24.974453421710283],[121.47783742452232,24.973106499479613],[121.4774036754353,24.972519264006873],[121.4765394940347,24.971810333676515],[121.47548676815379,24.97136058875234],[121.47433615234327,24.97120875814339],[121.4731867287471,24.97136791644856],[121.4724702522684,24.971641107235474],[121.47153884460276,24.972275365386597],[121.47104823680023,24.972824160440634],[121.47055479806768,24.973783743145624],[121.47039989661423,24.974598868532546],[121.46940808002844,24.975617571761457],[121.46804682794847,24.975767876820953],[121.46655082270739,24.976548846899135],[121.46491566815523,24.975249344769356],[121.4638196513281,24.974895737083763],[121.46275703615893,24.974842617496865],[121.46268508123788,24.97363576675044],[121.46320531022505,24.972700622789496],[121.46348395164755,24.971671743069077],[121.46332282934534,24.967053440649963],[121.46292744013024,24.96605684699537],[121.46223172715561,24.96520779002174],[121.46129560701739,24.96457938629149],[121.45981494885453,24.96417493777798],[121.4582772124634,24.964317789721104],[121.45722796317251,24.96477412686961],[121.45636919948352,24.96548846203774],[121.45577487691023,24.966399280930226],[121.45549618224854,24.967428147695593],[121.45564134422608,24.96878864155228],[121.45549851885819,24.97057502607266],[121.45483177437588,24.972327401213704],[121.45470593766481,24.97463664316067],[121.45374407220001,24.97470049655842],[121.45259115806165,24.975093630520764],[121.45204188785695,24.974845460977612],[121.45096015854023,24.973870701288128],[121.44895579035892,24.972824018690343],[121.44840683248539,24.971693808726247],[121.44715265270878,24.97061532127807],[121.4466368070252,24.969603847608795],[121.44570158143375,24.968719134205926],[121.44539509298637,24.967337127617117],[121.44432894872972,24.9657232960074],[121.44462466527868,24.965067023657138],[121.44479147871805,24.96401822051541],[121.44437915878774,24.962032327123705],[121.44574234914624,24.961882326092123],[121.44679161782011,24.961426069442155],[121.44778231023602,24.960548537319653],[121.44856886338,24.960259237007485],[121.44950030186645,24.95962512112544],[121.45035474852355,24.95845094967882],[121.45057770313674,24.957772820184],[121.45072425878251,24.95618839955702],[121.4511996261742,24.95555179714055],[121.45158760691987,24.954552795458856],[121.45166114953857,24.9538480423151],[121.45149869725725,24.95284310309941],[121.45194809779407,24.951396159687167],[121.45272453102173,24.95030089588472],[121.45300321267325,24.949272032167062],[121.45300062303393,24.948564100533527],[121.4527144267253,24.94753695360826],[121.45211352411413,24.946629777016078],[121.45124966833077,24.945920692802687],[121.44981988677765,24.94538579138431],[121.44827442842181,24.94539044899544],[121.44684855613032,24.94593395688214],[121.44598986038581,24.946648233015303],[121.44539554885343,24.947559012591363],[121.44511686864837,24.948587477816357],[121.44456929094714,24.94918355200086],[121.44407573653676,24.9501430515804],[121.44390893375852,24.951191855693306],[121.44407563331092,24.952212280201742],[121.4435927767906,24.953355817230477],[121.44114915390523,24.956273479965088],[121.44078531984182,24.95689890401987],[121.44050652016548,24.957927745477757],[121.44058335275204,24.959043594828827],[121.43931778939248,24.959197631269948],[121.43826851105112,24.95965383551894],[121.43717909851543,24.96065339387158],[121.436815231722,24.961278808311448],[121.43655216537654,24.962208496035576],[121.43577970148628,24.96220579756425],[121.43524363778975,24.96204614900608],[121.43451221912333,24.961128301634073],[121.43315985342564,24.96032840704876],[121.43311277119993,24.959184228584096],[121.43271765012271,24.958187549951585],[121.43202218718471,24.95733834747527],[121.4307343345838,24.956559244185943],[121.42960580760604,24.956304998314256],[121.42878756501834,24.956312998337246],[121.42725059323028,24.955705901772248],[121.42570500139841,24.955710327000332],[121.42461171490068,24.956070476162363],[121.42396739441043,24.956465622209176],[121.4234200097626,24.9569677688325],[121.42283463982275,24.957860665939023],[121.42046059536843,24.955831136952455],[121.41899656619749,24.954979896424945],[121.41781856508629,24.954615052942703],[121.41707241940634,24.953668623494526],[121.41609413319074,24.953021759051115],[121.41563770904558,24.951617947698825],[121.41400238932468,24.949418680003678],[121.41251663750747,24.94833997348122],[121.4107712414589,24.947923894020242],[121.41061695763,24.94722130075101],[121.41011680097934,24.946264647581966],[121.40933360073359,24.94548155518372],[121.40829632756272,24.94488852088287],[121.40787759914839,24.94374812901851],[121.40718238739454,24.94289880566757],[121.40554071297676,24.941491349173145],[121.40461577465786,24.941082226801665],[121.40346675408117,24.940240081380608],[121.40188027885104,24.939830576637565],[121.40134242798902,24.939218913370624],[121.40056736450609,24.938677276349793],[121.40156450131174,24.938246361208872],[121.40319649686182,24.937972308528003],[121.40518739905951,24.93718981311797],[121.40594319983828,24.93670203340303],[121.40719743673333,24.9363197876831],[121.4078417080552,24.935924713755426],[121.40860626382904,24.935153907630077],[121.40955435210593,24.935089781932508],[121.41064749988034,24.934729744080766],[121.41280176462381,24.933334630052876],[121.41382858616805,24.932145302623113],[121.41500195443876,24.931424880169484],[121.41557794883937,24.931621622159955],[121.41668981922618,24.93263884481788],[121.41774200689107,24.933089015039716],[121.41908215895756,24.933232244949146],[121.42053400722172,24.933624994677512],[121.42131040448673,24.9336228021307],[121.42243695247052,24.933362107576936],[121.42343198988274,24.932814447426026],[121.42434317603039,24.93182267168034],[121.42567701597838,24.931552074336178],[121.42667202432209,24.93100439280576],[121.42744982336626,24.930216917896026],[121.4279280546634,24.929297047366823],[121.42927203294666,24.928634349564895],[121.43004980062317,24.927846861259308],[121.43052934085571,24.926950940713123],[121.43130144739915,24.92658575758328],[121.43193739157117,24.927188861355397],[121.43293614251724,24.927730800992713],[121.43466008098554,24.928009021543218],[121.43567743799747,24.929158922795516],[121.43704257645247,24.929819156260894],[121.43858089078184,24.929952750918634],[121.4402841487179,24.929414949445114],[121.44134269656175,24.92986918740437],[121.4428605040436,24.93000371751484],[121.44360051436843,24.930589231690973],[121.44465277916895,24.9310392109852],[121.44580298844494,24.931191277516977],[121.44670643398824,24.93108922387762],[121.44750765416076,24.931899117438828],[121.44843076495074,24.93240856328264],[121.44950061110418,24.933369315917872],[121.4505529204028,24.933819252762678],[121.45133534562646,24.93395591369042],[121.45202884860787,24.934802073999023],[121.45263065545353,24.93524936053352],[121.45368299182402,24.93569927478007],[121.45466684110659,24.93584432520119],[121.45524887808017,24.936522133315666],[121.45618475364266,24.937150580870178],[121.45766507593058,24.937555071716126],[121.45946248864853,24.937422228186705],[121.46082290110967,24.936753800510953],[121.46183295552099,24.935595906631967],[121.46305969201582,24.934968122943715],[121.46419165088017,24.935012668856686],[121.46495261570118,24.934872184681762],[121.46631296991559,24.934203707497623],[121.46728920018424,24.93311143025361],[121.46758384372896,24.932456454880537],[121.46775042311131,24.93140762486481],[121.4675759338457,24.93035986477495],[121.46707541081773,24.92940340577034],[121.46629196391737,24.928620614451482],[121.4649266875349,24.927960650762465],[121.46377648737459,24.927808731633693],[121.46300412854161,24.92788052277575],[121.4613344989279,24.928590372096945],[121.45972421712584,24.928580504529403],[121.45849904464902,24.92901372195368],[121.45684494502773,24.928514928412717],[121.45529577230681,24.92859120798549],[121.45455105523466,24.92764793084752],[121.45385047653146,24.927147058262822],[121.45475014718018,24.926276310026036],[121.45525797414476,24.92526342074541],[121.45644045629135,24.92566425226187],[121.45798566689479,24.925659513451876],[121.45941125674881,24.925115901542625],[121.46050017949206,24.924116182822186],[121.46099350555833,24.923156628782603],[121.4611397441437,24.92175389648354],[121.46068619782723,24.92040690696499],[121.45970193059273,24.919320722127583],[121.45905500170343,24.91892940367272],[121.45795950195853,24.918575742809857],[121.45679859965202,24.918527302605508],[121.45603772488434,24.9186677441578],[121.45498885079195,24.919124062937954],[121.45439040615547,24.91957500153532],[121.45370124624718,24.920428324021078],[121.45339210826911,24.921136627042863],[121.45182507101453,24.92068493554814],[121.45028786294658,24.920827698352866],[121.44892756536251,24.92149602963579],[121.4479149041586,24.922658888943488],[121.44687244483879,24.92290816352139],[121.44520780248827,24.92372473351848],[121.44425544596253,24.923079583364352],[121.4431599497262,24.922725813883165],[121.44199901237778,24.92267725894115],[121.44048510041222,24.92309314079278],[121.43920370411219,24.922319152121382],[121.43763855653006,24.922051040560124],[121.43674959906414,24.92131089706877],[121.43576972234092,24.92088420506591],[121.43578401404572,24.919999911147357],[121.43639317942238,24.918897259912903],[121.4365600069939,24.917848459404727],[121.436385801731,24.916800656949913],[121.43586734703763,24.915821824312147],[121.43672955994695,24.91497672003897],[121.43722303609961,24.914017241413653],[121.43736435888235,24.91258339451699],[121.43833614504965,24.910253165342336],[121.4383311665546,24.908844109584365],[121.43793617083529,24.907847436461314],[121.43724096061968,24.906998249262795],[121.43630540920901,24.906369675777974],[121.4348255270503,24.905964965049566],[121.43328847865396,24.906107550670356],[121.43223962365302,24.9065637099128],[121.43138111130307,24.90727790308278],[121.43043189212513,24.908557766397543],[121.43004387779986,24.90955671951998],[121.42994568274476,24.911266512947073],[121.42963702590997,24.911942661116004],[121.42947014680145,24.912991455390998],[121.42964428789615,24.91403926731954],[121.43016268606844,24.91501812237215],[121.42910169345801,24.916167739569506],[121.42851802010576,24.918057072926715],[121.42782262068461,24.91738124698889],[121.42692588441963,24.916882869556773],[121.42619139079414,24.91595845335085],[121.4254042494048,24.915410366283893],[121.42543963381135,24.914464841086865],[121.42528580900094,24.91377093828242],[121.42403999310584,24.911777506250907],[121.42471607811784,24.910363521176258],[121.42471125428843,24.908954462904887],[121.42411555471759,24.907654344798985],[121.42301968250358,24.90666109177519],[121.4215904738596,24.906125909029978],[121.42042969771899,24.906077183870792],[121.41895263044584,24.906490371941285],[121.41802142746232,24.907124298164575],[121.4172844777848,24.908069985087273],[121.41617081644172,24.90908289201812],[121.41567719536,24.91004230351766],[121.41552808214712,24.91073706145464],[121.4156842207834,24.912138914040938],[121.4161842783337,24.91309555412117],[121.41698713603299,24.91389193747158],[121.41704552773363,24.914656950964076],[121.4157361025298,24.91432500948372],[121.4145959978144,24.914377423687398],[121.4138534307799,24.91310055202453],[121.41249300715013,24.912140163690015],[121.41264980470868,24.911129097087642],[121.41247581132848,24.91008126297389],[121.41217658001838,24.909428033651817],[121.41148153518658,24.908578724361718],[121.41088000510405,24.90813126643357],[121.40982805476717,24.907681043233335],[121.40867810371037,24.90752869525082],[121.40769202579091,24.90764966568085],[121.40724656558176,24.906408148415256],[121.40626287369027,24.905321601119198],[121.40489816637073,24.90466107805692],[121.40303895908002,24.904571478294724],[121.40263655049175,24.90352825572443],[121.40194160394682,24.90267890006475],[121.40100626080084,24.90205010209189],[121.3999110695831,24.901696009901144],[121.39867034311072,24.901657115147454],[121.39719325248065,24.90207008826533],[121.39626196909194,24.90270388002146],[121.39577129438825,24.903252433134742],[121.39516143890376,24.904698706348128],[121.39391328924818,24.905080047802464],[121.39211906938735,24.90631384528769],[121.38988336357227,24.90689999694345],[121.38895200628751,24.907533743557718],[121.3883899412157,24.908191528292264],[121.38747606110859,24.90872082197415],[121.38606046073868,24.909179094590634],[121.38502697979382,24.908955073509734],[121.3841513225274,24.90897078556852],[121.38298159375059,24.90857609314177],[121.38169208102329,24.90854481868779],[121.380605123052,24.90792971892384],[121.37947713746478,24.907675085050318],[121.37793999572432,24.907817101368007],[121.37645141245687,24.908591194056704],[121.37491112902134,24.908521843185948],[121.37566243368715,24.907452824833168],[121.3759445930968,24.906366510904757],[121.37654238377473,24.905452804172395],[121.37681910452635,24.904439741717173],[121.37736233737665,24.90359278492098],[121.37798119109725,24.901771383657948],[121.3787122666979,24.900722753129838],[121.3789910329112,24.899696689389202],[121.37957221895655,24.89880273292984],[121.37979546016449,24.898124700329326],[121.37979114893498,24.896715631955214],[121.37906622668437,24.895256678391213],[121.37948127860777,24.893964003991197],[121.37947911472513,24.89325606047728],[121.37922963150196,24.892319656082073],[121.38037803652269,24.891287991945408],[121.3809652108807,24.88998467356441],[121.38096088798024,24.888575603845297],[121.3804511507125,24.88740445611291],[121.3811679252261,24.886667977029028],[121.38153186157903,24.886042691382787],[121.38181099976815,24.885013946167163],[121.3818080517722,24.884301346290126],[121.38308720949897,24.883516438067172],[121.38377665896411,24.882663433961866],[121.3842208879866,24.88131388403261],[121.38407158680363,24.87992235084244],[121.3843255780721,24.879419751450076],[121.38520722738672,24.878693140049833],[121.38573278425575,24.877916419719405],[121.38718333001674,24.877899938985244],[121.3886339176149,24.877339836729103],[121.39042847291073,24.877200269507608],[121.39174331732816,24.877534957442364],[121.39290348972001,24.877479907212948],[121.39399618272195,24.877119994353933],[121.39494130720473,24.87647202374654],[121.39599573515862,24.877060456148772],[121.39751155305798,24.877331326087678],[121.39871674750623,24.877154136005764],[121.40039370050458,24.87717986541886],[121.40113566687378,24.8769723668976],[121.40208703622234,24.87645433676653],[121.40393035140276,24.876352717252665],[121.40500848347499,24.87587672597523],[121.4060604041869,24.87572270031403],[121.40710909953538,24.87526672533031],[121.40833172071038,24.874062494165667],[121.40931912256815,24.873626692981656],[121.40991751504568,24.873175933159178],[121.41058500765949,24.87235608439944],[121.41202197218605,24.872601321884563],[121.41336057400478,24.872432642889024],[121.41440921419286,24.871976617134102],[121.41544483029175,24.87104309909897],[121.41657599992095,24.870782207552022],[121.41749925821144,24.870336571485623],[121.4184147005744,24.869551764624852],[121.41941418884907,24.869489762867595],[121.42073673692771,24.869059654578468],[121.42166764346133,24.868425712125806],[121.42248823730965,24.867316841301054],[121.42377678106044,24.866929616677226],[121.4249296918536,24.86607074965776],[121.42629992689142,24.866574133664113],[121.42799861681297,24.866534006487903],[121.4294424750487,24.866781316599084],[121.43059099366637,24.866622506033973],[121.43170131633593,24.866124269733454],[121.43347050755847,24.866332799999523],[121.4349470488285,24.86591947309582],[121.43587785819552,24.865285443090745],[121.43673180032249,24.86411134207204],[121.43699449147869,24.8631827634294],[121.43767462019409,24.861763207791725],[121.43763347627731,24.860167330972093],[121.43848777995417,24.859575396999603],[121.43917671492602,24.858722141077468],[121.44024868641412,24.855554844146518],[121.44100772625528,24.85501535189181],[121.44166298713264,24.854213659414693],[121.44298475417656,24.854179638554445],[121.4444095969975,24.853636175374632],[121.44500776492664,24.853185276778298],[121.44569661999576,24.852331991173212],[121.44608433668674,24.85133299392501],[121.44613753168485,24.850274320278462],[121.4458516322195,24.849247142724202],[121.44516126487439,24.84817992102917],[121.44461085952028,24.847680963811055],[121.44361270828776,24.847139088352197],[121.44248515479636,24.84688492292324],[121.44132529573078,24.846940354435084],[121.44023300906596,24.847300609670746],[121.43958929824454,24.84769582059827],[121.43861029172608,24.848794125250723],[121.43768941077467,24.8487772069005],[121.43656366099837,24.84903800876025],[121.43441935722369,24.850375733529162],[121.43344347227153,24.851467802760304],[121.43299357557939,24.852942731177713],[121.43237877945934,24.854052699081056],[121.43221295341768,24.855082439713705],[121.43164553852118,24.85635673383278],[121.43164614107695,24.85773998779958],[121.4306723432398,24.858517857147636],[121.43009256341676,24.85940089859171],[121.42826332623018,24.859484918140556],[121.42736562408625,24.85930496040376],[121.42620564063328,24.85936027610774],[121.4251131998844,24.859720422273092],[121.42394877013848,24.860591018928204],[121.42289727442476,24.86014093205099],[121.4221357773112,24.860004971853623],[121.42097578435832,24.860060247056442],[121.42023395315584,24.860267842888398],[121.41895246522623,24.861054286560154],[121.41805282597525,24.862345562562215],[121.4167533647445,24.862770316304925],[121.41550538716155,24.863738237435978],[121.41450594277705,24.863800212750398],[121.4131734323662,24.86427027106003],[121.41252954670924,24.864665366801795],[121.41180527062156,24.865386890030262],[121.41013348567714,24.865810232810468],[121.40920253857564,24.866444104095006],[121.40858009827755,24.867194937090588],[121.40741622138869,24.866925006430176],[121.40587961950159,24.867067304627525],[121.4045196607643,24.867735231253224],[121.40357504605667,24.86877857799588],[121.4027423914771,24.86912990505141],[121.40125434296135,24.869407647921083],[121.40035870946782,24.869887763032175],[121.39694639967558,24.870000117645485],[121.3958537778396,24.870360051556457],[121.3946787047766,24.871188023378277],[121.39315819518359,24.870421151597363],[121.39200860833958,24.870268669847558],[121.39106771032505,24.87037914118226],[121.38951674764479,24.869935046429095],[121.38835664375739,24.86999006955583],[121.38716471980348,24.8704045764524],[121.38570671615074,24.870420054974225],[121.38461405688318,24.870779907066208],[121.38397004519719,24.87117488087026],[121.38319233115236,24.8719621341339],[121.38276033962624,24.872762615188762],[121.38185434759923,24.872370928556393],[121.38141594663888,24.871108751534297],[121.38072132842376,24.87025928940856],[121.37914906805645,24.869387297138484],[121.37827735910423,24.86867479356247],[121.37750133821278,24.867669348616257],[121.37624914349934,24.866904479732376],[121.3756430040852,24.86598132483492],[121.37509279389369,24.865482110135236],[121.37410860282101,24.864945685491296],[121.3730228049032,24.863662144028485],[121.37202482904493,24.863119789103152],[121.37115283398106,24.862899022047106],[121.3704913609847,24.862099477505975],[121.36907265249697,24.86127701742248],[121.36831136654727,24.860299517579712],[121.36737651274436,24.85967049948943],[121.36628178915873,24.85931615298431],[121.36490565184866,24.8592967388492],[121.36428303144123,24.858331554438728],[121.3633437779985,24.85758034904026],[121.36307280505092,24.856639153282703],[121.36247300222213,24.855731590977932],[121.36116317821438,24.85479196156584],[121.36109992608172,24.85379612787801],[121.36087272753338,24.853119207311487],[121.36050516142,24.85249573511495],[121.35972287038368,24.851712361734073],[121.35907660528942,24.851320598081305],[121.35775445976357,24.85093595174657],[121.35688508947955,24.85047993310036],[121.3551473410672,24.85021914145467],[121.35478571546705,24.849339370833377],[121.3543529849044,24.848751755003946],[121.3538029362782,24.848252458902966],[121.3528051670537,24.847709972119738],[121.35167778386925,24.84745511929156],[121.35051587379633,24.847510307445734],[121.34871987699961,24.847118640937985]],[[121.48011645283673,25.05223379033554],[121.47948710384917,25.04927627561168],[121.47888549845858,25.048369229601334],[121.4780383456204,25.0476721100845],[121.4778893734905,25.04621956805441],[121.47721551302573,25.044916635327702],[121.47877042223189,25.045534310739644],[121.4795440444511,25.045601204754195],[121.48069414838453,25.04544198876184],[121.48141103133145,25.045168754968234],[121.48234293041106,25.04453443376942],[121.4833031441503,25.043640987950376],[121.48389762347657,25.04273006600914],[121.48417623947617,25.041701157388566],[121.48411500547782,25.040642872657827],[121.48371920330696,25.039646350062917],[121.48282626765332,25.038636184082268],[121.48346280547447,25.0381644165652],[121.48415239963836,25.03731096311095],[121.48454035758189,25.036311886578595],[121.48459327528889,25.035253229051346],[121.48443895767694,25.034559405519897],[121.48393786881888,25.03360302477719],[121.48315364448679,25.03282034452337],[121.4824358763151,25.032399186506357],[121.48361110762849,25.031244483463645],[121.48464088959054,25.03089872217486],[121.4852853956199,25.030503314539455],[121.48626220141736,25.02941091810939],[121.48665011849059,25.028411835642967],[121.4866626995542,25.02711152819911],[121.48721716559432,25.026249993909083],[121.4874400327227,25.025571816513477],[121.4875134056946,25.02486705474277],[121.48734004974283,25.023824517766492],[121.48819328265145,25.022985496858553],[121.48868677298681,25.02202586108181],[121.48885327998784,25.02097702089929],[121.4886784723244,25.019929302672917],[121.48816721848891,25.01896050373825],[121.48770852652851,25.017536261552088],[121.48683256791399,25.01653992697274],[121.48793074236791,25.01617868892542],[121.4891225337623,25.015280885309323],[121.48971683688218,25.01436993934405],[121.49000866959709,25.013074170428983],[121.49073235959715,25.01255429428893],[121.4918133533837,25.01126405285053],[121.4934627878071,25.011432536663364],[121.49458988016818,25.01117129078402],[121.49563032097552,25.01058561723672],[121.49649515687342,25.01065493754301],[121.49743809040082,25.01202291085659],[121.49868879355805,25.012785133562062],[121.49958722566508,25.01373996924301],[121.50058697063041,25.014281434112878],[121.50191934254369,25.01455853811779],[121.50237182734027,25.01589415975388],[121.50306810435944,25.016743014784794],[121.50400483210021,25.017371142115515],[121.50521958492028,25.017740016410652],[121.50599584589034,25.019131379678168],[121.50686052915394,25.019840126719306],[121.50754709164431,25.020171500001194],[121.50867635393361,25.02042514156535],[121.50983779685464,25.020369163193557],[121.51093138933825,25.02000838623773],[121.51186858241542,25.019368172934403],[121.5136810537648,25.018810372569764],[121.51448260210155,25.019281418821954],[121.5153374603627,25.02017022834725],[121.51628079418673,25.020687462628672],[121.51501839166339,25.021071694581966],[121.51424651777207,25.02157334062823],[121.5128928508981,25.020888463832655],[121.51176357629821,25.02063485451708],[121.51060213203985,25.02069084795765],[121.50866524746083,25.02120823941543],[121.50761571144847,25.02166493293139],[121.50579419408044,25.02283708147771],[121.50473863621829,25.02408323030222],[121.50435134099182,25.02427571133527],[121.5033784152895,25.02157589637073],[121.50268210827737,25.020727043801585],[121.50166291696635,25.020063718782335],[121.50136594007925,25.018475749086935],[121.5007643298038,25.017568788063596],[121.50003662069409,25.016871605017574],[121.49974587972541,25.01577578937304],[121.49914429475821,25.014868821077396],[121.49827969030981,25.014160027456782],[121.49722652450227,25.01371044559353],[121.49602401788782,25.013544883842115],[121.49486263082805,25.013600753456288],[121.4934361898768,25.014144711286143],[121.49234675800446,25.01514466670803],[121.49176019180025,25.016448394187876],[121.49170734074336,25.0175070558797],[121.49216159823892,25.018853923026487],[121.49333366354116,25.02006507797708],[121.49417272003699,25.021867269118932],[121.49495694231516,25.022649892379317],[121.49593274540617,25.02318114421035],[121.49599538386798,25.023946094559594],[121.49508558280984,25.023378989821005],[121.49398905411749,25.02302561439774],[121.49282716143784,25.022977470644754],[121.49206569030896,25.02311810331823],[121.49101607457952,25.023574680723858],[121.49015710704488,25.024289208456036],[121.48956276078552,25.025200155647067],[121.48933990601536,25.025878336072058],[121.4892870316269,25.026936995943053],[121.4894413660974,25.027630814881434],[121.48994247218126,25.028587177555895],[121.49062514729081,25.029286561284326],[121.49013289927821,25.030244279125217],[121.48996639211607,25.031293119463164],[121.49014122855209,25.032340834168437],[121.49044117748305,25.03299388588926],[121.49142663403138,25.034079833426233],[121.49300490541262,25.034787085786174],[121.49298676716923,25.03562709775823],[121.49319112879411,25.03651091289397],[121.4939251617018,25.037751136566527],[121.4947899094344,25.038459951115104],[121.49591905843793,25.038926569906458],[121.49661515625714,25.040071191265408],[121.49804444784075,25.04106994238059],[121.49840380783786,25.04226858402042],[121.49856095869713,25.043671051492815],[121.49912112583996,25.044699201335053],[121.49928089247716,25.04605107055609],[121.50001504465273,25.04729126073558],[121.50087989466435,25.048000037357543],[121.50244664799071,25.048552269681718],[121.50338435300614,25.049181128508824],[121.50414245242142,25.049458367447087],[121.50471840726892,25.049925205058408],[121.50445339894748,25.050919492270353],[121.50445629618466,25.05162740882839],[121.50487510537425,25.052906090165113],[121.50487474225726,25.054337774717506],[121.50526454454284,25.05532237245604],[121.50508559403073,25.056403535312292],[121.50526059820453,25.057451226157223],[121.50599488006183,25.058691382886497],[121.50654648295466,25.059190081373348],[121.50751229590695,25.059716841679254],[121.5075768643928,25.06051176013044],[121.50740542911919,25.061573599851837],[121.50750973106564,25.062368122418146],[121.50725536241289,25.063643596892906],[121.50749394622257,25.064851163455096],[121.50716855291678,25.065728827776333],[121.5070952725188,25.066433594029938],[121.50714177524361,25.066942835680507],[121.50710349306001,25.067061740728615],[121.50692971478409,25.06598882441143],[121.50623611519603,25.06479831424534],[121.50623646564951,25.06448517057516],[121.5068184928712,25.063589482746668],[121.50704131530895,25.06291127996588],[121.50711459430212,25.062206513433974],[121.50693956688596,25.061158825795264],[121.50643819291315,25.06020252872444],[121.5056536555807,25.059419974851014],[121.50465351933815,25.05887855340164],[121.50355115867153,25.05862847517285],[121.50387113588748,25.05776136632693],[121.50392389326218,25.056702707371173],[121.50376943814778,25.056008908001935],[121.50326811028489,25.05505259885556],[121.50217028457864,25.054059976725416],[121.50073903092608,25.053525594504656],[121.49919223076253,25.053530801197198],[121.49737891019468,25.05423267934852],[121.4973353123407,25.05306252333363],[121.49693936223501,25.052066039859238],[121.49593467234209,25.050938799121685],[121.49550931821783,25.04976607361791],[121.49446808096607,25.048342792393417],[121.49337038568754,25.047350102315676],[121.49193924706574,25.04681563303757],[121.49035493988441,25.046829456102305],[121.48939375870772,25.045780242411762],[121.48802705701007,25.045120522170503],[121.48648726217365,25.04498746234717],[121.48535984389665,25.045248650547997],[121.48407688349067,25.046035656497327],[121.48246722953115,25.04771908800119],[121.48202350928113,25.04906889437984],[121.4820262774665,25.049776813510856],[121.48229874188227,25.050768066346635],[121.48120580138254,25.05123454955704],[121.48011645283673,25.05223379033554]],[[121.47630460284932,25.044083413702165],[121.4751274070692,25.04355061501214],[121.47392383248415,25.043401300147703],[121.47322643884218,25.04296925832369],[121.47188949882084,25.042584031516313],[121.47037398447739,25.04177822023209],[121.46984829279401,25.04073333229263],[121.46906411041127,25.03995057777986],[121.46735087816296,25.03872047534653],[121.46607425479677,25.038220450859306],[121.46554659959456,25.037830384703092],[121.46697367162793,25.03807121498731],[121.46812372345137,25.03791209693111],[121.46907340914892,25.03751079105737],[121.47013476752265,25.03764959175171],[121.47126259338205,25.038149368143472],[121.47264467942222,25.03829014399746],[121.47417938103858,25.039609654725243],[121.47523268861029,25.040059396267143],[121.47609267909937,25.040199108622335],[121.47573268220846,25.04095391578181],[121.475566039481,25.04200274052184],[121.47574077071023,25.04305047226552],[121.47630460284932,25.044083413702165]],[[121.4745430985114,24.995390483806474],[121.47309362837679,24.994608842796666],[121.47189600561462,24.99435206937665],[121.471937484589,24.993732025547825],[121.47291435599706,24.994400771068914],[121.4743620365764,24.994800677586888],[121.4745430985114,24.995390483806474]],[[121.43018909394655,25.085154865938872],[121.42846643613686,25.085753767593843],[121.42760667239853,25.08646793876426],[121.42629583181997,25.087903229629486],[121.42572319808968,25.089151541153292],[121.42414092027211,25.089428023932424],[121.42285710427039,25.090214507976366],[121.4220015009164,25.09138851640624],[121.42170577184119,25.09274368793984],[121.42050900477096,25.09268728190628],[121.41938100316882,25.092947975338273],[121.41809711971514,25.09373441869417],[121.41739508487466,25.094610215790947],[121.415526572203,25.09533357652457],[121.4144357916122,25.09633296818734],[121.41388600989295,25.097496482079613],[121.41217981500729,25.097920403448825],[121.41098666320666,25.09881759824964],[121.41039137572658,25.09972823236367],[121.4099792133451,25.101152199255758],[121.40912448439238,25.10122031434786],[121.4080298640958,25.101580351755373],[121.4070971475304,25.10221421256564],[121.40659141125559,25.10278471575101],[121.40688284884094,25.101355678270625],[121.4076532098699,25.10070253624561],[121.40808318483074,25.100112733403545],[121.40852789411507,25.098763143845456],[121.40846727327683,25.097704827587176],[121.40820261155817,25.096957829844595],[121.40877842175166,25.09589787205739],[121.40892542740482,25.094495212934287],[121.40847178291638,25.093148096239144],[121.40769474399353,25.092232382642234],[121.40821763630225,25.090763155702536],[121.40817052094928,25.08978601233104],[121.40844757259985,25.088763150474172],[121.40838695868896,25.087704832689347],[121.4079916083612,25.086708108267942],[121.40717632422134,25.08576097722081],[121.4068015726748,25.084838136297456],[121.4063677567026,25.0842507030602],[121.40550318342407,25.08354137538378],[121.40461219247227,25.083143577465805],[121.40420301960187,25.082344230801855],[121.40403111257399,25.081251435154815],[121.40353044758744,25.080294783242522],[121.40274642505754,25.079511680422456],[121.40185050564273,25.079013990974353],[121.40137153917962,25.07814957510657],[121.40139944291957,25.077062433806024],[121.40221310009743,25.077214891514835],[121.40337513996279,25.077159737945816],[121.4044695582527,25.076799736251104],[121.40549566016767,25.076100888390688],[121.40706051724148,25.076242771178176],[121.40853964739432,25.075829683994463],[121.40947215848361,25.075195814487675],[121.41029927950132,25.074077176547497],[121.41159535435125,25.074039693219245],[121.41268972008687,25.073679631419733],[121.41388261838269,25.07278242316214],[121.4145831848659,25.071764728634232],[121.41577288368752,25.071276470570663],[121.416989691292,25.070145531975314],[121.41818291204618,25.06965643491977],[121.41914068524072,25.068821096183086],[121.42039380806558,25.06870457583878],[121.42097299560652,25.06956965639507],[121.4218375572607,25.070278895407874],[121.42289094397232,25.07072900533737],[121.42389540080978,25.07087506202875],[121.42420165398164,25.0722624657893],[121.42480298007538,25.073169734385623],[121.42535432522162,25.073668737286084],[121.42635424320625,25.074210695083764],[121.42780975074595,25.074478588229816],[121.4288343011026,25.07504071911022],[121.42979900439032,25.07527316070858],[121.43107963950453,25.076339316334952],[121.43123930842253,25.07767935201547],[121.43174017632337,25.07863590812694],[121.432341161214,25.079268593306637],[121.43246922234125,25.080849384146404],[121.43276899007797,25.081502550743405],[121.43340576426048,25.082292415983247],[121.43345399525981,25.083099451311597],[121.4329017881901,25.08352002300292],[121.43132639788136,25.084083810114016],[121.43018909394655,25.085154865938872]],[[121.43333426195271,25.051698327025075],[121.43199368060348,25.050902567838293],[121.43150791365424,25.04968843938303],[121.43146558211656,25.04851424251291],[121.43097380866834,25.046920965100174],[121.43132038906789,25.046003279074423],[121.43137376673819,25.044944635413568],[121.43089006008924,25.04355229611999],[121.4319389558188,25.042817305482316],[121.43291276654003,25.042386228157554],[121.43377219552403,25.041672026553908],[121.43449691042467,25.040427241311505],[121.4346435665971,25.03902455098925],[121.43435730027164,25.037997381984315],[121.43349392657043,25.036828323463773],[121.4322052280319,25.03604925247346],[121.43092520387006,25.035788720503867],[121.43066809371823,25.035264769685725],[121.43364155041125,25.036209095538588],[121.43559418094269,25.036494981502347],[121.4367558180997,25.03643957166961],[121.43769213264044,25.036147824694982],[121.43842854970092,25.036729140407136],[121.43963732993967,25.037214162859105],[121.44149407575613,25.039809734734],[121.44096821966727,25.04102622648749],[121.44067987489602,25.041320074234275],[121.43955697049505,25.041477681895405],[121.43850699899566,25.041933892323808],[121.43727927736663,25.04314412623556],[121.43643530455829,25.043625893925046],[121.43565686132355,25.044413412665936],[121.43506955834113,25.045716921775153],[121.43501621220054,25.04677556623217],[121.4354699669433,25.048122608632628],[121.43624629650358,25.04903766602417],[121.43554779189576,25.0498979738612],[121.43431283079279,25.05224972848303],[121.43380246492337,25.052211502901436],[121.43333426195271,25.051698327025075]],[[121.43490615033994,24.99915737676129],[121.43409055814965,24.998032083645484],[121.4349908794348,24.997415374516905],[121.4358309343667,24.99627001649607],[121.43643108692905,24.995732000397098],[121.43686056488751,24.99514211258635],[121.43724878096829,24.994143150263028],[121.43724379579452,24.992734110165326],[121.43701591694555,24.9920573267435],[121.43649911702589,24.9912528837502],[121.43663232586158,24.990328426206535],[121.43655370265085,24.989624129146087],[121.43615845275015,24.988627465401777],[121.43515149606449,24.987336965523255],[121.43436743566625,24.985724114332356],[121.4335838302135,24.98494115895222],[121.432663293758,24.98443287315954],[121.43224835975057,24.98331755712674],[121.43153190365746,24.982451240961606],[121.43106830964291,24.980927584919346],[121.4303727275382,24.9800783788901],[121.42913665803121,24.97931977901662],[121.42765592248706,24.97891501244942],[121.4261179605303,24.979057534966294],[121.42471036754804,24.979764329513454],[121.42372030581863,24.979455858481888],[121.42227482197906,24.978519332927945],[121.42086655492751,24.97825330037056],[121.41977098357354,24.977261150566513],[121.41834096888401,24.976725952214835],[121.41717953144824,24.976677210834737],[121.41601085325985,24.976956000462902],[121.41426790296465,24.97658873125923],[121.41252996888055,24.97696459783121],[121.41079199994407,24.97686862274594],[121.40808869983742,24.975731079444017],[121.4073265056918,24.97559505468848],[121.40596595802967,24.975640833787427],[121.40573783465426,24.974571417598487],[121.40523760170139,24.973614752471995],[121.4044542562142,24.972831639085932],[121.40357206330597,24.97233948443771],[121.40340776065695,24.971461477384466],[121.4029075585457,24.97050480364542],[121.40212424761384,24.969721677240933],[121.40121545018685,24.969218112262688],[121.40098564493762,24.968528211077594],[121.40038501379557,24.967620824699598],[121.39952130120022,24.966911440501406],[121.39811561740416,24.966381484624545],[121.39745133394507,24.965871470150816],[121.39652751294659,24.965462712769583],[121.39686356090529,24.96432351351119],[121.39670756017762,24.9629216491399],[121.39620744504244,24.961964950726024],[121.39523727761559,24.96101286374747],[121.39467520644146,24.960150137949206],[121.39578976287781,24.960192866214367],[121.396698781472,24.960004068790568],[121.39768712617682,24.96101106948902],[121.39847917088781,24.961561864903363],[121.39890269789369,24.962325180031144],[121.39968594116557,24.96310832499716],[121.40068484647163,24.963650476303847],[121.4014286609438,24.963853977626094],[121.40295578082889,24.96385236661306],[121.40417345266214,24.96414494597618],[121.40548773367655,24.964054339451312],[121.40696187474926,24.964311279767117],[121.40811132643695,24.964152632275468],[121.40947231503395,24.963484668287286],[121.41044927935913,24.962392757906596],[121.41089348956945,24.961043142963767],[121.41073733484596,24.959641294627687],[121.41000460706053,24.95840062963154],[121.40907090565474,24.957611301226354],[121.40801853883866,24.95716107352008],[121.40725645945624,24.957025046613964],[121.40613433068376,24.95707486487335],[121.40494652603603,24.95679505150266],[121.40401035012844,24.95681919035502],[121.40197652034254,24.954452650932286],[121.40295429463148,24.95438980836895],[121.40404763182373,24.95402981746748],[121.40523945181678,24.95313267799168],[121.40598636258065,24.95180540291814],[121.40671864354849,24.951886104109512],[121.40717222278874,24.95324193662823],[121.40819219484982,24.954352577404233],[121.40896555200163,24.95573941118846],[121.41005773565605,24.9565727443143],[121.41034486745252,24.957622104231397],[121.41094552136535,24.958529451343427],[121.41180923920471,24.95923876999063],[121.4134318245404,24.95989204559683],[121.41193062847829,24.96160736053325],[121.41148642769552,24.96295697834871],[121.41154699052207,24.964015313025214],[121.41177467651426,24.96469214048713],[121.41263733192368,24.965861345652637],[121.41357321971383,24.966490058367423],[121.41429161535069,24.966758978364076],[121.41610907542768,24.96685431885822],[121.41694624426307,24.96771860969654],[121.41829854090552,24.968374752191508],[121.4193792498601,24.969348877212838],[121.42043176109577,24.969799022023793],[121.42158230451354,24.96995127033913],[121.42273178797575,24.96979250966827],[121.42378121072825,24.96933641359805],[121.42466432819047,24.968592403204955],[121.42593587036473,24.969238355862984],[121.42689642089982,24.970288773758046],[121.42801162952219,24.970868239416877],[121.42877552458461,24.97221981293713],[121.43013362629533,24.973178703045303],[121.43079551353793,24.974239853923606],[121.43261334874187,24.9756825311411],[121.43307289242803,24.976535928245607],[121.43356752195832,24.97708173199178],[121.4350780485679,24.978073841454805],[121.4353245346365,24.97886271807634],[121.43611169909909,24.97995602972027],[121.43670188389244,24.98135929810809],[121.43669827995609,24.982105585826815],[121.43698442856059,24.983132759512962],[121.43784745134388,24.98430181082228],[121.43904304839681,24.985041264899245],[121.43909646868724,24.986146036668696],[121.43969271564043,24.987446073984955],[121.4407894452233,24.988439182148355],[121.44192869274356,24.98890864528801],[121.44210208908584,24.989939603491237],[121.44260267335176,24.990896137946766],[121.44338637352026,24.991679043913113],[121.4447281962838,24.992416485301238],[121.44302735753581,24.992537681388168],[121.44197781245322,24.99299391344284],[121.44112405886071,24.993702804678186],[121.4398774321013,24.993857656345284],[121.43882786389374,24.994313866412384],[121.43773815518529,24.99531342831965],[121.43715109943504,24.99661695077038],[121.43709778550965,24.997675602416226],[121.43745603960386,24.999515998454942],[121.43818935128847,25.000983266964013],[121.43775419295635,25.00185291876113],[121.43760510166322,25.002547690081663],[121.43766591271188,25.003606005283988],[121.4378938174417,25.004282786324524],[121.43935488260158,25.00673002837497],[121.44069332295172,25.007710378029287],[121.44193329411999,25.00808314283593],[121.4421903539301,25.00909877301074],[121.44128885316425,25.01012808574595],[121.44090062181554,25.011127056713168],[121.44084733582986,25.012185707290712],[121.44113359257948,25.01321286743277],[121.44173474718534,25.014120076890812],[121.44259903243616,25.014829203993084],[121.44365201565773,25.015279175438614],[121.44441449230949,25.015415009568212],[121.44620377061636,25.015237832663217],[121.44709316141213,25.016478217374626],[121.44672039199747,25.01744721274331],[121.44664678942038,25.018151958363273],[121.44672549094734,25.018856246353774],[121.4470641464519,25.019744415041288],[121.44634027480859,25.02121720477453],[121.44634537029371,25.02262623774375],[121.44674081530808,25.023622867247422],[121.44717460381123,25.02421018762281],[121.44852625398487,25.0251658299952],[121.44837433030372,25.025867987608308],[121.44843524840182,25.02692629366535],[121.44883072456278,25.027922916608517],[121.44926453837019,25.02851023019757],[121.45046326062173,25.029400491777167],[121.45209510206101,25.029811293612838],[121.45289673152685,25.03086208772401],[121.4538333179431,25.031490532198294],[121.45492981249463,25.031844204038958],[121.45585672124503,25.03190388676718],[121.45668556306136,25.032331002929002],[121.45769355369306,25.032569020580773],[121.45856910587923,25.03327943104584],[121.45929595377787,25.03362403601627],[121.45963870064256,25.03417930500716],[121.45769780851805,25.033270737999043],[121.45654663406279,25.033118779047268],[121.45545526524924,25.03326423015198],[121.45421790149106,25.032690763072416],[121.45301263727569,25.032541363682185],[121.4522934147217,25.03164797521163],[121.45135683477683,25.031019520953137],[121.44987540736554,25.03061498791069],[121.44868416587286,25.03067736518505],[121.4479589514827,25.030207767864432],[121.44833994660365,25.029222840955075],[121.44839317320363,25.028164190897606],[121.44748931710865,25.025237196016192],[121.44621336565856,25.02369808749478],[121.44497431746785,25.022550974434175],[121.44426017620601,25.022131098411634],[121.44408890836414,25.021020433176012],[121.44335547458503,25.01977995197033],[121.44249114992968,25.019070830271893],[121.44168690355312,25.018701122939277],[121.44097334499249,25.01781818426805],[121.43982307004603,25.017098263370336],[121.43966880700121,25.016400546580307],[121.43916813866963,25.015444006624868],[121.43796994773295,25.014340343309478],[121.43822522588606,25.013372393204907],[121.43823303580275,25.012488373989836],[121.437907193215,25.011070475381043],[121.43828600935663,25.0102871607952],[121.43845293138884,25.00923836953746],[121.4380689088601,25.007709292990604],[121.43822285033174,25.006708376763484],[121.43814420611528,25.0060040823548],[121.43754788259324,25.004704043064105],[121.4365933356471,25.003806446592233],[121.43664240351505,25.002774511853147],[121.43648839828354,25.00208063114701],[121.43490615033994,24.99915737676129]],[[121.3976639156937,24.947911748286828],[121.39666515132949,24.947369573838046],[121.39553677439152,24.94711506759583],[121.39437595244797,24.947170145800452],[121.39328264634918,24.947530065648444],[121.39235100448208,24.948163833573073],[121.39166125693107,24.949016873550956],[121.39127280688842,24.95001572592453],[121.39125434397532,24.95128668431523],[121.39051115830362,24.950476228357726],[121.3884279239193,24.945508580773865],[121.38748792931325,24.944457944816072],[121.38715890649887,24.943078506074976],[121.38803886993415,24.94235304280281],[121.3887634819031,24.94110846527806],[121.38897073073727,24.93975971473429],[121.38864345315183,24.93833747033375],[121.38980117319151,24.9388588094712],[121.3915542906301,24.939063169815093],[121.39201236403571,24.94050158281082],[121.39290745710014,24.94163098234865],[121.39381425782278,24.942244186997772],[121.39424231344948,24.94344163496909],[121.39493744048309,24.944291019701303],[121.39622494382522,24.945070438238947],[121.39785737170098,24.945335797386864],[121.39870625461654,24.946218310868044],[121.40035765292006,24.94722054884863],[121.39912812518392,24.947845188955842],[121.39837287598779,24.948604266509882],[121.3976639156937,24.947911748286828]],[[121.3945813963722,24.932166047347845],[121.39316123499296,24.932152865896647],[121.39143685301536,24.931615069622772],[121.39028936575778,24.93166829461086],[121.38969431657368,24.93077104127374],[121.38867562302502,24.92997725849605],[121.3881543078188,24.929221072468856],[121.38695700820095,24.928330278959695],[121.3845589363185,24.927511234358086],[121.38367257853217,24.92736982882968],[121.38220899503354,24.926701251243255],[121.3805010376611,24.92659047549115],[121.3790538910108,24.92530205293465],[121.37712720137719,24.924120397359896],[121.3747641627368,24.92357108403789],[121.37433353719618,24.923170419858074],[121.37463216209028,24.922104120523812],[121.37447647265382,24.920702221311426],[121.3740074020772,24.9195389185472],[121.3731458736559,24.918552418151833],[121.37297638621737,24.917422259953167],[121.37257486746226,24.91661399718201],[121.37232596305554,24.915603892439],[121.373360398668,24.91519895150189],[121.37478817266637,24.915733869966353],[121.37594902655215,24.91578294938874],[121.37707551345584,24.915522597799164],[121.37815714526947,24.914903314634092],[121.37966445199082,24.914937734910552],[121.38115113428674,24.91569875445802],[121.38281800238796,24.915815170053964],[121.38434300161616,24.916244924179438],[121.3855035397339,24.916189927344035],[121.38658163098613,24.915836567584442],[121.38783129165188,24.91602131156595],[121.38898032298405,24.915862815843933],[121.39043666339992,24.91520398620154],[121.39193671395184,24.91478999790428],[121.3940137677217,24.913225980283272],[121.39488100960244,24.912756146851468],[121.39571047781419,24.91261276305965],[121.39675952189612,24.91215685867971],[121.39885826989729,24.910542837019467],[121.39945275309805,24.9096322363272],[121.39968058282608,24.908924814388424],[121.3998953760759,24.9088951678648],[121.40013615591499,24.90963184632908],[121.40073649779634,24.91053924428883],[121.40159981947664,24.91124863162295],[121.4024509336981,24.91163398721563],[121.40275608759488,24.91300191076686],[121.4036182913877,24.914171181875137],[121.4045537398422,24.914799961130672],[121.40527181515297,24.915068930539153],[121.40685086499215,24.91519720255891],[121.4069184587234,24.916115178095747],[121.40714602750202,24.916792018413926],[121.40774645568987,24.917699386199633],[121.40829702995318,24.918198472535824],[121.4096619049411,24.918858961172834],[121.41042375141146,24.91899497943634],[121.41156390084255,24.91894259653634],[121.4118732281645,24.9196320413376],[121.41256833876633,24.920481346714425],[121.41350387982867,24.92111006810389],[121.41422201063766,24.921378993468146],[121.41576019924736,24.92151282546541],[121.41652114037565,24.92137258864774],[121.4175297440677,24.920938793736752],[121.41804843049202,24.92152144778691],[121.418880737413,24.92209408317176],[121.4192732367862,24.92308221352648],[121.41996841724995,24.923931483100457],[121.42090402141787,24.924560156937186],[121.42214441039611,24.924933276270927],[121.42129093858915,24.9255243723837],[121.42070842475796,24.926213748950783],[121.41988174047805,24.92592802106452],[121.41915297395684,24.925211390790665],[121.41850613913313,24.92481989538262],[121.41741069787399,24.924465936004363],[121.41624975109018,24.924417180652892],[121.41544986036787,24.924570240994193],[121.41383794431371,24.92425870569709],[121.41268887001696,24.92441739337506],[121.40973834330741,24.925915357689455],[121.4086413379519,24.92708647322192],[121.40620836542072,24.92863529868368],[121.40547221729487,24.9293709773894],[121.40390350695499,24.929647712102515],[121.40273574923852,24.930338787416453],[121.40169355407342,24.930587689286813],[121.3992393494333,24.93157127062426],[121.39766364578875,24.93184764741843],[121.39666508182472,24.932397978111975],[121.3953975255186,24.93240062005667],[121.3945813963722,24.932166047347845]],[[121.3675353025164,24.954061491147918],[121.36667187120929,24.953351911803434],[121.36524235656204,24.952816195723766],[121.36408115858433,24.952767037099928],[121.36288023076246,24.953059454749045],[121.36223923427058,24.953049096395798],[121.3605635482336,24.95117966874125],[121.35927620095525,24.950399940789453],[121.35775956563066,24.95012869432265],[121.35651234750355,24.950319128997457],[121.35684103586811,24.948850565450336],[121.35674091098322,24.947496643503193],[121.35649794349877,24.946576530972635],[121.35772750370323,24.94700377568943],[121.35888864575539,24.947052984510837],[121.36036640326195,24.946640385609346],[121.36136138095436,24.945942919004832],[121.36214400490722,24.946340104397922],[121.3632723097065,24.94659486445311],[121.36564317780947,24.946510021744157],[121.36638561792708,24.946302692410686],[121.3673810116911,24.945755403201026],[121.3681592833592,24.944968233563205],[121.36856962819061,24.944224305633387],[121.36910986205379,24.944547289846067],[121.36860707123449,24.945985834378323],[121.36866735671842,24.9470445509635],[121.36850899660128,24.948059849771468],[121.36868267700115,24.94910773371564],[121.3694149372826,24.950348609154567],[121.37083551390624,24.951457849330794],[121.37183420088888,24.952000197600274],[121.37381060407164,24.952598687697346],[121.37546339954162,24.952717186113336],[121.37615846878494,24.953258257348537],[121.37769070071829,24.953978715610564],[121.37945498439026,24.95408180640601],[121.38050077467959,24.954528735977107],[121.38126281126516,24.95466490036521],[121.38242371074077,24.954609923477026],[121.38337824721256,24.954310396923404],[121.3841241986772,24.954714542729842],[121.38470677211241,24.955540598880606],[121.38474705331231,24.956724614074208],[121.38514178521633,24.95772142508118],[121.38583693204257,24.958570850438303],[121.38670430756268,24.959162642812903],[121.38673695073646,24.96039466685432],[121.38696449465128,24.961071534335378],[121.38751934694926,24.961923200786103],[121.38749872964269,24.96277427816579],[121.38778442397687,24.963801554819415],[121.38838494451389,24.964708993846042],[121.3890935958965,24.965367891594546],[121.38873835486363,24.96560116927206],[121.38754560502709,24.964899668253302],[121.38642147362377,24.964645676970605],[121.3853345048682,24.96336195418293],[121.38396926237276,24.96270125109539],[121.38243059103833,24.96256709755799],[121.38097960003701,24.96296824236912],[121.38092317789734,24.96188558469285],[121.38048565395519,24.96073871288199],[121.37988521056296,24.959831240598017],[121.3790216687633,24.959121734688345],[121.37833578297501,24.95878975656448],[121.3772073372874,24.958535112666453],[121.3756173582579,24.95869428904752],[121.37545759632508,24.95789218852468],[121.37495766529486,24.956935415903846],[121.37429337213528,24.95617941492399],[121.37335775900635,24.955550451135853],[121.37047752296282,24.954745125754084],[121.36931661560779,24.954800009615006],[121.3682132778247,24.955165183830044],[121.3675353025164,24.954061491147918]],[[121.38097048692671,24.936666006962117],[121.38042023990214,24.935171362915664],[121.38124834336328,24.934136454502372],[121.38268357252318,24.934517253158415],[121.38328556269673,24.93542889071407],[121.38429931051915,24.93622001755346],[121.3828002576603,24.93677298078641],[121.38183502223369,24.93761825942822],[121.38097048692671,24.936666006962117]],[[121.38722754904089,24.936645907010334],[121.38728521101547,24.936791537983222],[121.38730665978422,24.936832584492645],[121.38705072903748,24.936679973501313],[121.38722754904089,24.936645907010334]],[[121.39187283374775,24.95272502573547],[121.39180985372255,24.95273876374856],[121.39178573233224,24.95259340296262],[121.39187283374775,24.95272502573547]],[[121.39365475553252,25.06847357133212],[121.3934095483062,25.068340590021254],[121.39364277372377,25.068263885314476],[121.39365475553252,25.06847357133212]],[[121.38101431582923,25.068992646606247],[121.38304052242316,25.06752331942132],[121.38395443056105,25.068820807614653],[121.38549076094299,25.06968025444179],[121.3854725866553,25.069794081594207],[121.38447019025156,25.06937128520049],[121.38331875943116,25.069218762614884],[121.38216829636832,25.069377228518444],[121.38106055822374,25.069871979492838],[121.38101431582923,25.068992646606247]],[[121.37820735157258,25.05223444060288],[121.37823232028859,25.052272148586045],[121.37821451622143,25.052260190386125],[121.37820735157258,25.05223444060288]],[[121.40622416324116,25.103417287614814],[121.40623849392409,25.103395367731892],[121.40618709981037,25.103463078665285],[121.40622416324116,25.103417287614814]],[[121.4201944047612,25.00107555043785],[121.41999128938873,25.001244365256866],[121.42000088506178,25.001054353117706],[121.4201944047612,25.00107555043785]],[[121.44349206206927,25.065232614645954],[121.44349307992175,25.065236264988553],[121.4434907654525,25.065240760260167],[121.44349206206927,25.065232614645954]],[[121.44283932869402,25.062843921799235],[121.4420551723628,25.062061026582697],[121.44105528650854,25.061519173249444],[121.43992577647873,25.061265022568115],[121.43864490646551,25.061347985179484],[121.4384014172735,25.060566095488916],[121.43949762564684,25.058661159644288],[121.43978377523982,25.057770414102094],[121.44097362933273,25.059220062877632],[121.44199495057397,25.06001411538674],[121.44276361044369,25.061380099328243],[121.44408538062176,25.06232284690267],[121.44367211897146,25.063009038630447],[121.44339795534393,25.064007486890194],[121.44283932869402,25.062843921799235]],[[121.46287829047378,25.03622348541353],[121.46241625043821,25.035710691947212],[121.46325220892018,25.03572500269604],[121.4637235123227,25.036539645222582],[121.46287829047378,25.03622348541353]],[[121.46683000929114,25.067628483118806],[121.46755231072974,25.067202752768885],[121.46744753573881,25.06761800251683],[121.46683000929114,25.067628483118806]],[[121.54506264885242,25.049982416787277],[121.54402403789618,25.049833764104783],[121.54303918673787,25.04897938971595],[121.54198556425997,25.04853013462644],[121.54083415552422,25.048378832914075],[121.5396841109195,25.048538513646054],[121.53863446348637,25.04899542648895],[121.53803571031307,25.049446698681706],[121.5373464276947,25.050300395969373],[121.53704687801388,25.05097402677201],[121.53563841740842,25.05124919412228],[121.53435572464036,25.05203662955728],[121.53366640206643,25.0528903101343],[121.53322725863852,25.054214817025397],[121.5317612938437,25.054230989410854],[121.53070739619552,25.05457454283479],[121.52917449292823,25.054298828898517],[121.52798383513671,25.054471796766272],[121.52691455912402,25.05433882759922],[121.52582695756111,25.054483901081],[121.52472971866693,25.053569652747676],[121.52381887721253,25.053166229673586],[121.5236591286968,25.051808404703767],[121.52292471310841,25.05056833634965],[121.52205972050189,25.049859690626],[121.52102957786131,25.049417824739994],[121.52114355944961,25.048132254874854],[121.52082876681227,25.04705227474944],[121.52149777056266,25.045875003645822],[121.52165441546951,25.044660912060795],[121.52235076971932,25.04322088922428],[121.52241327648045,25.042332611966966],[121.52368648363087,25.04169264054647],[121.5242338233196,25.041190131171085],[121.5247828060574,25.04036695485455],[121.5260353587507,25.040211616725525],[121.52739652110931,25.039542577618988],[121.52817433944745,25.0387545871169],[121.52866757698229,25.03779482456033],[121.52883376196033,25.036745946876795],[121.52865859079537,25.03569828364634],[121.52814254283375,25.034724250592998],[121.52767839267574,25.033215328860503],[121.52680447507662,25.032221264937128],[121.526267558713,25.030878423280353],[121.52620440121912,25.02985178044524],[121.52590135536389,25.028889427394276],[121.52635763862324,25.02814902016275],[121.52661520821705,25.027250427147315],[121.52783351199666,25.026300066220383],[121.52845101470213,25.025328547695604],[121.52959465422417,25.02447951857291],[121.53047541116813,25.025061459934424],[121.53157205734044,25.025414564152097],[121.53273398224471,25.025462404438667],[121.53372973128083,25.02524422520332],[121.53412688618974,25.025261123238216],[121.53418819188664,25.025463074547105],[121.53405657730315,25.026384292628556],[121.534292282001,25.027584119042437],[121.53365260249025,25.02872539588686],[121.53348646804365,25.029774279232225],[121.53349703365956,25.031708168884112],[121.53376722299446,25.032692673315132],[121.53352633442013,25.03393428250953],[121.53376600485475,25.035144054964025],[121.53350625407461,25.03643428330456],[121.53358546413483,25.037138515711582],[121.53396265428601,25.03809866387646],[121.53364972822797,25.0387115299676],[121.53268765761537,25.03904193786209],[121.53175606453433,25.03967657053158],[121.53090185273948,25.04085119346544],[121.53062363009006,25.041880183600885],[121.53062667637506,25.04258809808615],[121.53108145410756,25.043934833475287],[121.53206735261362,25.04502050276383],[121.5335265576743,25.04570051872489],[121.53401273691222,25.046618143813994],[121.53479736831208,25.04740054763322],[121.53579753888565,25.047941766294965],[121.53654207404236,25.048144578655556],[121.53808879744699,25.048138984130574],[121.5395736667172,25.047554917696612],[121.54081219814451,25.04798459844814],[121.5423589184514,25.047978959497545],[121.5434526542803,25.04761794209484],[121.54420042093787,25.047136243289888],[121.5452526710993,25.04687288653352],[121.54479339277323,25.04830056441117],[121.54479652131681,25.049008476634164],[121.54506264885242,25.049982416787277]],[[121.54504351240374,25.03754893457433],[121.54510526038962,25.037528550242914],[121.54508683641244,25.037564412130976],[121.54504351240374,25.03754893457433]],[[121.54477957982228,25.03058946710069],[121.54308113520688,25.030561041181258],[121.5417054804265,25.031077489099292],[121.54195599851373,25.030119626902458],[121.54192889142004,25.029268272677694],[121.54320733911626,25.029585207858787],[121.54466824640926,25.02945946287963],[121.54501308815463,25.030186982656442],[121.54477957982228,25.03058946710069]],[[121.54411395371181,24.959838636321177],[121.54276816041038,24.958660934111116],[121.54240823522035,24.957379936432975],[121.54280473685657,24.95665787616363],[121.54442092397872,24.956371896769017],[121.54486059781368,24.95782037940188],[121.54427467616661,24.958895622654115],[121.54411395371181,24.959838636321177]],[[121.50600396486631,25.07579813762692],[121.50629443128784,25.073792636833645],[121.50605586237108,25.07231228838009],[121.50575827586155,25.07150369008337],[121.50610155395219,25.07059130018056],[121.50613407749498,25.069411623301203],[121.50695647735414,25.06801836131117],[121.50726271330261,25.069424498071974],[121.50799768760238,25.070464125910302],[121.5076183679933,25.071488843013018],[121.50756563846248,25.07254750078334],[121.50785259789924,25.07357451366766],[121.5082288458272,25.07420644154774],[121.50811142674895,25.074508901996065],[121.50693474496241,25.074994959036243],[121.50600396486631,25.07579813762692]],[[121.51995407131207,25.02194839911275],[121.51940258460763,25.021449746120258],[121.51845923203334,25.02093253177138],[121.51972162202779,25.02054827102079],[121.52105459591068,25.019475119410302],[121.52201457908998,25.01914112366082],[121.52192735602641,25.020327857140096],[121.52218066046358,25.02127020331517],[121.5212766017426,25.022009859279642],[121.52063282614691,25.023048966559944],[121.51995407131207,25.02194839911275]],[[121.52244420837853,24.967935249290964],[121.52214700076247,24.96742002127377],[121.52308232454016,24.96711988168303],[121.52473785319297,24.96713910810817],[121.52604389198952,24.96666084615553],[121.52744466232743,24.966511650457136],[121.52849365799854,24.96605482245434],[121.5292987174933,24.96539409127654],[121.53189407636332,24.964440331265635],[121.53275854992204,24.96435269988387],[121.53305455408757,24.965931310304338],[121.53274181245132,24.967411658094665],[121.53191285815792,24.967254790407264],[121.53075192722198,24.967310933230856],[121.52965885868548,24.96767184990654],[121.52901482218732,24.96806744564616],[121.52823744538001,24.968855440607012],[121.52761400917748,24.969921064022266],[121.52738557525838,24.970636447018993],[121.52630340229479,24.9718969061317],[121.52570503302968,24.97181993753556],[121.52517552544622,24.97076213321904],[121.52439145038156,24.96997966161526],[121.52274822221997,24.96925798741152],[121.52244420837853,24.967935249290964]],[[121.53089162026987,25.0109209592832],[121.52946537544396,25.011465259882396],[121.52837626367398,25.012465474587504],[121.52779009285022,25.013769338389626],[121.52771695560976,25.014474117325992],[121.52788442954915,25.01549438945591],[121.5268547968393,25.015668386735666],[121.52545595073812,25.016368998367867],[121.52426007610542,25.016663478069177],[121.52505367020775,25.015864673398443],[121.52564987222338,25.014497751695217],[121.52664227692543,25.013359968953772],[121.52705201637212,25.0122206615673],[121.52817223044258,25.0110299341847],[121.5285840457481,25.009877382542776],[121.52960355383571,25.00892457600277],[121.53015345995709,25.007754706698936],[121.53101214573778,25.006759869621238],[121.53139963074089,25.00576067427847],[121.53147086408406,25.00502362640003],[121.53217710986519,25.00415006609459],[121.53212787429287,25.00518811987689],[121.53241486970973,25.006215093821456],[121.53301665303857,25.007121925310507],[121.53410715535749,25.00795272003401],[121.5341763546068,25.008858519000064],[121.53448787701585,25.00969359473856],[121.53357530203088,25.010105321793908],[121.53260875690923,25.010953785228793],[121.53089162026987,25.0109209592832]],[[121.5321805977443,24.99753423449067],[121.53210332767854,24.996791640763846],[121.53179704914672,24.995966464099396],[121.53237067895995,24.996312431725492],[121.53278278046655,24.99740486188336],[121.53345456059576,24.99822903773287],[121.53276143829503,24.99906888427238],[121.53260741597605,24.998378197076203],[121.5321805977443,24.99753423449067]],[[121.53875105066325,25.01740354154017],[121.53933468570429,25.018149863142437],[121.5382050341015,25.0186253985985],[121.53725258934396,25.01945638291203],[121.53739316158475,25.018225728412165],[121.5372003185089,25.017133734304316],[121.5377232793334,25.016758257948368],[121.53875105066325,25.01740354154017]],[[121.54222681094524,25.03738169231374],[121.54236784046346,25.03744183230816],[121.54239649486733,25.03745105512657],[121.54219435948532,25.037517779719312],[121.54222681094524,25.03738169231374]],[[121.60874662691053,25.01181345243461],[121.60831212406437,25.01122661475857],[121.60744693229803,25.01051846608721],[121.60639341665743,25.010069663583202],[121.60543626225372,25.009926746744508],[121.60573011050542,25.009108720676345],[121.60578198098744,25.008050034367393],[121.60549437397115,25.007023213262073],[121.60496272780526,25.00620270354062],[121.60637881639356,25.005443506829895],[121.60788362229484,25.005027125958797],[121.60870620893009,25.004482324696536],[121.60964933696017,25.004675349930547],[121.61066996074578,25.004638183609824],[121.61167266759946,25.004877445278037],[121.61272784065127,25.005622450451888],[121.6141650027038,25.006019535209248],[121.61493788558975,25.006512476757045],[121.61690893057381,25.007240892014327],[121.61663448847867,25.009252451002094],[121.61669683656321,25.010310665947554],[121.61709360604395,25.0113068212022],[121.61837488401062,25.013303816582102],[121.61706223631305,25.01227752123929],[121.61596547685755,25.01192504930803],[121.61519200709705,25.011858862668138],[121.61404241066495,25.01201911163344],[121.61332602590294,25.01229297787689],[121.61268203561612,25.012688932752866],[121.61195274128956,25.013418051080617],[121.61072563376794,25.012995073452817],[121.60917567025311,25.01300227666794],[121.60874662691053,25.01181345243461]],[[121.62991699766529,25.013895727822973],[121.6294148792324,25.01293985336421],[121.62889657170977,25.012376163652853],[121.62916623973722,25.01240726267697],[121.62975835038922,25.01329387921676],[121.63062368692006,25.014001894961726],[121.63223967615697,25.014559185385902],[121.631736600041,25.015019890372372],[121.6307861143364,25.014698779450274],[121.62991699766529,25.013895727822973]],[[121.62622332424282,25.074656242679655],[121.62502291497614,25.073767434438228],[121.62338376551385,25.073358303833714],[121.62324882666935,25.07180587054298],[121.6228380763506,25.07093310716573],[121.62227241138044,25.070216007079257],[121.6225131146632,25.0702042251476],[121.62332894517311,25.071032002711505],[121.62449661566113,25.071626221866687],[121.6251289633009,25.07222203226691],[121.62614953231937,25.072768991715108],[121.62635120507005,25.07391430467581],[121.6270830474828,25.075149278543222],[121.6267801848971,25.07547523642185],[121.62622332424282,25.074656242679655]],[[121.64665746088438,25.06866681528728],[121.64650592455986,25.06653653401472],[121.64782255328976,25.0664958897941],[121.64874789782952,25.067112872972608],[121.65036847371857,25.067668354832712],[121.64944284250723,25.068558246453378],[121.6489504367989,25.069518390900146],[121.64879836116917,25.070297705761856],[121.64727923398085,25.07229436441281],[121.64646712347145,25.071320972664125],[121.64656476477757,25.070522785060234],[121.64642091456906,25.06959065463311],[121.64665746088438,25.06866681528728]],[[121.5855907214202,25.056223419999334],[121.58700348315104,25.056714807473064],[121.58826763060117,25.056748024949805],[121.58993211804636,25.057108069237167],[121.59045845890012,25.057468085794326],[121.5894768899259,25.057709779318575],[121.58848161485645,25.058258545213455],[121.58770406824033,25.059046844853718],[121.58721121294074,25.060006794156486],[121.58706627564847,25.061409603194146],[121.5873538669486,25.062436452983583],[121.58821886645136,25.063604586402768],[121.58944147620018,25.064488592205837],[121.5886329705878,25.064866205312192],[121.58758429668418,25.06575128488244],[121.5868039993666,25.067207934581088],[121.58641701349464,25.06654077874889],[121.58563193564852,25.06575865754237],[121.58362142906628,25.064737791771634],[121.58210293406411,25.064468866343017],[121.58080169396762,25.064678781707336],[121.58113293854254,25.063651796998773],[121.58220541851284,25.06281889702614],[121.58279924844689,25.061907592332545],[121.58304401696748,25.06108771915287],[121.58414538808522,25.060238858148274],[121.58473919147978,25.05932754586561],[121.58496157532939,25.058649233266824],[121.58501363563013,25.057590557561436],[121.58454767251627,25.056228129423015],[121.5855907214202,25.056223419999334]],[[121.59311158620943,25.05798190675154],[121.59495590371641,25.058940249940363],[121.59647384189536,25.05916039207317],[121.59765666114059,25.060032262032315],[121.5993392592888,25.06044346110925],[121.59822281391652,25.060916349913498],[121.59713384228623,25.06191705980029],[121.59658104598358,25.06302703745618],[121.59641540844247,25.064075977685913],[121.59672388941345,25.0654566828408],[121.5973264384273,25.06636323318271],[121.59819197249779,25.06707142926488],[121.59924595133667,25.067520277961577],[121.60039760143191,25.0676711219142],[121.60191348517621,25.06739009836131],[121.60290877127653,25.066841242845502],[121.60388479992012,25.065748091317285],[121.60433186111477,25.064598719603445],[121.60438375618445,25.06354004098003],[121.60409602088521,25.062513227001308],[121.60325182537603,25.06136604972777],[121.60398151669347,25.061213264071846],[121.60511397944818,25.061584888317178],[121.60651840832838,25.061721657609215],[121.60820690089193,25.06256238821811],[121.60930409320191,25.06291490690281],[121.61046638887628,25.062962132108908],[121.61185105380869,25.062637226829644],[121.61296775946258,25.06274477059379],[121.61419640996608,25.06331038545361],[121.61567375257867,25.06344518523443],[121.61619820877483,25.063764458538323],[121.61512816215742,25.064716242662314],[121.61464123784036,25.06492828935581],[121.61407125130911,25.06440819032639],[121.61307061319651,25.06386750862056],[121.61194075328446,25.063614672856804],[121.61077896676599,25.063671455466583],[121.60935248597092,25.064216523630332],[121.60826357802547,25.065217313556218],[121.60760801133142,25.06680147103346],[121.6076559671807,25.068356766862316],[121.60668521897458,25.068936974294886],[121.60561531776197,25.069292917041434],[121.60468388473295,25.069928001958203],[121.603994959075,25.070782000053693],[121.60363862190142,25.071667408926544],[121.60300346670898,25.072337200289997],[121.6025106809038,25.073297197452206],[121.6023659059334,25.0747000160001],[121.6026536576447,25.075726831393876],[121.60317305953087,25.076532080363638],[121.60303580476749,25.077940035546707],[121.60352998337014,25.079472785792206],[121.60271263766575,25.079824593970187],[121.60105628716656,25.08009991984125],[121.59971662324013,25.080945809699635],[121.59739598881809,25.081073268875617],[121.59636250292748,25.080948883644396],[121.59519015713346,25.08111629262547],[121.5938439975569,25.081027826454278],[121.59232907684881,25.081462810662096],[121.59102201287551,25.081638895109446],[121.59197990029782,25.080377350192226],[121.59227507821353,25.078994229968636],[121.59196660964211,25.077613517779128],[121.59110147373893,25.076445410836023],[121.5901638584263,25.075817853075336],[121.58906660196841,25.07546519464798],[121.58790419265299,25.07541780400022],[121.5867470441426,25.07569269250298],[121.58526456943112,25.074939832964738],[121.58356395316625,25.074830099688487],[121.58467575834312,25.07365237787804],[121.58552568467519,25.073062422786368],[121.58615767513376,25.07229609906206],[121.58658292631728,25.07305929764286],[121.58752805798166,25.07401141472987],[121.58852867121372,25.074552268421122],[121.58965858789183,25.074805281034852],[121.59082049276576,25.074748661671947],[121.59191431496258,25.074387286912632],[121.59284584885691,25.073752280660297],[121.59353486915107,25.072898332911326],[121.59397744133834,25.07154821699268],[121.5938409245449,25.070224709345126],[121.59464905917916,25.068893106659562],[121.59479391687582,25.067490293046763],[121.59463893719233,25.066796598297415],[121.59413686473728,25.06584061028644],[121.5933517433314,25.065058530642936],[121.59268853495875,25.064661391380277],[121.59380851099971,25.064071403709665],[121.59458604885178,25.06328307276898],[121.5950788586889,25.06232310022223],[121.59524450561872,25.061274161070802],[121.59516492554883,25.06056997032959],[121.5947681643738,25.05957376273984],[121.59407101718004,25.05872535739021],[121.59311158620943,25.05798190675154]],[[121.55281496249077,25.03081405610961],[121.55301206459377,25.029887030623314],[121.55372886389489,25.030773949194923],[121.5546447902507,25.03143552424501],[121.55494434910034,25.032985651871677],[121.55569088765291,25.034036401313077],[121.5538972959544,25.034223621409804],[121.55267858620738,25.03406005651815],[121.55267477188035,25.03343212927377],[121.55302359190549,25.031945304286875],[121.55281496249077,25.03081405610961]],[[121.58149874518037,25.075703913307976],[121.58153847356128,25.075556780742716],[121.58173120387349,25.075529971030846],[121.581601402692,25.075618438149593],[121.58149874518037,25.075703913307976]],[[121.63205734057946,25.10841735257204],[121.63239055977276,25.107702106095903],[121.63255593990097,25.106653136580796],[121.63218129853671,25.105147659279513],[121.63260492262503,25.103893673589035],[121.63327626150411,25.103057360601476],[121.63357040409525,25.10240207959049],[121.63373576806416,25.101353108350878],[121.63357517763906,25.10036110605382],[121.6351101775707,25.099650654969835],[121.6361903934059,25.098354166311236],[121.63737729393628,25.097457707325393],[121.63784958787917,25.09678257981446],[121.63810998322775,25.09683008533046],[121.63807432775795,25.098597111916135],[121.63825052815781,25.099644618408345],[121.63897139833146,25.101557358133782],[121.63988006822616,25.102577994360384],[121.63983128086939,25.105007924299393],[121.63940918162493,25.10526056128773],[121.63760497338347,25.105530334270934],[121.63660953848508,25.10607942272519],[121.63565200981319,25.107007965410993],[121.63505234457607,25.10840237393751],[121.63330089651934,25.10851933586901],[121.63205503498023,25.10911061145817],[121.63205734057946,25.10841735257204]],[[121.67019517528826,25.07318104225006],[121.67089801963498,25.07243979707934],[121.67134090998921,25.072418751218343],[121.67129349350967,25.07283946493116],[121.6702093950985,25.07362449761146],[121.67019517528826,25.07318104225006]],[[121.64429809153476,25.0842829470139],[121.644434747633,25.085145494307397],[121.64383223117696,25.085574185501173],[121.64416994091765,25.084851819406683],[121.64429809153476,25.0842829470139]],[[121.63305510177038,25.075421369185545],[121.63303629712344,25.075398501404663],[121.63304633999098,25.075390133057724],[121.63305510177038,25.075421369185545]]],[[[121.29639239673406,25.038611924720115],[121.29524135431211,25.038458714636132],[121.29409105624111,25.0386164971852],[121.29304055736378,25.03907168542907],[121.29244093856845,25.039521978656822],[121.29051440009657,25.04203522710279],[121.2902341624184,25.04306379085939],[121.29031800751302,25.044209653843666],[121.28904088227821,25.044991916737814],[121.28818430216577,25.04616517124993],[121.28790403598703,25.04719373029854],[121.28795768234865,25.048216352423143],[121.28717305170923,25.048216857862503],[121.28604516112384,25.04847653840289],[121.28504857819163,25.04902328759851],[121.28437528783698,25.04967905031652],[121.28355521021405,25.049896513038725],[121.28255860464772,25.050443245623462],[121.28177912562474,25.051229968187087],[121.28141420600413,25.051855006066713],[121.28111558843021,25.05323755599188],[121.28128868722328,25.05428553300597],[121.28178829959086,25.055242611252243],[121.28288438324408,25.056236882423605],[121.28402303024878,25.056707405291352],[121.28408326845403,25.05775201441149],[121.28447752403835,25.05874908400133],[121.28517256154132,25.059598969605602],[121.28577438732421,25.06004692358445],[121.28682720110274,25.060498005606572],[121.2882448420987,25.060823391883808],[121.28976159362541,25.060824519045337],[121.29122070956872,25.061659367731686],[121.29234993123592,25.06191465282205],[121.29313148180564,25.061912526055952],[121.29422078081508,25.062529397189174],[121.29573866816165,25.06280127512621],[121.2968891893556,25.06264347828171],[121.29825187189822,25.061976523174028],[121.29903131204458,25.06118971562916],[121.29961379950039,25.059909978191328],[121.30037186743681,25.059466488144928],[121.30115127822114,25.058679669480508],[121.3018900513141,25.05693667217387],[121.30193222278513,25.055803543465743],[121.30308183993921,25.055206443966515],[121.30386120662274,25.054419611043997],[121.30435626222592,25.053460573296682],[121.30451138602166,25.052181593635456],[121.30529948697374,25.051627824101733],[121.30599039999623,25.05077518394526],[121.30628617477242,25.050120525254027],[121.30645427022955,25.0490718747807],[121.30628096561387,25.048023928256676],[121.30578119386043,25.04706693293989],[121.30373800938422,25.04530332245632],[121.30079232049782,25.043921894043454],[121.30002981553457,25.04378532384556],[121.29870714494346,25.043830977808216],[121.29919581836128,25.042416076140743],[121.29919410069911,25.041708140837734],[121.29890895260169,25.04068069899697],[121.29804683339967,25.03951084009677],[121.29744506463199,25.039062934096773],[121.29639239673406,25.038611924720115]],[[121.29146503339858,25.051149391513352],[121.2928917975927,25.051130369223042],[121.29398631872242,25.050771179655708],[121.29491924031169,25.050138023224534],[121.2957442934952,25.04902572601631],[121.29622112226627,25.049697114208975],[121.29710923744446,25.050420348454495],[121.29654010030866,25.051693287756027],[121.29650927414818,25.052895344356216],[121.29519055617513,25.053692038985258],[121.29431320500893,25.054918570321835],[121.29319262841663,25.054421954525196],[121.29243006636226,25.05428534602876],[121.29129835982042,25.054335491451667],[121.29070167358898,25.054018789662557],[121.2912358596951,25.053184841418677],[121.29145985525146,25.05250694757177],[121.29146503339858,25.051149391513352]]],[[[121.32710913724058,25.086892668300955],[121.32641817191785,25.087745403154194],[121.32612241663449,25.088400098476747],[121.32595443920044,25.08944876455138],[121.32610971749622,25.09043098359287],[121.32502842483956,25.091265795199636],[121.32422472541016,25.092744597820698],[121.32259702606933,25.092729824030787],[121.32150221925927,25.093089225300268],[121.32085685270954,25.0934839289005],[121.3200773512978,25.094270848268113],[121.31971250205788,25.094895976044846],[121.31941238854033,25.09608458594903],[121.31944957142979,25.097006006591986],[121.31847789294919,25.098246591448337],[121.31718199919071,25.098166972064828],[121.31605371806118,25.098426882587578],[121.31505686881765,25.098973832120635],[121.31427729556437,25.099760721133528],[121.31378213558695,25.100719787041985],[121.31361403721127,25.101768438606097],[121.31378748511169,25.102816367664147],[121.31420880460215,25.103654328085725],[121.31330200378869,25.105099776640554],[121.31316260664023,25.106554982820757],[121.31177323296468,25.10751013432673],[121.31022375624723,25.107786826384853],[121.3092268052205,25.10833373702531],[121.30866650265814,25.108849993603403],[121.3074394853256,25.108120503072705],[121.30630980853766,25.107865338630376],[121.30514742553117,25.107919735239005],[121.30405243151792,25.108279008768356],[121.30285838003333,25.109175341938375],[121.30210288868957,25.11052606575558],[121.30111396428104,25.110766731975406],[121.30011694801617,25.11131358175807],[121.29956837389294,25.111815274642918],[121.29899164892176,25.112687801633992],[121.2977155436529,25.113733710843032],[121.29606910853425,25.114561774060824],[121.2950785678332,25.115435258034676],[121.29411314675887,25.115031970777864],[121.29242797988297,25.114674314351344],[121.29313264268097,25.113949820690088],[121.29349768323236,25.113324758105698],[121.29379630000044,25.11194219438539],[121.29349108390878,25.110560826202097],[121.29312307391243,25.109937213369705],[121.2923395556158,25.109153524839815],[121.29097317653711,25.108491991692883],[121.2894327729267,25.10835689530579],[121.28824433889424,25.108636595161236],[121.28695943995673,25.109421912216416],[121.2862680693444,25.110274461242547],[121.28597204660242,25.11092907702345],[121.2858236195859,25.112331625844533],[121.28610883124838,25.11335908240795],[121.28670935078829,25.114266914322116],[121.28757346576357,25.11497693631741],[121.28891014657123,25.11549204053092],[121.28803786722605,25.116494506265283],[121.28759176899332,25.117843745607107],[121.28774674855924,25.119245706082342],[121.28847923060444,25.120486950023682],[121.28967771189741,25.121378501977656],[121.29184417026926,25.121951946531265],[121.29255345582305,25.122507007164888],[121.29360683102581,25.122958032265995],[121.29596986651406,25.12352463305697],[121.29750979797979,25.123383439793344],[121.29822755158783,25.12311108398061],[121.29916099550142,25.122477902209564],[121.29985234374212,25.121625294651693],[121.30022026174262,25.120706674622152],[121.3012910111458,25.120118178901972],[121.30212934262084,25.119427343238534],[121.3035531690827,25.11874639987784],[121.3041017573933,25.118244692580856],[121.30465574466862,25.117416151342997],[121.30531317268712,25.117016370533086],[121.30606785724335,25.116260432278462],[121.30698171523885,25.117559368822807],[121.30827049619361,25.118339517859617],[121.30978910301656,25.118611243264425],[121.31130632360643,25.118333174201204],[121.31230334581167,25.117786249625038],[121.31308304478357,25.116999371669895],[121.31367197610098,25.11569633955278],[121.31368217821823,25.11437065878158],[121.31473890103594,25.113639099085955],[121.31630639531102,25.113363124244966],[121.3190971498435,25.111695721072646],[121.32049648369991,25.111423081105045],[121.32152107040237,25.110853158495754],[121.32310819531459,25.111003006732734],[121.3245880349428,25.110590750781125],[121.325521246758,25.109957404218736],[121.32606754036941,25.10932584921891],[121.32725663606355,25.109063011037875],[121.32825351130938,25.108515979975337],[121.32932862199384,25.107238061001024],[121.3295848249017,25.107430029291223],[121.33018768188452,25.108773676430463],[121.33128463417889,25.10976757460372],[121.33271583419429,25.110303588085838],[121.33443387583918,25.110260814439396],[121.33452193226411,25.110423152836944],[121.33427186023619,25.111374987615537],[121.33427378535835,25.112082913867564],[121.33472669273165,25.113430262424803],[121.3357114457015,25.114517240944643],[121.33704617752974,25.11516803164582],[121.3367889729371,25.115424476489547],[121.33550897349024,25.11510527565301],[121.33396919401144,25.11524686234171],[121.33291819521264,25.115702333108267],[121.33208078023968,25.116392618148428],[121.33099308264757,25.116647050884204],[121.33030823497356,25.116982294269267],[121.32914367155125,25.11809240173487],[121.32806919885452,25.11785529369471],[121.32690673307837,25.117909861646297],[121.32581171591173,25.11826929563335],[121.3251662322167,25.118664017832188],[121.32438660094029,25.119450958500593],[121.32402170054534,25.120076095285935],[121.32365775649679,25.121084028031174],[121.32358339511482,25.1217887116469],[121.32375695815546,25.122836625100224],[121.32405625687922,25.12349001310856],[121.3250409980381,25.124577061175604],[121.32640773671221,25.125238275417185],[121.3279483883251,25.12537298488917],[121.32871069018631,25.12523318609699],[121.3297617860398,25.124777744753338],[121.33036167832337,25.124327303181023],[121.33100952397555,25.1235406798887],[121.33260866408203,25.123904813708798],[121.33268145339619,25.12471329900563],[121.33307632229625,25.125710224563665],[121.3337720766709,25.126559867893455],[121.33470880095472,25.12718905461229],[121.33542797162644,25.127458341503186],[121.33657989428208,25.12761122931273],[121.33773096460895,25.127453111605483],[121.33844912587013,25.12718030088948],[121.33949891583745,25.127879113276464],[121.34101130600112,25.128286011351978],[121.34177218450988,25.129260016880533],[121.34270896990306,25.129889152162892],[121.34380603798989,25.130243633682987],[121.34508289286039,25.130277267169173],[121.3457413463242,25.130907405628637],[121.34674139007485,25.13144989465503],[121.34771614252324,25.13170365203328],[121.34875149963518,25.131758922782968],[121.34967139966413,25.132747470902444],[121.35067147552124,25.133289932925187],[121.35219035596401,25.1335612204732],[121.3538057596168,25.13324019282449],[121.3544173994535,25.134594210710972],[121.35551477869477,25.135587921576402],[121.35656849236534,25.136038494867858],[121.3573316296459,25.136174766242302],[121.3584942515927,25.136119958095005],[121.35929078031164,25.135889707497448],[121.36004017482264,25.137188413194828],[121.36090487126079,25.137897999486764],[121.36159171512196,25.13823003926335],[121.36272178142247,25.138484777211747],[121.36492073269268,25.138501213022078],[121.36607186552034,25.138342874687304],[121.36680711138693,25.13806054718197],[121.36720750220974,25.138764492688715],[121.3679916843745,25.13954777538325],[121.36899189530483,25.1400901117389],[121.37012199336554,25.14034479281246],[121.3716620404513,25.140202827999506],[121.37237972285665,25.139930114359036],[121.37331290522083,25.139296469657907],[121.37416930466918,25.138122740082917],[121.37439299035968,25.137444731959217],[121.37444688621193,25.136386115296677],[121.37399345683556,25.13503889802727],[121.37355961560998,25.134451373018756],[121.37269487159493,25.13374186080078],[121.37164112013295,25.133291402490798],[121.3704891040828,25.133138788391474],[121.36933802611766,25.13329716053568],[121.36860281471252,25.133579500273473],[121.36796967596901,25.132591487202998],[121.36710497704773,25.131881941669626],[121.36605126159822,25.131431443083102],[121.36414342104396,25.131006273376308],[121.36259561854665,25.131010068469756],[121.36145784384287,25.131393232910433],[121.36086248184287,25.13009571987496],[121.35976510952591,25.12910204781153],[121.35833357487013,25.12856630044858],[121.3568837305053,25.128556569222884],[121.35681853574512,25.12759617014703],[121.35642346871921,25.126599310223632],[121.35572755881921,25.12574977490794],[121.35479073966275,25.125120721939858],[121.3536936868801,25.1247663213335],[121.35245901320152,25.12472697008618],[121.35123522250615,25.123542170702276],[121.34980378907863,25.1230063394403],[121.34825608496176,25.12300998368941],[121.34668563336318,25.12364899763025],[121.34571176333404,25.12324159049127],[121.34491858601105,25.123103980594127],[121.34441987147089,25.122391968205935],[121.34340538129592,25.121582284201065],[121.34271867918315,25.121250157858572],[121.34164570049911,25.12100281335422],[121.34305251638867,25.120013877254866],[121.3437144664984,25.11893405130411],[121.34485284015635,25.11773422729617],[121.34530227012092,25.11630733545721],[121.34616246180519,25.115593814720643],[121.3465927853242,25.11500418738185],[121.34703822374838,25.11365477657498],[121.34690980307467,25.112350780333234],[121.3484172454109,25.112072785441164],[121.34941404892483,25.111525613077397],[121.35019346865367,25.110738542174715],[121.35068838246998,25.109779358521575],[121.35085617422462,25.108730669236596],[121.350550326818,25.10734942431949],[121.34994937335456,25.10644185449476],[121.3487506077311,25.105550790854092],[121.34726860220337,25.105145244737283],[121.34610626697177,25.10519996195277],[121.3446780929432,25.10574250564266],[121.34370734520655,25.106592399596597],[121.34346726423031,25.105926283953114],[121.34454705928276,25.105672830134434],[121.34523180467679,25.105337521542673],[121.34609218375051,25.10462382247669],[121.34678709441536,25.103459142602187],[121.34839852931177,25.10304044727179],[121.34959218526336,25.10214375070944],[121.350187937779,25.10123335557111],[121.35045168794862,25.100425378547623],[121.35050577820628,25.09936676320448],[121.35022006378884,25.098339433627636],[121.34935705043198,25.09716989085094],[121.3480682367406,25.096390097052282],[121.34654982522073,25.096118760876216],[121.34503296229252,25.096397187719383],[121.34374855886665,25.09718299315954],[121.34325688740492,25.097731370141364],[121.34277541053235,25.09865603096296],[121.34106162314677,25.09907948163519],[121.34012857445408,25.099712925231756],[121.33963687672941,25.100261290304783],[121.33914191358657,25.101220438814472],[121.33899215268227,25.10191510979739],[121.33905217861164,25.102973460590672],[121.339357221438,25.103798598205014],[121.33755888147849,25.103325265713313],[121.33588929148162,25.103509545602897],[121.33518955228581,25.10235215588702],[121.33414697221664,25.10153249066704],[121.33419446938198,25.101235873871833],[121.33595336865363,25.101280103195972],[121.33738153066426,25.100737643333932],[121.33847298369948,25.099738811315166],[121.33883775108617,25.099113638633302],[121.33911770371755,25.09808499364119],[121.33896216852665,25.096683088363594],[121.33846194201931,25.09572621388718],[121.33783566354842,25.095072048971446],[121.33779758853885,25.093876675837144],[121.33740278697383,25.09287975791607],[121.33689926905127,25.092172120420482],[121.33603503445552,25.091462384846235],[121.33498177836717,25.09101165807733],[121.33370639102947,25.090864571533245],[121.33400742477743,25.08979513289968],[121.33385195941577,25.08839321998758],[121.33335180694853,25.087436326452377],[121.33225503951482,25.086442438708296],[121.33082412036097,25.085906416194554],[121.32952168339858,25.085847002430803],[121.32804215757639,25.086259305803406],[121.32710913724058,25.086892668300955]],[[121.32228898978084,25.103656185072314],[121.32150965488078,25.10379675485382],[121.32081041066382,25.1040612738367],[121.32131686355595,25.10331125486961],[121.32250770549645,25.10338631701434],[121.32228898978084,25.103656185072314]],[[121.33091418435237,25.097276420457437],[121.3297513443344,25.097227049019686],[121.32977993913664,25.096960507957515],[121.33055641879743,25.096510627237933],[121.33102515753896,25.097062318214736],[121.33091418435237,25.097276420457437]],[[121.32621824790866,25.100373002957745],[121.32619659206962,25.100584695572522],[121.32601025831919,25.100711167401453],[121.32608869055964,25.10037908399218],[121.32621824790866,25.100373002957745]]],[[[121.31731251619999,25.117741799109933],[121.31577197071609,25.117606977897182],[121.31429201627196,25.118019146587816],[121.31309794660253,25.118915561233813],[121.31228182148025,25.12030580359084],[121.31198339384589,25.121688401221256],[121.31228884642596,25.123069727047948],[121.31315169459224,25.12423948321264],[121.31444058466433,25.12501957685568],[121.31595928713668,25.12529123787732],[121.31673297724218,25.125220197336386],[121.31782808347674,25.124860829873786],[121.31902217545556,25.123964377616396],[121.31983824768668,25.12257409934321],[121.32013658877916,25.121191486907783],[121.31983105308046,25.119810177719334],[121.31896817338357,25.11864046005293],[121.3183659392148,25.11819264809247],[121.31731251619999,25.117741799109933]]],[[[121.36336932742495,25.02756655918145],[121.36263396279863,25.028831007241884],[121.36248649714626,25.030233638196048],[121.36277214804363,25.031260954190124],[121.36314026855126,25.031884399743635],[121.36423679081346,25.032878069247882],[121.3657572348331,25.033433779181113],[121.36730381028099,25.033429964927237],[121.36873104767749,25.03288720873662],[121.36933035211743,25.032436610549347],[121.37002071276521,25.03158367632594],[121.3704195818436,25.030564885058798],[121.3704153515879,25.029155840225044],[121.36981962181615,25.027855525927],[121.36872310034741,25.026861896943764],[121.36729272228774,25.026326215660685],[121.36604083522005,25.026257081108017],[121.36456214900419,25.0266697424858],[121.36336932742495,25.02756655918145]]],[[[121.35680085404272,25.095147089016283],[121.35567268807267,25.095407299809054],[121.35498802670932,25.095742656140526],[121.35389674440658,25.096741608391092],[121.35330832967418,25.098044798181107],[121.35331237721445,25.099453832612234],[121.35390829014395,25.100754198708916],[121.35508535976749,25.10184792236412],[121.35651656794761,25.102383706603856],[121.35806401099224,25.102379978962645],[121.35949208540312,25.1018373071991],[121.36058336637308,25.100838314471325],[121.36117171660656,25.09953509701717],[121.36116757901573,25.098126063812042],[121.36057160282908,25.096825727126912],[121.3597077435179,25.095942398413417],[121.35834115738706,25.095281486925256],[121.35680085404272,25.095147089016283]]],[[[121.35522140663129,25.11337151654173],[121.35406959637102,25.1132187721135],[121.35329600578433,25.113290006611045],[121.35186777086355,25.113832619627342],[121.3507763042709,25.114831548509617],[121.34969151937887,25.116816731872557],[121.3493935215939,25.118199401023166],[121.34956729584451,25.119347282531226],[121.35030039929495,25.120588214712363],[121.35149932408504,25.121479262311286],[121.352218496929,25.12174846790675],[121.35337038516818,25.121901225693815],[121.3541440298515,25.12182999029932],[121.35523899306142,25.121470347747355],[121.35588439310189,25.121075495623163],[121.35666383070723,25.120288391508126],[121.35774852862713,25.11820315899229],[121.35804643219315,25.11682047407705],[121.35774048285339,25.115439246601408],[121.35687727635583,25.11426975237576],[121.3562749276316,25.113822095370583],[121.35522140663129,25.11337151654173]]],[[[121.3918604500399,25.12221124959179],[121.39070851522038,25.122058791496933],[121.389557569184,25.12221731938273],[121.3885067225514,25.12267318215631],[121.38764646826598,25.123387124238423],[121.38705089017628,25.124297665211355],[121.38682729755209,25.12497569253629],[121.3867834604679,25.127644314818497],[121.38706955104824,25.12867156558675],[121.38743809214228,25.129294937864834],[121.38852649140165,25.130282231006767],[121.38935314098225,25.131380903554486],[121.39029018228867,25.13200973491157],[121.39100949949461,25.13227875020171],[121.39255030121608,25.132412786185157],[121.39403015529948,25.13199983790455],[121.39532375180055,25.13104277598237],[121.39604937112232,25.129798181839828],[121.39619655699144,25.1283955394324],[121.39574292074364,25.127048389759818],[121.39467419782694,25.125905890877448],[121.39451252966835,25.124611667286814],[121.39401175668453,25.123654990081622],[121.39322751344773,25.12287184416099],[121.3918604500399,25.12221124959179]]],[[[121.38576991571927,25.134750082790248],[121.38483683297844,25.135383805176968],[121.38434519621283,25.135932315254053],[121.38398055511736,25.13655759542394],[121.38372049594824,25.137463633436123],[121.38235995464385,25.137860040369688],[121.38116619800635,25.138756997698426],[121.38031036935834,25.140221516649657],[121.38016298955566,25.141624143374532],[121.38044905917099,25.142651405260946],[121.380817609863,25.143274792733735],[121.38160190708173,25.144058001572056],[121.38224978815906,25.14444963338018],[121.38501241725483,25.14510482357365],[121.38679959591947,25.14488150061209],[121.38783234687199,25.14545029586293],[121.38937977460863,25.14571985829908],[121.39036861676284,25.14626588271086],[121.39092282529602,25.14690093170964],[121.39174854421887,25.14746934728054],[121.39176108403943,25.147594057596475],[121.39062469923391,25.14765023551664],[121.38952961091917,25.14801013978675],[121.3885964481158,25.148643885693264],[121.38790557186321,25.149496899141838],[121.38751648258248,25.150495722793025],[121.3874626950569,25.151554340943715],[121.38774884991203,25.152581586359865],[121.38835031110992,25.15348899145259],[121.38921528508467,25.15419840768879],[121.39026927986461,25.154648736841693],[121.39142152060556,25.15480119400251],[121.39257276892057,25.154642648676734],[121.39362387198383,25.154186755906103],[121.39448430423444,25.153472779892564],[121.39507996515349,25.152562211572267],[121.39537746268026,25.15118069363947],[121.39648621003917,25.15139919491359],[121.39712050522645,25.152389170640145],[121.39807210149861,25.153268274711394],[121.39907255513806,25.15381040403368],[121.39986822647695,25.154020599946698],[121.4004076230533,25.155115224913985],[121.40115500882614,25.1558678948675],[121.401230868554,25.156625102220406],[121.4016263978885,25.15762183317479],[121.40285044546336,25.15923928768176],[121.40485555360465,25.160958633510585],[121.40624597882106,25.161484540259444],[121.40663754000538,25.16216536260134],[121.4074221225831,25.162948429219586],[121.40842269620036,25.163490493165995],[121.40993007014204,25.163771871518897],[121.41065284313363,25.164671298154772],[121.41194276935745,25.165450527211142],[121.41346217533442,25.165721178876083],[121.41472564227959,25.16552558789726],[121.41591286899039,25.166220566021035],[121.41743229267034,25.166491176677997],[121.41894984438824,25.166212002971474],[121.42005376441946,25.165575543848195],[121.42231243612055,25.16603117463819],[121.42346374603041,25.165872388544],[121.42420566157854,25.165586127780777],[121.4264564075653,25.165559557774845],[121.42788490068413,25.165016226176327],[121.42884106581279,25.164183636162132],[121.42993151212436,25.164222654455674],[121.43106014242134,25.163961874905993],[121.43234466824211,25.163175318113094],[121.43318704887805,25.162061696336895],[121.43496662777902,25.16196951133148],[121.4363950403086,25.161426098418023],[121.43748620942954,25.160426548611294],[121.43804326553662,25.15923632975461],[121.43981506857223,25.158476048041035],[121.4404147133154,25.15802516581526],[121.44104825116337,25.157259137015114],[121.44214178364012,25.156899195461378],[121.44307472669519,25.156265115658],[121.44356617797183,25.155716414508102],[121.4440605337269,25.15475693170552],[121.4442033735717,25.153331322073825],[121.44531180316645,25.152969156565405],[121.4470947049791,25.15180504104224],[121.44864609519117,25.14970630380774],[121.44919593084823,25.148542081912737],[121.44973511471798,25.147841712391383],[121.45018449237487,25.146393321999078],[121.45067029711923,25.145446766591842],[121.45083029191042,25.14453688764559],[121.4514302410055,25.14344674814276],[121.45158353470666,25.14216073917618],[121.45210592924968,25.141586231017133],[121.45260016268202,25.14062671959862],[121.45281929553227,25.139061943519877],[121.45273964950569,25.137936946207923],[121.45414483984976,25.136241614452356],[121.45444002071106,25.135586675066346],[121.45460418392236,25.134593060072522],[121.45506581641528,25.133991234561336],[121.45587254932109,25.13575861674715],[121.45590182991639,25.137016526862894],[121.45624992329653,25.137921888167035],[121.45585971928858,25.13857938742352],[121.45558066018882,25.139608236065254],[121.4558516467341,25.14207660976496],[121.45560637100543,25.142797513705943],[121.45555317354984,25.143856149873486],[121.45597850343283,25.145147730099826],[121.45552263753414,25.14718225360511],[121.45586602469322,25.14870403586075],[121.45534032010316,25.150178234931598],[121.45540137768997,25.151236518753798],[121.45567287006648,25.15209523532596],[121.45525604373505,25.15313751005827],[121.45524862876763,25.154872902684485],[121.45498566452393,25.155629397222988],[121.4533378434235,25.156050976907657],[121.45171495878606,25.157175107640363],[121.45102447895124,25.158028409421043],[121.45063359082863,25.159041769224846],[121.44951441284509,25.159898446213777],[121.44878909431374,25.16114355937755],[121.44794257894536,25.16162617087236],[121.44716347551778,25.162413746735066],[121.44658761401122,25.16367357432147],[121.44553558872856,25.163827803735433],[121.44448460237298,25.164284062969227],[121.44362439090784,25.164998325676017],[121.44304993061634,25.165734409183962],[121.44230145740092,25.165921411798273],[121.44086312818006,25.165940531011923],[121.43807806572721,25.166830784378323],[121.43299831252371,25.170701646261104],[121.43017594343128,25.171447681617266],[121.42893376714093,25.17203364860101],[121.42794739215115,25.171918832648274],[121.42679603194038,25.172077654151934],[121.42538164135516,25.172788292936282],[121.42419832307488,25.173160607138403],[121.42326515334557,25.173794569545425],[121.42276498866381,25.174356278638694],[121.42140496517213,25.17488371687194],[121.4193851736085,25.176334496332792],[121.4186943605841,25.177187649538737],[121.41835252139239,25.178013221122725],[121.41747371813028,25.17808040460657],[121.41637844118912,25.178440508399515],[121.41507238039861,25.179476250717556],[121.41405887040582,25.17944730761974],[121.41293005984724,25.179707959300714],[121.41193299612378,25.18025555727854],[121.41132730916452,25.180822655335387],[121.41025640745794,25.180977523311086],[121.40920513979786,25.181433534613216],[121.40811355248698,25.18243287849886],[121.40752531860672,25.183736266610186],[121.40753000542546,25.18514527585197],[121.40792568124768,25.186141984357906],[121.40862229782002,25.18699125905264],[121.40955986530315,25.187619957283285],[121.41065763837919,25.187973932369275],[121.41220615104177,25.18796962624021],[121.41330152547927,25.187609552551486],[121.41440985738639,25.186930827844456],[121.41499698759469,25.188195548635726],[121.41598854918718,25.18911719222311],[121.4165869549228,25.190425583853003],[121.417467365568,25.19127267453321],[121.41681844958433,25.19242248497687],[121.41665111859182,25.193471231753417],[121.41682558529905,25.194519015497306],[121.41732683285805,25.19547560054187],[121.41842526730429,25.19646882417809],[121.4195443683122,25.196933472917962],[121.41996551584828,25.198082268198647],[121.42069236778251,25.198956134898285],[121.42099782212604,25.20031241311218],[121.42186225226418,25.201481505144997],[121.42279999852296,25.202110115936218],[121.42371980342647,25.20244896606939],[121.42538945334137,25.202565006856084],[121.42566778102001,25.203542528713932],[121.4260367478005,25.204165793290056],[121.42817173202295,25.206198769911172],[121.42917275154431,25.206740684628254],[121.4303001044185,25.20699443538613],[121.43156280517115,25.20775070783527],[121.43308277754537,25.20802114905636],[121.43423446600279,25.207862275025512],[121.43515231876141,25.207479441366008],[121.43673453101805,25.207342254704667],[121.43778591398139,25.206886047777786],[121.43869596105652,25.206110668439614],[121.43922403343656,25.206023192646146],[121.43949784189725,25.206972869838705],[121.44015025841422,25.20793021012991],[121.43776536307341,25.20832776604978],[121.43671396773235,25.20878397290902],[121.43562236780997,25.209783516368486],[121.43512773045825,25.210742967751326],[121.43496053410017,25.21179173092172],[121.43513518579108,25.21283948807488],[121.43563665275806,25.213796005827618],[121.43642175427699,25.214578906474472],[121.43742287858909,25.215120763324563],[121.43855380535813,25.21537490872841],[121.44116203214871,25.21514259266619],[121.4426427095882,25.214729152093835],[121.44361732485632,25.214053400203095],[121.44507313502407,25.214291140177025],[121.44622486526767,25.214132172293333],[121.4472762696656,25.213675897986285],[121.44813300025064,25.212965450523413],[121.44846519443445,25.213037610192508],[121.4479175345153,25.213889234562295],[121.44766068433911,25.21477723365824],[121.4465115155632,25.214395912069477],[121.44496267557308,25.214400581794745],[121.44386715953627,25.214760890624863],[121.44288285672631,25.215446427713978],[121.44162792798545,25.21537741206403],[121.44049884939606,25.215638276483908],[121.43921383222617,25.21642490519282],[121.43852293708866,25.217278147561064],[121.43822748102403,25.217933051847123],[121.43808068528165,25.219335714281925],[121.4385351423913,25.220682706970486],[121.43952168131432,25.2217689573902],[121.44089011382998,25.222429085168844],[121.44243209734378,25.222562584781336],[121.44391285969009,25.22214913073921],[121.4448972098927,25.221463586546605],[121.44576315970887,25.221551136291268],[121.44687058298464,25.221402415893415],[121.4476130796414,25.221770861542325],[121.44875555463001,25.222025405147985],[121.44942557978041,25.222539269766443],[121.45048038132246,25.222989155217572],[121.45124415875677,25.22312493248581],[121.45240755196002,25.223069377187326],[121.45350311579124,25.222709004786633],[121.45469714212186,25.221811470305422],[121.4552926758376,25.220900669487225],[121.45557295256907,25.219851111613817],[121.45634764283098,25.219779356471623],[121.45744316525375,25.21941895528026],[121.45878132268089,25.2183432617648],[121.45968589505915,25.21909941908165],[121.46111892130746,25.219634160219336],[121.46237364896412,25.219761128831646],[121.4638157406203,25.21950649735198],[121.46471371794061,25.219601127711208],[121.46567419570019,25.219486231467428],[121.46692362867212,25.22023105138744],[121.468419581053,25.220500118734318],[121.46928237836173,25.22139945286298],[121.47028370080004,25.22194108384058],[121.47141475487393,25.222194975754537],[121.47235297335264,25.222182491179886],[121.47348204002537,25.221921383784938],[121.47476688887383,25.22113446005591],[121.47525845172154,25.220585656744834],[121.47575281054472,25.219626076240086],[121.47589628770902,25.2182061039014],[121.47770858815345,25.21717253803578],[121.4789139861085,25.217881169438574],[121.48004501924052,25.218134995739117],[121.48120834799552,25.218079214586567],[121.48230377880705,25.217718630342972],[121.4834975416615,25.216820866369794],[121.48422275190269,25.215575859709087],[121.4843690140256,25.21417315837378],[121.48421445452597,25.213479354637055],[121.48371261197332,25.212523007013512],[121.48292722559925,25.211740361410136],[121.48192593298752,25.211198814927723],[121.48079496058696,25.21094500189261],[121.47928906569079,25.21108003901272],[121.47823359429037,25.21014034313646],[121.47680060805294,25.2096057666889],[121.47525183530705,25.209610752846334],[121.47382304323293,25.210154542856856],[121.4729626881659,25.210868973871754],[121.47242828322396,25.211652715622893],[121.4711226777199,25.21259893623783],[121.47050141227012,25.213576357757233],[121.46887531684386,25.21309502798564],[121.46736985329993,25.21322983484446],[121.46584289183436,25.21242838157042],[121.46534977067363,25.21172949677678],[121.46448395144527,25.211020542410832],[121.46379642524968,25.21068899231954],[121.46266549276747,25.210435039975884],[121.4611246846348,25.210577960553252],[121.45976127062322,25.21124640952016],[121.4587828077219,25.21233862899338],[121.45834194187962,25.213665238113975],[121.4570666363735,25.21289905891957],[121.45593569647762,25.212645055264172],[121.45450954089443,25.21276139637929],[121.45344943937037,25.212069535037475],[121.45232472682365,25.2117123763207],[121.45305233933995,25.21056073170366],[121.45331943873842,25.209608071942668],[121.45440751604397,25.209549373390704],[121.455744407054,25.209056313042225],[121.45679510980554,25.20890208800647],[121.45813606070821,25.208248924508457],[121.45945893554367,25.208724156607264],[121.46062257852131,25.208772535190267],[121.4617515485177,25.208511518325295],[121.46250541701653,25.208128858079288],[121.46417268078027,25.20830252429531],[121.46566737060841,25.20788782148023],[121.46711098069383,25.208609281574397],[121.4682638159569,25.208761131175464],[121.46930669094931,25.20862713752928],[121.47094477444425,25.20911498051974],[121.47210802292008,25.209059272098138],[121.47306761495241,25.208757714471304],[121.47469299133017,25.208892490874938],[121.47582193054645,25.20863136699773],[121.47681893030231,25.20808334123616],[121.47759812580098,25.20729561263829],[121.47818349100835,25.206000171604973],[121.47848829721354,25.207143829176275],[121.47909069880765,25.2080508459848],[121.47995657984428,25.208759714174242],[121.48101137019624,25.20920938270895],[121.48255322339399,25.20934246581988],[121.48416856434291,25.20885446350594],[121.48564331253438,25.208972456242797],[121.48677222762541,25.20871124909479],[121.4877691776663,25.208163150220425],[121.48854830214566,25.207375364965806],[121.48904250442445,25.20641574065082],[121.48918870216055,25.205013033805724],[121.4887337513307,25.203666201161013],[121.48774692996945,25.202580280655383],[121.4863784760201,25.201920585251123],[121.48489706036496,25.201784644858737],[121.48433319253084,25.200604362254],[121.48430351066088,25.199783271579015],[121.48525893363983,25.199253200079873],[121.48601298368207,25.198496372849377],[121.48842531417759,25.199045021700933],[121.48994351864978,25.19890700794757],[121.49021658572036,25.199216158310428],[121.48981435378144,25.20052844879568],[121.48976143573718,25.201587085066016],[121.49021638967447,25.20293391487254],[121.49120323555218,25.204019818475395],[121.49237577083014,25.204616410807482],[121.49280784046174,25.205397264565047],[121.4935125364997,25.20611379490692],[121.49412780637385,25.2075172939124],[121.4952269638575,25.20850993507283],[121.49628180617252,25.20895949387604],[121.49743467684448,25.209111115440873],[121.4985862832012,25.20895174126351],[121.49974743282611,25.208420306505843],[121.50064708712272,25.209170013329757],[121.5018698069232,25.209736673153248],[121.50255108000121,25.210841324880604],[121.50375198447134,25.21173110149671],[121.50447201219974,25.211999552375513],[121.50562492054418,25.21215110941749],[121.50733743348731,25.211786472179234],[121.5075009965478,25.21200869844921],[121.50652558395096,25.21234171120356],[121.50559255450001,25.212976187747227],[121.50473691535954,25.214150655682538],[121.50444045254334,25.21553359812424],[121.50474831796674,25.216914477610466],[121.50535096169894,25.217821382540055],[121.50653341300877,25.21870111018449],[121.50676826763603,25.219414527984448],[121.50737093885515,25.220321423949436],[121.50860710494348,25.221226126048755],[121.50902767359395,25.221977624010066],[121.50981329133126,25.222760126297576],[121.5111821027876,25.22341959740257],[121.51194594464044,25.223555059926404],[121.51310930570027,25.223499027169318],[121.51420468631709,25.22313820746626],[121.51501009434442,25.222652664571648],[121.5155582630038,25.222150185985743],[121.51615334062423,25.221239146804326],[121.51637638096915,25.22056094064926],[121.51642907370528,25.21950230100706],[121.51614167809538,25.21847533141666],[121.51564343589172,25.21769560694207],[121.51678502207051,25.218351539181096],[121.5179161327559,25.218605074417393],[121.51958387768569,25.218419748796695],[121.52038064949832,25.218644439503084],[121.52154440215158,25.21869233669825],[121.52302483602065,25.218278094633927],[121.52395781286629,25.217643509311934],[121.52481328913967,25.2164689332177],[121.52510952293925,25.215085953710354],[121.52480143350235,25.21370511985863],[121.52393594241903,25.212536647420684],[121.52333250647999,25.212089691404124],[121.5222775412467,25.211640327767945],[121.52112461958001,25.211488900823948],[121.51984611595702,25.211690263218212],[121.51827470375214,25.211398899143326],[121.51712310296656,25.211558426578623],[121.51575999350815,25.21222738738264],[121.51478202957522,25.213319969874203],[121.51439378658999,25.214319106652223],[121.5143410776024,25.215377746551134],[121.51462845038853,25.21640472042469],[121.51512668089433,25.217184448363746],[121.51443582104588,25.216731720185773],[121.51424184143187,25.21631721430369],[121.51431954627652,25.215596243162718],[121.5141442138008,25.214548590056626],[121.51364213465145,25.21359234783965],[121.51293898597318,25.212877313321766],[121.51378797606186,25.212170230381425],[121.51444301840158,25.21118919620476],[121.51472173342208,25.210160251503122],[121.5145640313656,25.2087585813324],[121.51406197358219,25.207802339472366],[121.5129626724172,25.206809840503112],[121.51190778973444,25.20636040123302],[121.51070972238962,25.206211069309113],[121.51126989740511,25.205545098110804],[121.51301410160252,25.205612371008392],[121.51449440858742,25.20519821568529],[121.51542733228442,25.20456368395878],[121.51628280236928,25.20338915530608],[121.51656148534683,25.202360206581613],[121.51640377401684,25.200958537074953],[121.51566850961075,25.199718470722573],[121.51446763985324,25.198828788954092],[121.51298398201288,25.19842492930681],[121.5111149239776,25.198328888689],[121.50996343544196,25.198488358856807],[121.50860042979755,25.19915725316725],[121.5077302056717,25.200084895957286],[121.50633726760435,25.200358975083375],[121.50504244091675,25.201156689382113],[121.5047034274515,25.20036582795733],[121.50400607471651,25.1995170179007],[121.50306794059163,25.198888927534185],[121.50196981388275,25.19853564397524],[121.50080625780177,25.198487589470986],[121.50004371225735,25.198628276364435],[121.49899263950394,25.19908492200031],[121.49795399377034,25.20002019521428],[121.49768255445603,25.19990450747562],[121.49731349570037,25.1990060012143],[121.4967733778578,25.198313770336778],[121.49713894712542,25.196796713695168],[121.49685097965957,25.19530056070674],[121.49717220076222,25.19460553777734],[121.49733884199605,25.193556709921904],[121.49703112351008,25.192175808480833],[121.49627567665287,25.19111640570021],[121.49644969500804,25.190511020139294],[121.49783372764868,25.19111354801731],[121.49791036138542,25.191867647061173],[121.49830679115873,25.192864102176742],[121.49900406613696,25.193712941054947],[121.4999421397443,25.194341058565907],[121.50142570728583,25.194745050692976],[121.50311013322668,25.194554323023205],[121.50447215938902,25.195209557779528],[121.50562490921112,25.195361117615047],[121.50639891502612,25.195289082303756],[121.50749406545512,25.19492831458235],[121.50813934700213,25.194532804200758],[121.5089182532883,25.193744913533457],[121.5092824171464,25.193119337080986],[121.50956113747026,25.192090399566325],[121.50955819220901,25.19138249698167],[121.50927092449533,25.19035550820497],[121.50866839105933,25.189448614241822],[121.50780248550687,25.18873991275267],[121.50674777799757,25.18829043285587],[121.50574149222906,25.188144923176072],[121.50638525049372,25.186771224686275],[121.506458593773,25.18606646899458],[121.50628337545446,25.185018800689804],[121.50598295675941,25.18436580137923],[121.50528568844756,25.183516994250105],[121.50468246416905,25.18306995707599],[121.50362781689566,25.18262045365942],[121.50208628180089,25.182487584990646],[121.50095764224217,25.1827489057669],[121.49996095767551,25.183297091364523],[121.49922708818525,25.18402925746184],[121.49803135672926,25.18408086949297],[121.49660296564059,25.184624875440257],[121.49574292257536,25.185339436749413],[121.49524724756441,25.18605735668355],[121.49432594916523,25.184747197831275],[121.49372275791103,25.184300115530604],[121.49266813873324,25.183850533618905],[121.49151551167276,25.183698870690346],[121.49074156878244,25.183770827261363],[121.48925531100834,25.184354091819],[121.48968505333174,25.183291667772735],[121.48973796700541,25.182233029030293],[121.48945088761654,25.18120599763877],[121.48890525978564,25.18036807873921],[121.48924829448927,25.17956062904508],[121.48997176947888,25.17851982901907],[121.49026831432673,25.177136907560673],[121.48996071989475,25.1757559865306],[121.4890508876772,25.17453214089385],[121.48873623860406,25.173480387847942],[121.49004606248926,25.172414197676858],[121.49073634681054,25.171560718342096],[121.4911246548997,25.170561637019958],[121.49116670369555,25.169308094003746],[121.49245833237353,25.169269177736833],[121.49355329462759,25.1689085148619],[121.49470448870184,25.168053162725496],[121.49582850123666,25.167463037620163],[121.49637650715916,25.166960628989322],[121.49680627814647,25.166370576728184],[121.49719452081727,25.165371479788572],[121.49726790651394,25.16466672600522],[121.497092800546,25.16361904212194],[121.49679248503384,25.162966020715345],[121.49609540403723,25.16211716499587],[121.49515759937994,25.161489016307097],[121.49377706662357,25.161098456188],[121.49253542654874,25.15974723108455],[121.49193236636789,25.159300138019358],[121.48998799250911,25.158510544835988],[121.48872405493674,25.158364213664743],[121.4887096088843,25.15726819281944],[121.48908762219138,25.1557269495542],[121.48844004356175,25.15233602995111],[121.48783785469865,25.151429041350102],[121.48697233987814,25.15072020845386],[121.48591803562066,25.150270571703263],[121.48464074890603,25.15012484926814],[121.48523083554832,25.149219965873918],[121.48550966555705,25.148191066017038],[121.48550686488458,25.147483156642416],[121.48521990739322,25.146456110493936],[121.48485082090383,25.145832990419972],[121.48406586232589,25.145050337581313],[121.48341766051664,25.144659155588627],[121.48232007633293,25.144305715486954],[121.48115704017226,25.144257498306093],[121.48039480638565,25.14439808027146],[121.4790322303573,25.14506670052074],[121.4779044573822,25.146299043521132],[121.47746035036563,25.147648824389275],[121.47752159692986,25.148707096716475],[121.4777500022116,25.14938379639618],[121.47861460073705,25.150552562426547],[121.4799047987677,25.151331196991297],[121.48158741404522,25.151593320448644],[121.4808859140831,25.15303818600936],[121.48077243174771,25.15399293313139],[121.48090199071412,25.154878164283744],[121.48025441857251,25.15535565754192],[121.47955905593808,25.156218982487637],[121.47878210392555,25.156290742697763],[121.47768720825523,25.156651295911566],[121.47646199932186,25.157588550105654],[121.47489482710093,25.15772804277591],[121.47341575867473,25.15849324092005],[121.47212081558544,25.15822859221374],[121.4729309409351,25.157100267849835],[121.47320989124162,25.156071390459775],[121.47314867703852,25.155013116908016],[121.47275257849857,25.154016584479194],[121.47176630440767,25.15293054218739],[121.47039849290307,25.15227068521023],[121.46885736975517,25.152137463772974],[121.46739507403785,25.15254354142602],[121.46760749395305,25.151377527042904],[121.46743266169018,25.15032980219653],[121.46693121636444,25.149373383855885],[121.4659870450933,25.148483871893102],[121.46591848753651,25.147573308810053],[121.46551956119349,25.146572368179516],[121.4657995345844,25.14554159373449],[121.46577356675543,25.144694143847243],[121.46685521968644,25.143531306684455],[121.46724363871361,25.142532282666977],[121.46729138563919,25.141441583645882],[121.4681261572438,25.140615870476626],[121.46871354388577,25.139312245682184],[121.46870816461949,25.137903239276554],[121.4681407867695,25.13664845796795],[121.46892502192634,25.13570126229798],[121.46931340035225,25.134702232402592],[121.46936647646163,25.133643591743944],[121.4691645365429,25.132830037387563],[121.47157501789334,25.134551385609456],[121.4726041734307,25.1357195148666],[121.47348946247969,25.136211930737986],[121.47428418642927,25.137009542616763],[121.4753435925596,25.137570081103824],[121.47621771690346,25.13828967010135],[121.47727188315937,25.13873937866646],[121.47859088645177,25.13888315982419],[121.48000777911034,25.140109724550786],[121.48106197451754,25.140559405602655],[121.48207738637693,25.140705485730358],[121.48349501161043,25.14161123461269],[121.48521881751252,25.14187133619568],[121.48478621546568,25.142938283146133],[121.48479178052233,25.144347285289292],[121.48538930198183,25.145647093423683],[121.4864878259886,25.146639817166257],[121.4875421008253,25.14708945051709],[121.48846544606532,25.147255044466288],[121.48924318207435,25.147252477744114],[121.49037152295097,25.14699124961686],[121.49165548374782,25.14620418460017],[121.49335559377484,25.14423067378008],[121.49379951342479,25.142880847446534],[121.49373847952155,25.141578072615964],[121.49481607618603,25.141115217551015],[121.49556771663491,25.14051003748106],[121.4970616155323,25.140231182004214],[121.49840135397712,25.139387507452057],[121.49977298078649,25.138988453116134],[121.50070548510338,25.138354015179647],[121.50147455876667,25.137393826457306],[121.50357620420496,25.136615086301344],[121.50466660030318,25.135615049542025],[121.50516039659203,25.134655368514036],[121.50532689744591,25.13360652552108],[121.50536629510937,25.131882635366644],[121.50498214669446,25.13067059729113],[121.504850294102,25.129095399737693],[121.50506615598627,25.127512645306222],[121.50461133488542,25.126165845673718],[121.50417690731895,25.12557871063704],[121.50338326942612,25.12491806051237],[121.5031034002867,25.12430894263479],[121.50346789490222,25.122950163548285],[121.50430551553247,25.122250493001737],[121.505365323772,25.120768529981788],[121.50671774925644,25.120102880727988],[121.50770274382019,25.118995409516952],[121.5088354932777,25.118130400579137],[121.50934791353836,25.117379207258505],[121.5102477602371,25.11687282153542],[121.51182517836209,25.115483816350796],[121.51251499664924,25.11463023631375],[121.51282194614058,25.113930365983457],[121.51366293577254,25.11362828794628],[121.51459517667413,25.11299376460245],[121.51587144017616,25.111198084593198],[121.51728605204663,25.11053489396256],[121.517885175759,25.11008370311083],[121.51856471447017,25.109245737144246],[121.52010518104014,25.108373661441128],[121.52130488675714,25.106750031983793],[121.52162521348866,25.106000451854772],[121.52319780578352,25.105282604232585],[121.52420906082499,25.104123438598055],[121.52518781445802,25.103582570786863],[121.52573541813547,25.103080055677186],[121.52632985900335,25.102168971493775],[121.52660824401171,25.101139994912653],[121.52654660641404,25.10008174234852],[121.5262743707418,25.09932190017251],[121.52738949764739,25.099121700284698],[121.52862367727406,25.099659762664523],[121.53087203288226,25.10006955590981],[121.53206434902279,25.100951465473038],[121.5335468815342,25.10135515732838],[121.53470907182152,25.101298972825525],[121.53587646249302,25.100897716795984],[121.53711390169522,25.101469823199256],[121.53865444875272,25.101602344646754],[121.54110540152304,25.101012085823594],[121.54279569864771,25.10075610152789],[121.54340810707984,25.10085562655219],[121.54635090210745,25.102288078892727],[121.54742472093722,25.103051650598807],[121.54814419769512,25.103319901898036],[121.54929612957397,25.103471136955463],[121.55081258043624,25.103190626973426],[121.55149673296145,25.102854374322668],[121.55235587672658,25.102139496133564],[121.55307972640664,25.100894155297034],[121.55322827308659,25.100199285613552],[121.55316640728122,25.09914104781106],[121.55276985264412,25.09814472929408],[121.55207276660461,25.097296129799734],[121.55063899137758,25.096471894776613],[121.54929983226636,25.095289304761103],[121.5482457880861,25.094840103983113],[121.54629181260725,25.09447436730599],[121.54490587354657,25.09380012765143],[121.54187409247305,25.093518855492803],[121.53980552276583,25.09365765801501],[121.53813374481665,25.09417828751649],[121.53713086072923,25.094241043740563],[121.5361541695779,25.094550903542977],[121.53534555925997,25.094028516632957],[121.53406466740893,25.093651325855102],[121.53290314553567,25.092978288163476],[121.531638774064,25.092719315139902],[121.5312873581817,25.091358976634663],[121.53127625840351,25.08998162310362],[121.53078942586677,25.088848980528308],[121.53090540953663,25.087985864732456],[121.53073013930825,25.086938212628848],[121.53022847325194,25.085982003894934],[121.52928103835694,25.08509067062459],[121.52898754303352,25.083955055391687],[121.5283184248879,25.082932046216936],[121.52722014797735,25.08193962026127],[121.52578846393922,25.0814054884509],[121.52424131969408,25.081410961672322],[121.5231472266175,25.081771841779087],[121.52221526437819,25.082406417026956],[121.52172445621716,25.082955374558612],[121.52136067219861,25.083580984646876],[121.52108467591376,25.08459484307131],[121.5200542438939,25.0850451669001],[121.51919502611253,25.08575986077963],[121.51860060877227,25.086670917953203],[121.51832475787951,25.087683669882537],[121.51708256975736,25.088450215551745],[121.51595427080464,25.088925106751585],[121.51481500159535,25.08985977159957],[121.51422053226474,25.090770811557984],[121.5139322566627,25.09199687427956],[121.51321764225533,25.093459003417838],[121.5131649551128,25.094517659443806],[121.51337349025282,25.095858013165316],[121.51376972009436,25.09685444264767],[121.51436408674859,25.09765155598767],[121.51522937706036,25.09836023734245],[121.51591640303587,25.098691561140555],[121.5174612383137,25.099034471065217],[121.51858230977315,25.09908441418927],[121.51765495396118,25.099716341274995],[121.5171640575943,25.100265283879377],[121.51656765926445,25.10163030291191],[121.51558403682674,25.102065110142274],[121.5149849429991,25.102516291694926],[121.51379540076681,25.10412422992684],[121.51208714487473,25.104851712331623],[121.51115495166799,25.105486219829437],[121.51044867610378,25.10637186767535],[121.50927466086375,25.10725966733688],[121.50808260328132,25.109151344627765],[121.50719842738565,25.109378925836932],[121.50620236103369,25.109927149151957],[121.50542395884568,25.11071502638758],[121.50501609413244,25.111453683074348],[121.50416413042305,25.111874941834927],[121.50330463405649,25.11258954550095],[121.50236493269897,25.113991283917432],[121.50104237713745,25.114647062640326],[121.50006199292316,25.115745477981434],[121.49915494230353,25.116365995729343],[121.49772499988521,25.11827949805239],[121.49734516142789,25.119248109090904],[121.49640491627262,25.119885945075215],[121.49571495585582,25.12073945173844],[121.49532683552297,25.121738548823494],[121.49525345977987,25.12244330549164],[121.49561800107074,25.123932970446436],[121.49477970800449,25.125090349378205],[121.49449404162755,25.126657985625044],[121.4937496398905,25.127720325380384],[121.49345324364592,25.12910326059832],[121.49362826395644,25.13015095487184],[121.4941298344512,25.131107283395558],[121.49491476544803,25.131889884759726],[121.49606178887905,25.132478468627074],[121.49516227007754,25.133118913737846],[121.49350398386856,25.133694793306525],[121.4925955421451,25.13446960934344],[121.49156188763253,25.134530803750277],[121.49039307445518,25.13493224072219],[121.48787455941314,25.134594953582788],[121.48651805130221,25.134695683776684],[121.4848319840508,25.134403823329645],[121.48336497703238,25.13349878005987],[121.48191249676319,25.133231604991742],[121.48103567749685,25.13231038686584],[121.47843375730002,25.130738401513085],[121.4778750734575,25.130097503015477],[121.47677012568244,25.129397777657],[121.47595572003398,25.128570470773955],[121.4747665909819,25.127826580740347],[121.47442680214509,25.127377182849646],[121.47484990228837,25.12652615452278],[121.47553659540216,25.123707327635465],[121.47536173918532,25.122659608657386],[121.47462736977589,25.12141931207132],[121.4715121606291,25.11844042703872],[121.47002603186239,25.1178986121819],[121.46869518540635,25.117078918758953],[121.46717627078488,25.116808825186098],[121.46602548211597,25.11696794488045],[121.46530814821858,25.117241108318566],[121.46411520601426,25.118138725512612],[121.46352022439866,25.119049566436086],[121.46323199164786,25.12026334990293],[121.46223558809447,25.120925286444486],[121.46122537225985,25.122258630187293],[121.46093025863074,25.122913583298082],[121.46076705230915,25.12388944599427],[121.45948005398596,25.126159470110203],[121.45922315315379,25.127049430180982],[121.45853000704967,25.12805944759139],[121.4581366147475,25.12946456528133],[121.45666494076889,25.130014226849124],[121.45606549193748,25.13046517383041],[121.45541415864997,25.13125885448643],[121.45550303057145,25.129958871238365],[121.45660888700205,25.12610184878951],[121.45654783518897,25.12504356185706],[121.45625953469595,25.124252223620786],[121.45792486398973,25.123675793886623],[121.45937552204013,25.122366079599033],[121.45986962346915,25.121406543344158],[121.46003423548088,25.120402767173896],[121.46083955884085,25.119076519710763],[121.4610064202732,25.118027719042008],[121.4609275641758,25.11732345004485],[121.46053169112318,25.11632687672746],[121.45983512831567,25.115477837540535],[121.45905240748627,25.114910606399455],[121.45836543861243,25.11457901895123],[121.45723540605132,25.114325009142327],[121.4560730463062,25.114380588741675],[121.45532975626112,25.114588372643123],[121.45404588413467,25.11537512485936],[121.45319041037696,25.11654930757169],[121.45290484966347,25.118127622524135],[121.45220558684414,25.118988413119467],[121.45181711600836,25.1199874015599],[121.45176389242897,25.121046039933596],[121.45211056234999,25.122187762128558],[121.45077843687369,25.122580921989556],[121.44984578747643,25.12321504910229],[121.4491554815442,25.12406834360131],[121.4487456897934,25.125200990652104],[121.44829018077189,25.125939191144575],[121.44781689364693,25.127637300274532],[121.44776338245272,25.12869158206914],[121.4473309883447,25.13001801111653],[121.44749535623689,25.131438791260774],[121.4474169203089,25.132451595982875],[121.44655524247968,25.133588287548587],[121.44626002392476,25.13424321191945],[121.44609301660184,25.135291995760998],[121.44619041568285,25.13606298280581],[121.44556420012601,25.13672369421507],[121.4450699265146,25.137683183208658],[121.44484196200462,25.13975968963761],[121.44425500641941,25.140288322840554],[121.44365977162296,25.14119908486216],[121.44337466600942,25.14234585108896],[121.44176707641984,25.14573073284],[121.44014130250017,25.145065915100307],[121.43869623676845,25.145056301102915],[121.43868853494999,25.143664022761467],[121.43809151487459,25.14236401881502],[121.43730687282276,25.141581113339754],[121.4359586989906,25.14091135940412],[121.43497689149363,25.139831151875217],[121.43397639795586,25.1392892646093],[121.4324572782673,25.139018818749502],[121.43094009481466,25.139298127068976],[121.4296558072964,25.140084671012602],[121.42896526661725,25.140937872692522],[121.42857653921958,25.14193680075163],[121.42850308457976,25.14374543023475],[121.4287895625558,25.1447725933102],[121.4293912855183,25.145679829327495],[121.43059102241337,25.146570223930894],[121.43170026332362,25.146925604297895],[121.43329356434994,25.147720742011906],[121.43442385887779,25.14797492972388],[121.43536420611852,25.14795020407725],[121.43531293919273,25.148995613418396],[121.43546713516926,25.149689479260896],[121.43648527587828,25.151745027822262],[121.43629943261048,25.1520726388417],[121.43472505088171,25.152773906261583],[121.43399149935543,25.15336011482978],[121.43354308587001,25.152047501966194],[121.4325571706285,25.15096119326039],[121.43190909768475,25.150569784312975],[121.43081160229518,25.150215961482957],[121.42905634995495,25.150268339060187],[121.42829655453191,25.149298424785233],[121.42720976032606,25.148606037575185],[121.42680185094183,25.147884266768617],[121.42601724409175,25.147101301588105],[121.42501672937018,25.146559354602225],[121.42349753772764,25.146288818055766],[121.42198024283142,25.14656803578902],[121.42088348877883,25.147165691472743],[121.4199051775104,25.148257661103784],[121.41951635374997,25.149256565666914],[121.41952117094117,25.1506655793328],[121.41991682817148,25.151662260593973],[121.42061332736165,25.152511484247135],[121.42170950417979,25.15320792626115],[121.42222102712151,25.154017866800125],[121.42068657914817,25.153585104779506],[121.41905565803788,25.153757431064292],[121.41852211739482,25.152684448676354],[121.41773753151577,25.151901439853674],[121.41673701301735,25.15135943732194],[121.41560672171912,25.151105114681297],[121.41384400688538,25.15121036897226],[121.412748957637,25.151570444290343],[121.41181589014887,25.152204335030856],[121.41112867453433,25.15305207638504],[121.4106471165808,25.152754501058695],[121.4103950523883,25.15210210826863],[121.4106995761932,25.15086306247398],[121.41059683512958,25.14965383971374],[121.41218320091015,25.150114880746166],[121.41382331822705,25.149982477108157],[121.41518631349827,25.149314451602883],[121.41573457484748,25.148812336763797],[121.41633005467327,25.14790168467301],[121.4166094617075,25.146872906489953],[121.41654874118495,25.14581460157817],[121.41615313076139,25.14481790994108],[121.41516742672836,25.143731481669423],[121.41416698647767,25.14318946018342],[121.41293677861623,25.142925116835922],[121.41139675147421,25.14306751049257],[121.41034581095244,25.143523528064048],[121.40948554126318,25.144237595161332],[121.40889002758975,25.145148220604653],[121.40861055932665,25.14617698523655],[121.4087132774806,25.147386209985953],[121.40801500617009,25.1471013946501],[121.40746926252565,25.146300680484188],[121.40660424095039,25.145591370709745],[121.40555026623794,25.145141157029894],[121.40434482521715,25.144991336730044],[121.40393327960199,25.143898196079924],[121.40325394139892,25.143065858776446],[121.40349720640677,25.14143924833132],[121.40319068200489,25.140058126066926],[121.40258917925541,25.139150780127725],[121.40172423645794,25.138441440197408],[121.40067034090636,25.137991190381502],[121.39951824785781,25.137838803032565],[121.39836716661105,25.137997400664542],[121.39756828287975,25.13831487867231],[121.39704365912633,25.13777428247957],[121.39654206393723,25.136814933669903],[121.39574694344287,25.135959029956403],[121.3951443478354,25.135511535127094],[121.39409050102988,25.135061237729115],[121.39254966458678,25.13492721823096],[121.39104161212293,25.13535561670311],[121.3901151221876,25.135103237046586],[121.3887906456836,25.134471276519026],[121.38763859912132,25.134318796150268],[121.3864875341188,25.134477301356476],[121.38576991571927,25.134750082790248]],[[121.48123054058341,25.18964019077483],[121.48110225295112,25.18936565142556],[121.48139968518781,25.189564871083075],[121.48123054058341,25.18964019077483]],[[121.48025919000784,25.178422029100282],[121.47928561217569,25.177898831789463],[121.4781549536265,25.177644992818138],[121.47699200685022,25.177700744633626],[121.47624837231812,25.177908636757234],[121.47525161318863,25.17845665734817],[121.4744725825783,25.17924437418581],[121.47397837111049,25.180203953402465],[121.47381841839037,25.18111560965555],[121.47331419650183,25.181201878107345],[121.4721503238907,25.180858619936252],[121.47287162507008,25.179820255289396],[121.47316836638983,25.17843736544687],[121.47299344409821,25.17738965223122],[121.47225876106127,25.176149357463455],[121.47105843435061,25.17525931232378],[121.46931802621852,25.174844329948026],[121.46894184191277,25.174203336815104],[121.46815679857978,25.173420603795527],[121.46599852260397,25.172229373327184],[121.4649007382165,25.171875808275697],[121.46374737388442,25.171782304727707],[121.46451495150744,25.17108140071317],[121.46544156627165,25.171700643319546],[121.46616127647277,25.171969286831445],[121.46731376507452,25.172121149549],[121.46811006529502,25.172044131350393],[121.46990384155983,25.172431148056617],[121.47105514357999,25.17227199197617],[121.47387220267849,25.171398635765406],[121.47489152522922,25.171829350460342],[121.47604402213605,25.171981145067093],[121.47764291988372,25.17166600438986],[121.47845409297118,25.17174114391321],[121.47969163812012,25.171569809806645],[121.4792252966483,25.17268815328257],[121.47923080529127,25.174097150921074],[121.479627023934,25.175093661599515],[121.48079990819211,25.176704081056563],[121.4804184031519,25.177524118045593],[121.48025919000784,25.178422029100282]],[[121.4779253919011,25.164537517191377],[121.47938923394456,25.163487675952435],[121.48053448972459,25.163418479133274],[121.48110876949009,25.16449950482308],[121.48111961613048,25.165228990469966],[121.47982833413694,25.16462062066804],[121.47906489350139,25.164484985128944],[121.4779253919011,25.164537517191377]],[[121.42559547251238,25.15546723036493],[121.42638777680088,25.155376126305313],[121.42661294938874,25.155767359533026],[121.42559547251238,25.15546723036493]],[[121.42384276523798,25.15554301872195],[121.42346908835518,25.155002173418183],[121.42480454338744,25.15541277051483],[121.42384276523798,25.15554301872195]],[[121.42993470386837,25.18207535305647],[121.42869849607688,25.182299431774982],[121.42822104235783,25.181909635810978],[121.42993470386837,25.18207535305647]],[[121.45491696153651,25.195517602370145],[121.4535310041988,25.19464731275089],[121.45286703474653,25.193847969096897],[121.4522639464843,25.193400716774224],[121.45054676221105,25.192828369705406],[121.45043415770127,25.19216951030114],[121.45097172308812,25.19115673288401],[121.45113839372682,25.190115167417325],[121.45374337649197,25.190511147481594],[121.4548948711487,25.190352114818978],[121.45597250910004,25.189877791499235],[121.45720441890226,25.19017495974357],[121.45880810703926,25.190011308675224],[121.458760121729,25.191616620934724],[121.45930995256427,25.19284474029178],[121.45830167905379,25.193396372184722],[121.45752244455392,25.19418400110183],[121.4570280410676,25.195143524519295],[121.45687055879527,25.196003137735264],[121.45667939720698,25.196191549521455],[121.45582646724395,25.195749066309297],[121.45491696153651,25.195517602370145]],[[121.44424647840212,25.20125251518173],[121.44436290842597,25.201530377048915],[121.44430286858446,25.202121922058545],[121.44394865924558,25.20204201791103],[121.44424647840212,25.20125251518173]],[[121.46302542289764,25.187305029014038],[121.4614217764531,25.18746872514395],[121.4615486362787,25.186567673314745],[121.46142904615051,25.185717755525054],[121.46262363540818,25.185861145254993],[121.46355231623389,25.18575355850531],[121.46436464028004,25.185904976820186],[121.46548852072799,25.18585473348445],[121.46627297260542,25.186098081197372],[121.46503166836753,25.186726484922666],[121.46420859489169,25.187581354939255],[121.46302542289764,25.187305029014038]],[[121.46541738857202,25.165191140821868],[121.46523861919687,25.165289421491945],[121.46558128839509,25.165119960471692],[121.46541738857202,25.165191140821868]],[[121.47392219617409,25.165032604524274],[121.47460862539135,25.164538571854013],[121.47512474088583,25.1647171475489],[121.47406366723885,25.165109160323635],[121.47392219617409,25.165032604524274]]],[[[121.40419011947778,25.124241159705647],[121.40264940948754,25.124107243482552],[121.40116968035443,25.124520276742114],[121.39997619155233,25.125417383967076],[121.39925063752816,25.126661997263312],[121.399103488365,25.12806464257756],[121.39955716523744,25.129411781281135],[121.40054261583346,25.13049831866551],[121.40154289307212,25.131040435119708],[121.40306185058034,25.13131120034199],[121.40457900344889,25.131032177622647],[121.40586336117357,25.130245849226938],[121.40671938488143,25.129071934640436],[121.40701676048207,25.127689159607037],[121.40671023325832,25.12630804213265],[121.40584648692806,25.125138841246613],[121.40524390881113,25.124691386630527],[121.40419011947778,25.124241159705647]]],[[[121.44643730120752,24.938890788116826],[121.4448988686331,24.93875727635559],[121.44342149925654,24.93917070920806],[121.44223009348039,24.94006815030702],[121.44150602870415,24.941312980863177],[121.44135954821128,24.94271569366981],[121.44181297119681,24.94406273977924],[121.44279728382045,24.945149038595126],[121.44379622714186,24.94569090151833],[121.44531298291139,24.945961270602236],[121.44682776160487,24.94568184117787],[121.44810993435621,24.944895157427506],[121.44896429504301,24.943720992880184],[121.44926078271614,24.942338111254895],[121.4489542776748,24.940957046729324],[121.44809146006831,24.939788050271954],[121.44748964697793,24.939340745758447],[121.44643730120752,24.938890788116826]]],[[[121.4690227227083,24.907488858829517],[121.46750639149408,24.907218723582474],[121.46599213147941,24.907498357165213],[121.4647104575286,24.908285191492173],[121.46402143083206,24.909138561032986],[121.4635779785659,24.910488333128374],[121.46373465901142,24.911890127913626],[121.46446763766266,24.913130532837716],[121.4653313359948,24.913839545753525],[121.46676081570135,24.914374304910698],[121.46830588337045,24.914369461185217],[121.46973129732802,24.913825752328854],[121.4703296577326,24.913374753031018],[121.47101866353773,24.9125213551212],[121.47146204133172,24.911171562348102],[121.47130527475824,24.90976977681094],[121.47057224877588,24.90852940564335],[121.47002147135788,24.90803055145717],[121.4690227227083,24.907488858829517]]],[[[121.49254376251916,25.214568223711076],[121.4914925249908,25.215024817558746],[121.49053004506739,25.215865662746687],[121.48899280581837,25.216735868716622],[121.48830226021013,25.217589338731663],[121.48791378676746,25.218588408903326],[121.48791940694561,25.219997395987583],[121.48851734492608,25.221297172231033],[121.48961658349442,25.222289852082902],[121.49067152567054,25.222739448601104],[121.49221355835701,25.22287242800473],[121.49369414738977,25.22245847763104],[121.49499006664723,25.22143430686032],[121.49623963423743,25.220802993728395],[121.4971680520246,25.219786708282363],[121.49869886417433,25.21977911270685],[121.50012765294413,25.219235082953574],[121.50098790445594,25.21852049615166],[121.50171294487646,25.217275406517306],[121.50185900781702,25.215872691212184],[121.50140387567653,25.214525902265247],[121.50041685409498,25.213440070952572],[121.4990482114877,25.212780496651753],[121.49789530439239,25.212628888302014],[121.4967436625173,25.212788257560273],[121.49538042455036,25.213457032287877],[121.49445203860674,25.214473306799565],[121.49330641638083,25.21442757415366],[121.49254376251916,25.214568223711076]]],[[[121.50246538643518,24.89921037128365],[121.50131541281603,24.899058737731995],[121.50016669508037,24.89921809488137],[121.49911815205901,24.899674720245432],[121.4982600784087,24.90038929256334],[121.49766637023731,24.901300277106657],[121.49738816142977,24.90232922374191],[121.4974494186389,24.903387521910116],[121.49767745440262,24.90406421845543],[121.498278475232,24.90497121464838],[121.4988293505445,24.905469963176607],[121.49980649690275,24.90600217768982],[121.50150048251149,24.907922984688756],[121.50243636875258,24.90855114404139],[121.50317239800874,24.9088236393363],[121.50300791872117,24.909559376434892],[121.50306922855229,24.91061767046696],[121.50329730883797,24.911294357079125],[121.50386648768853,24.91216238154796],[121.50382069967063,24.913177329266087],[121.50410723324792,24.914204377584984],[121.50497039082316,24.915373048550848],[121.50638605744408,24.916192723703993],[121.50564625550173,24.917454607140893],[121.50547000641875,24.91874347611118],[121.50577707969815,24.92012441985267],[121.50637823918026,24.9210313793045],[121.50757630893547,24.921921203299746],[121.50926315483603,24.922333730951923],[121.50953703132814,24.923284512192136],[121.50990555507256,24.92390759793045],[121.51068924280611,24.924690156755418],[121.5113363609248,24.925081247910423],[121.51205471871982,24.925349698429912],[121.51320494826805,24.925501244557875],[121.51397725840383,24.925429193982282],[121.51507000452023,24.925068395631808],[121.51626072996818,24.924170380727194],[121.51698394021614,24.92292519712373],[121.51717008256009,24.921666316841797],[121.51686287869882,24.92028539894073],[121.51626164706242,24.919378482840372],[121.51539762389174,24.9186697705392],[121.51434521724741,24.918220292133352],[121.51337169504697,24.918076057721635],[121.51309282959836,24.91709549153233],[121.512491641157,24.91618855915306],[121.51162766168702,24.915479824003157],[121.51083767612484,24.915114921879034],[121.51155407719475,24.91407946257717],[121.51184979945558,24.91269646268468],[121.51167496775562,24.911648756932255],[121.5109871447407,24.910464243861515],[121.51097072194827,24.909122225595652],[121.5105751452356,24.908125753682338],[121.50959054661436,24.907039901526748],[121.50812171702276,24.90635704618718],[121.50830194684438,24.90558059014094],[121.50824059572558,24.904522298214864],[121.50801250177382,24.903845618779265],[121.5074114161458,24.902938662703075],[121.5058205210646,24.901369963066962],[121.50470585989297,24.90079115716163],[121.5035175890708,24.899659937896146],[121.50246538643518,24.89921037128365]]],[[[121.5180347775713,25.114838851912015],[121.51651810212267,25.11511902981861],[121.5155220325036,25.11566731539827],[121.51474365533566,25.116455240585626],[121.51425000498162,25.117414953557837],[121.51408359982801,25.118463807311585],[121.51425877876054,25.119511476212356],[121.51476046355019,25.120467734457936],[121.51554545466199,25.12125022668822],[121.51654614980907,25.121791561398755],[121.517291104432,25.121994461610115],[121.52095401285321,25.122412390201106],[121.52208205445213,25.122150924367354],[121.5240933239997,25.12127814601101],[121.52473816785607,25.12088256640423],[121.5255165074134,25.120094589787723],[121.5261031865747,25.11879074490611],[121.52609715430101,25.117381746907224],[121.52541074731721,25.115935362647516],[121.52442432619841,25.114849667776742],[121.5234236544995,25.114308385390547],[121.52190466441459,25.114038853746028],[121.52038800839122,25.114319070971277],[121.51925409545477,25.11498203215356],[121.5180347775713,25.114838851912015]]],[[[121.51946755329092,25.20389034565797],[121.51792573594301,25.203757646920927],[121.51644545855486,25.204171836214236],[121.51525206406048,25.205069862111685],[121.514527232641,25.206315016905933],[121.5143813245059,25.207717744084466],[121.5148365719956,25.20906449247926],[121.51582368369252,25.210150226716088],[121.51682511337694,25.210691541523282],[121.51834529507768,25.21096110280235],[121.51986314760192,25.21068089093472],[121.52114757389612,25.209893569311863],[121.52200302471846,25.20871900868951],[121.52229927332762,25.20733603316087],[121.52199123669777,25.205955191189695],[121.5211258283733,25.204786699773322],[121.52052244123713,25.204339731045497],[121.51946755329092,25.20389034565797]]],[[[121.5315563222028,25.101990226213733],[121.53001577646208,25.10185763099873],[121.52853676452654,25.10227192631069],[121.52734443676998,25.103170044567662],[121.52662031100284,25.1044152639636],[121.52647463995501,25.105818018112792],[121.5269296197708,25.107164751724998],[121.5279159996901,25.108250431691832],[121.52891664073677,25.108791684680465],[121.53043557971915,25.109061145485228],[121.53195214617787,25.10878082671665],[121.53323543895269,25.107993408033312],[121.53409008141956,25.10681877493359],[121.53438596987077,25.105435762504257],[121.53407807601738,25.104054924803645],[121.53321329156589,25.102886478186512],[121.53261036961182,25.102439545153945],[121.5315563222028,25.101990226213733]]],[[[121.53786586161499,25.069450170686153],[121.53632571838013,25.0693176337808],[121.53484711779447,25.06973198700248],[121.5336551476386,25.07063015394962],[121.53298090685351,25.07165126603043],[121.53268507623844,25.073034280848187],[121.53299286997954,25.07441512872462],[121.53385744690026,25.07558358442523],[121.53514718992145,25.07636175303204],[121.53666573951234,25.076631157594797],[121.53818189224542,25.07635078076338],[121.53946480997953,25.075563311035094],[121.54039917075207,25.074278639751792],[121.54069491712431,25.07289561118254],[121.54038704147025,25.071514780368574],[121.53952243269242,25.070346362617016],[121.53891965011174,25.069899451004577],[121.53786586161499,25.069450170686153]]],[[[121.5391271021239,25.21621020731989],[121.53758511198987,25.21607771668816],[121.53610475677957,25.216492103460727],[121.53491139127476,25.217390286161425],[121.5341866912591,25.218635533218464],[121.53404099695952,25.22003827406912],[121.5344965081779,25.22138495545081],[121.53548389334641,25.222470552176937],[121.5364855093483,25.223011729854143],[121.53800588404621,25.223281085310717],[121.53952383987803,25.223000670275123],[121.54080826405811,25.222213179084335],[121.54166360767906,25.221038508319086],[121.54195966034206,25.219655498839714],[121.54165136887113,25.218274704267245],[121.54078568561225,25.21710633436799],[121.54018216660639,25.216659448782327],[121.5391271021239,25.21621020731989]]],[[[121.58589132374146,24.982934689481763],[121.58435352628985,24.98307884480079],[121.58299329935599,24.983748394095535],[121.58201771495074,24.984841411941794],[121.58157530123674,24.986191504634807],[121.58173342795709,24.987593137229535],[121.58266803385084,24.98926292587208],[121.58386730993062,24.990152107260638],[121.58534866174188,24.990555308467435],[121.58688655062737,24.990411141334672],[121.58824682821727,24.98974155609674],[121.58922239436934,24.988648498428162],[121.58966473226933,24.987298384806998],[121.58950651625479,24.985896762218708],[121.58857184537894,24.984227016994726],[121.58737259470809,24.98333787238542],[121.58589132374146,24.982934689481763]]],[[[121.5746544316999,25.02406989349157],[121.57311482473375,25.023937728054225],[121.57163689643497,25.024352438430096],[121.57044563229266,25.025250893856043],[121.56972238824618,25.026496321170747],[121.56957728277915,25.027899122291704],[121.5700324258596,25.029245734741227],[121.5710185417826,25.0303311438483],[121.57201872625481,25.030872119576312],[121.57353678610086,25.031141157091614],[121.575052289711,25.03086041332157],[121.57633449782409,25.030072632644142],[121.5771881990134,25.028897755651215],[121.57748343287759,25.027514654519564],[121.5771752707229,25.02613389677115],[121.5763106450123,25.024965686571978],[121.57570795750004,25.02451891998198],[121.5746544316999,25.02406989349157]]],[[[121.60667128289285,25.106557579398775],[121.60554104101497,25.10630470348161],[121.60476357934905,25.106307875984026],[121.60363587173087,25.10656996578603],[121.60295184656425,25.10690645660746],[121.6018625155093,25.107907201874678],[121.60136958445253,25.108867193487697],[121.60120393486758,25.1099161330059],[121.60136197581441,25.111263406493478],[121.60119331716783,25.111504627924084],[121.59954122797481,25.111014717242664],[121.5980018543794,25.111159040492474],[121.59664030572313,25.111828727854967],[121.59566385517599,25.112921832933925],[121.5952765762605,25.11392117836177],[121.59520377852715,25.114625975323396],[121.59551238532777,25.11600667155807],[121.59637784918567,25.117174740699554],[121.59746652168172,25.117875619554905],[121.59800190956814,25.118949557370286],[121.59910108347835,25.11994143836203],[121.60015552288792,25.12039026896482],[121.60130767047349,25.120541095579384],[121.60245829586137,25.12038092819858],[121.6033153321095,25.120047104278424],[121.6039599071802,25.119651184599437],[121.60473772217017,25.118862801015414],[121.60523066500313,25.117902799234344],[121.60539553024802,25.11686934174225],[121.60649535704665,25.11650706482485],[121.60732108977993,25.115960261591276],[121.60844833600132,25.115483488729346],[121.60904714093755,25.115031935301385],[121.60973627188541,25.114177914814324],[121.6101788035162,25.11282775857967],[121.6101752893516,25.11211986062253],[121.60988738317211,25.111093067602344],[121.60922321068745,25.110125548863362],[121.60896009184954,25.10883621681192],[121.60845773031657,25.10788028792053],[121.60767224532394,25.107098295151584],[121.60667128289285,25.106557579398775]]],[[[121.6028156884487,25.122249967536668],[121.60181995903953,25.12279882670444],[121.60127258627728,25.123301617553764],[121.60054910294413,25.12454718352441],[121.60040425830782,25.12594999205582],[121.60086012273209,25.127296479527377],[121.60198731142505,25.128511652559865],[121.60335553803465,25.129170289213594],[121.60489648961966,25.129302114369683],[121.60565847423081,25.12916089568067],[121.60670854017182,25.128703505787705],[121.60756753324108,25.127988312663902],[121.60829096411702,25.126742713957995],[121.60843571924258,25.125339899532086],[121.60797978004565,25.123993436422694],[121.60714216811272,25.1230151115697],[121.60585148733698,25.12223759073473],[121.6043322360658,25.12196890890155],[121.6028156884487,25.122249967536668]]],[[[121.60417116487243,25.14172472125263],[121.60300863596423,25.14178145629984],[121.60191425279532,25.142142920102405],[121.60098225649712,25.14277798620165],[121.60029290773555,25.143631966827108],[121.59990557546817,25.144631321325463],[121.59985362321834,25.145689988224053],[121.60014153356376,25.146716796023235],[121.60074451924014,25.147623314762594],[121.60194549108299,25.148512300467015],[121.60304343934212,25.148864847415023],[121.60420654730454,25.148912105976045],[121.6056301367101,25.148521314698623],[121.6066707619861,25.14944154460872],[121.60810357997751,25.149974870130603],[121.60926669952418,25.150022088713463],[121.61050565965353,25.149711661815232],[121.61093779070114,25.14979027533581],[121.61080262390286,25.150726414558488],[121.61097867756474,25.151773949176455],[121.61148124586975,25.152729860143896],[121.61197737768252,25.15327503150106],[121.61291570131402,25.15390243169032],[121.61363561452794,25.154170355219858],[121.61596597803782,25.15454657414847],[121.61690712018714,25.15556189841932],[121.6183599852283,25.156239223028475],[121.61915237749025,25.156998861282915],[121.61957723617363,25.15780389983412],[121.61928235665748,25.15918664691232],[121.61959135652421,25.16056727753656],[121.61996116620313,25.161190047844794],[121.62096455027259,25.16225372714474],[121.62216581057454,25.163142541638866],[121.62288579766299,25.16341041844309],[121.62403837423041,25.163561059224943],[121.62481209670531,25.163488409066332],[121.6259065975168,25.163126774754996],[121.62721875912361,25.162117870730007],[121.62764787590288,25.161527449728393],[121.62803503071623,25.160528028218582],[121.62810766079636,25.159823222525528],[121.62793144819217,25.158775712422877],[121.62742872712879,25.15781986098609],[121.62675049427699,25.157125995840126],[121.62703753029045,25.155763253715214],[121.62672846032552,25.154382639116704],[121.62612525073128,25.153476231264523],[121.62527466109545,25.152778731102057],[121.62483861704337,25.15198991911259],[121.62408901226385,25.15123766959978],[121.6242122751739,25.151116215920712],[121.62534117974624,25.152151811669675],[121.62677410666187,25.15268495421755],[121.62832212045747,25.15267839481804],[121.6295088036397,25.15226585388416],[121.63010777156626,25.15296536606149],[121.63104618285195,25.153592649664503],[121.63214425555604,25.153944978165896],[121.63335153378131,25.15398585787014],[121.63395155979782,25.155290352642343],[121.6350513501941,25.156281950310046],[121.63610623037532,25.156730514362405],[121.63789425117635,25.15692551948083],[121.63736158159881,25.157411605901693],[121.63578247056829,25.157268006324703],[121.6346543690672,25.15753033811474],[121.63397015151986,25.157866973636065],[121.6328806359539,25.158867943908295],[121.63229491797289,25.160172187439287],[121.63230217658705,25.16175115086956],[121.63290133690477,25.16305033162074],[121.63400119006026,25.164041934864546],[121.63468889584902,25.164372692621807],[121.63576169882359,25.164617753102956],[121.63442427836925,25.164890340697543],[121.6334283536311,25.16543941311254],[121.63245182070095,25.1665327546765],[121.63206468434447,25.167532186600624],[121.63207194810127,25.16894114860448],[121.63249938034856,25.170047229984085],[121.63348719605345,25.171132171672504],[121.63448880566527,25.171672689171206],[121.6356197071736,25.171925329309346],[121.63715978810639,25.171780602584498],[121.63832004005715,25.171248042814376],[121.6397758605396,25.17096961577823],[121.64092093760637,25.170296308582426],[121.64199773725171,25.17033196915447],[121.64312593884189,25.170069579849198],[121.64440912907716,25.16928120602277],[121.64509830590997,25.168427026114554],[121.64543253005745,25.16766172458065],[121.64558062424298,25.166966776845534],[121.64551791673746,25.165908602675675],[121.64528855876199,25.16523218034574],[121.64468515852859,25.164325853166492],[121.64381866456029,25.163617956171166],[121.6428952392384,25.163211640880256],[121.64449008138808,25.162642896580373],[121.64552090096967,25.16171451716768],[121.64624790217314,25.162585664758083],[121.6471864683486,25.1632128421819],[121.6501579873009,25.16396049806685],[121.65016217827493,25.16538161973522],[121.65076154475781,25.166680723471753],[121.65154768908005,25.167462468723905],[121.6523568672945,25.167921051248292],[121.65329790395631,25.169275795517454],[121.65423655715692,25.169902925931215],[121.65495665064846,25.170170644341187],[121.65610932440717,25.170321033245408],[121.65762632862103,25.17003942152397],[121.65905942269838,25.16914092103632],[121.65992374341248,25.167938497879287],[121.66064821963552,25.167703202760993],[121.66158180062689,25.168492328851794],[121.66301506928923,25.169025112536797],[121.66456327824687,25.16901817014826],[121.66614556145544,25.168366956902766],[121.66764065545789,25.168775391810133],[121.66886539201195,25.16870371497694],[121.67044073687826,25.169155396945563],[121.67188357481417,25.169032926438835],[121.67278132293832,25.169581699040062],[121.67307170036135,25.17063859113104],[121.6745453155567,25.173224814886932],[121.67541205179428,25.17393252609828],[121.6766669144183,25.17442534464494],[121.67795121779976,25.175245406421887],[121.678288512011,25.177545673543936],[121.6787917100462,25.1785013400467],[121.67928824274901,25.17904627582651],[121.68022710091633,25.179673236298637],[121.68094730597325,25.179940825543085],[121.68204242898842,25.180088697513597],[121.68327004251096,25.180813154952165],[121.68401561424282,25.181015202856678],[121.68530864415439,25.181082036316962],[121.68407152004029,25.181464038286055],[121.68317667627947,25.18206878072399],[121.68205276631275,25.182330873625812],[121.68136854756229,25.18266772729617],[121.68027921214946,25.18366903973538],[121.67971011864033,25.18491322070989],[121.67814857230455,25.185477679497193],[121.67705918556629,25.186478968921257],[121.67647381720876,25.18778337559414],[121.67642251741418,25.188842050441036],[121.6765887824769,25.189562307967048],[121.67606645015317,25.19068918483715],[121.67590134748335,25.191738185859844],[121.67607802298633,25.19278562496512],[121.67637936235084,25.193438260755013],[121.67744360280408,25.19457354110655],[121.67732229403111,25.195892078785892],[121.67763459144759,25.196963553768512],[121.67594879958496,25.19708975511367],[121.67471106126388,25.197675397218347],[121.67284622967465,25.197611903451893],[121.67175157021482,25.197973886689283],[121.67110681536283,25.198370101148246],[121.67032894321167,25.199158826503357],[121.66975619928105,25.20027902895901],[121.66961207918412,25.201681877044077],[121.66990071346126,25.20270852727022],[121.67076750716552,25.203876121926815],[121.67170651662263,25.20450313134911],[121.67280515877033,25.204855144155218],[121.67435381751181,25.204848090037395],[121.67597876459584,25.20416795123054],[121.67778391165498,25.204218069951192],[121.67921168499188,25.20367232663756],[121.6800707597619,25.202956717959776],[121.68062975398298,25.20222614617702],[121.68107822364559,25.20074302476504],[121.6819298902095,25.2009972576296],[121.68135541028687,25.201885071292573],[121.68113332174694,25.202563510090325],[121.68108205930854,25.203622183741647],[121.68130770529497,25.204705764120522],[121.68199048418485,25.20587921603554],[121.68245905763155,25.207418407590982],[121.6835776167353,25.20868299721696],[121.68494716890464,25.209340845855355],[121.68648919773857,25.209471798161115],[121.68796892414346,25.20905591662515],[121.6891532035658,25.2081644856723],[121.69020036342029,25.208290989358474],[121.69135167676572,25.208130118691006],[121.69271374375575,25.20745955792216],[121.69351492905962,25.206634767005365],[121.69518782019891,25.20635898440697],[121.69647103839283,25.205570161920843],[121.69696152917822,25.20502064009502],[121.69745407239535,25.204060350010863],[121.69760190897054,25.203365358826332],[121.69753872613092,25.202307221615992],[121.69714065488834,25.20131133318692],[121.69644198327833,25.200463456190725],[121.69536288459072,25.19971660717476],[121.69426422832973,25.199364762109436],[121.69310062359335,25.19931822200516],[121.69233831658028,25.199459896224155],[121.69162103281722,25.199734152574834],[121.69069269424786,25.200366770441626],[121.6868794537705,25.200055154717095],[121.68582003265618,25.199712728355273],[121.68605777846263,25.19941008516188],[121.68805029213533,25.199740995169844],[121.68882419638858,25.19966800676333],[121.68991881718945,25.199305897983276],[121.69056351393296,25.198909602735014],[121.69134125148373,25.19812077369388],[121.69170448552387,25.19749476599433],[121.69198167420666,25.196465514379927],[121.69182196803585,25.195064069116835],[121.69108498390673,25.19382490711885],[121.68988293121377,25.192936672068413],[121.68870258043972,25.19257413670908],[121.68863844422809,25.19153746072024],[121.68840879838947,25.19086111345586],[121.68795855003941,25.190118527348016],[121.68717910394088,25.18934276048369],[121.68698715146623,25.18839248271382],[121.68712493530616,25.188117024156615],[121.68883161358411,25.18753218983874],[121.68969051987655,25.18681652730402],[121.69041343942858,25.18557054708547],[121.69056129652284,25.18487556083837],[121.69050414213841,25.18385269304956],[121.69150160048393,25.18341215160283],[121.69210041700825,25.182960265979943],[121.69278933042709,25.182105870844133],[121.69310996330758,25.18135157624375],[121.69412140490608,25.181565436196067],[121.69528425088357,25.18150797923855],[121.69637869043585,25.181145825637614],[121.69731046476228,25.180510166407217],[121.69816400340913,25.17933461895082],[121.69838595813104,25.178656155368586],[121.69843706592302,25.177597475573652],[121.69828134949083,25.176903914133753],[121.69777800804223,25.175948316784122],[121.69699151928938,25.175166825264913],[121.69598961566237,25.174626737288428],[121.69485857616067,25.174374561613863],[121.69408069710343,25.17437821153483],[121.69295257487765,25.17464098765848],[121.69208461996136,25.17510328264323],[121.69193988163613,25.17502525388359],[121.69148806919051,25.174198454850732],[121.69078150263425,25.173413564280995],[121.68936164022223,25.172296950691248],[121.68821766031368,25.171698109307744],[121.68805125847234,25.17082417743999],[121.68754802207556,25.16986854229163],[121.6867616371589,25.1690869935583],[121.68582389854446,25.16857404933469],[121.68699709573522,25.168309101365264],[121.6881627965089,25.16766967028967],[121.68913883233347,25.166575971390085],[121.68952866102816,25.165556278063583],[121.69074715660261,25.165289062421035],[121.69174281387632,25.16473960969327],[121.69252033244776,25.163950775610164],[121.69297330101249,25.163092499417573],[121.69434145215116,25.163445444178453],[121.69550412630437,25.163387989028276],[121.69659840476659,25.163025836398493],[121.6977900336919,25.1621263762701],[121.69851273074278,25.160880357234493],[121.69864424149834,25.15940496380046],[121.69939873307338,25.158495731977226],[121.69978528956172,25.15749613473028],[121.69985119076365,25.156685529742546],[121.7007733068335,25.15540457332953],[121.70106254924924,25.154122107769886],[121.7016125115147,25.153090283332983],[121.70176722260251,25.15225117683241],[121.703039851643,25.15131627411478],[121.70376243387093,25.150070230178027],[121.70390611667355,25.14866734870934],[121.70344140818581,25.14730974592536],[121.70419727726653,25.1470989279727],[121.70519272641941,25.146549387943256],[121.70573976543581,25.14604622135808],[121.70628855131417,25.145221264066404],[121.70719834409492,25.14559101960423],[121.70835083977855,25.145741005847565],[121.71150159111532,25.145099989087754],[121.71255137887157,25.144641855361222],[121.71350932935171,25.14380260650041],[121.71530168262406,25.143689957632716],[121.71832289096446,25.1424334962679],[121.7192846566661,25.14236785946712],[121.72037867444708,25.142005535732594],[121.72156992388797,25.14110589001597],[121.72216307089275,25.140194050391358],[121.72241250122471,25.139339222707076],[121.72270071120789,25.139174946269158],[121.72392237432426,25.139465508741797],[121.72546192101849,25.139319873877195],[121.72651160515755,25.138861643117046],[121.72755658311834,25.137914101448086],[121.72847142418848,25.138010993642308],[121.72962202187969,25.137849839343517],[121.73202169817306,25.13678155915701],[121.73345742934798,25.135673271442066],[121.73490505536205,25.135587769776244],[121.7361233813241,25.13515660544681],[121.73687922920432,25.135633916898307],[121.737977423428,25.135985458625353],[121.73875172458273,25.13605098626386],[121.73990228829614,25.135889752806012],[121.74126328579194,25.135218762453057],[121.7420696423686,25.13438454651325],[121.74279453628913,25.13508336056626],[121.74316355928568,25.136290288769562],[121.74376753317684,25.137196205326095],[121.74432043862676,25.13769398787145],[121.74529398853325,25.13822176360665],[121.74586388587336,25.139412792362148],[121.74771441880223,25.14117355530102],[121.74876955851181,25.141621311715635],[121.7503107838609,25.14175161766129],[121.75178946525081,25.141335117304106],[121.75298047114235,25.140435224314018],[121.75340890009726,25.139844451967033],[121.75379495813647,25.138844722507084],[121.75386685465733,25.13813986904814],[121.75368960838733,25.13709252814151],[121.75318601216487,25.136137120086822],[121.75220236734395,25.135083686061616],[121.75164944280559,25.134585933223132],[121.7506758961226,25.13405819891777],[121.75035987775138,25.132983488966392],[121.75129037707231,25.132089468490868],[121.75187469190175,25.130784779886117],[121.75186606637625,25.129375846367346],[121.75131617305983,25.1276496050722],[121.75044918300826,25.126482475166892],[121.74915759039895,25.125706222825336],[121.74763802044409,25.125439017641035],[121.74643225741677,25.12561863989222],[121.74694446535625,25.124424915314876],[121.74699514375993,25.12336622096834],[121.74670607240674,25.12233972023832],[121.74604537004049,25.121377404484775],[121.74680985587605,25.120725372612746],[121.7472382488997,25.120134617451928],[121.74753181650566,25.119479124154235],[121.7476962237799,25.118430048828074],[121.7475190630576,25.117382695905352],[121.74688069754927,25.116263556834735],[121.74706611881815,25.11516006810179],[121.74675581980401,25.113779723272124],[121.74588897387122,25.112612561269646],[121.74495031344279,25.11198600743118],[121.74422990427367,25.11171861529208],[121.74363194301006,25.110823865243127],[121.74307916422372,25.110326075502723],[121.7417104340496,25.10966873828299],[121.74006812775643,25.109362505752223],[121.73934196490683,25.108313952360547],[121.73838587734632,25.107558384965465],[121.73996770928838,25.10727856414906],[121.74096267403768,25.106728791735875],[121.74153402995884,25.106194897319046],[121.74232775527736,25.105978539165793],[121.74332269867416,25.105428751304437],[121.7442093985913,25.104665441856024],[121.7446377504903,25.10407469394106],[121.74508496501457,25.102594501140473],[121.74621310828168,25.10284556430214],[121.74737517426182,25.102787715054006],[121.74846787305712,25.102458474252344],[121.74945000497785,25.10191736006396],[121.75067526202008,25.10186769573677],[121.75210151378309,25.101321275890665],[121.75295945167882,25.100605260014795],[121.75355217504247,25.09969329963387],[121.75382864320841,25.09866393539881],[121.7536683900352,25.09726255146987],[121.75316496586973,25.096307134457223],[121.75206479457877,25.09531641437422],[121.75059005661018,25.094738672612568],[121.74904942203253,25.0946083551228],[121.7479221568421,25.094871533530302],[121.74680410452223,25.095524178211257],[121.74504222003253,25.0959215026419],[121.74404736038731,25.096471300793855],[121.74307236363003,25.097565348359886],[121.74262514130852,25.099045536210753],[121.74110823873896,25.098778999287685],[121.73983579274096,25.098980747914748],[121.73921712399695,25.097440396161996],[121.73837507160104,25.096475392382594],[121.74007112313298,25.095821467275396],[121.74066933711558,25.095369393497823],[121.74135743141667,25.09451478093903],[121.74165097331166,25.093859297723935],[121.74181540274932,25.09281022495918],[121.74173496130288,25.092106133965],[121.74133691596802,25.091110349643934],[121.74090150245681,25.090523925520746],[121.74003500026515,25.08981658481491],[121.7393474460177,25.08948630971509],[121.73821711498238,25.089234446655663],[121.73705517058393,25.08929222142743],[121.73631253882114,25.089501402043275],[121.73475078230359,25.09040054404748],[121.73389819486144,25.091576294790286],[121.73360458926923,25.092959661665912],[121.73391468241728,25.09434004242383],[121.73491999179468,25.095620517174503],[121.7336716266283,25.09600463352648],[121.73274067620295,25.096640510268656],[121.73188802760863,25.09781624989235],[121.73161137637497,25.098845577502196],[121.7317713814173,25.100246990667973],[121.73235444243898,25.101860008045563],[121.73291761529798,25.102716758593257],[121.73200882368215,25.10312845036524],[121.73115074324618,25.10384434798803],[121.7304152447451,25.105140585479706],[121.72938748706382,25.105791050729476],[121.7286105687976,25.10658007110096],[121.72807405156449,25.10770634308468],[121.72664865487846,25.107468991791865],[121.72549833610213,25.10763011736956],[121.7241375500716,25.10830096049049],[121.72336058193842,25.109089954200506],[121.72286860536231,25.11005032986718],[121.72270399464885,25.11109938337266],[121.72299431334476,25.112783491153063],[121.72336948645079,25.11373603463059],[121.72273044618034,25.114409944528305],[121.72223844444677,25.11537031800536],[121.72207382243116,25.116419370343333],[121.72222049799464,25.117359190916577],[121.72044837430302,25.11759008101087],[121.7192734066315,25.118133913630604],[121.71834987425596,25.117146479188445],[121.71734836075404,25.116606523192587],[121.71609782288186,25.116334498158604],[121.71493560763373,25.116392105374626],[121.71384179885742,25.11675438548208],[121.71319760472925,25.117150775461894],[121.71166071533287,25.11863394791042],[121.7110675890932,25.119545747551445],[121.71077366701714,25.120929071243324],[121.71095052161245,25.121976474481574],[121.71145373208797,25.12293203655649],[121.71252895053924,25.123906437290895],[121.71121749142284,25.124560746763116],[121.71024198051124,25.125654585831658],[121.70980051324075,25.127005016665994],[121.70996031545457,25.128406452794543],[121.71046354598154,25.129362017000574],[121.71096001209982,25.129906851422934],[121.71365867548974,25.1315936407089],[121.71514213314727,25.131995495753177],[121.71652984615227,25.13188533838747],[121.71638444972645,25.13329307738624],[121.71676701808194,25.13464367493834],[121.71655688648774,25.135361664041405],[121.71585471025196,25.13573962560933],[121.71432251222411,25.136021194400602],[121.7131053651112,25.136755763334936],[121.71145034452577,25.13664824968998],[121.71032260780183,25.13691115114889],[121.70932725955437,25.1374607241551],[121.70855413045689,25.138208326631844],[121.70715046402803,25.138108235859516],[121.70578403498264,25.138475254551622],[121.70485359037343,25.138194693769822],[121.70369056485346,25.138148224116676],[121.70256279626588,25.13841106711684],[121.70156739992737,25.138960588897568],[121.70079009495254,25.139749468471116],[121.70037773273775,25.140503102784216],[121.69928007035521,25.141509435697632],[121.69878778020322,25.142469734210007],[121.69864404416889,25.14387261298458],[121.69914464020353,25.145438634129754],[121.69781174111414,25.14583419428117],[121.69688022827602,25.146469853915157],[121.69602689771146,25.147645394508334],[121.69574377092898,25.14880039592351],[121.69490732875121,25.149280480201924],[121.69412991641279,25.150069326057647],[121.69363755290833,25.151029607951045],[121.69349072641884,25.15238178010532],[121.69301676301313,25.153145323669225],[121.69273276425345,25.154317541770975],[121.69127013979721,25.15549354714064],[121.69067668899378,25.156405267746056],[121.69039957125621,25.157434520754375],[121.69047532918908,25.15853772349662],[121.68892971614784,25.15825898703802],[121.68777886604566,25.158419830078888],[121.68706180936297,25.15869406096625],[121.68613014314919,25.159329655146525],[121.68563978050528,25.15987914158574],[121.68503245691866,25.16132452157537],[121.68409298624671,25.16156088122751],[121.68323417359666,25.161990957636764],[121.68153111529521,25.1618081621254],[121.68005193196582,25.1622239703898],[121.67886016835959,25.16312329049923],[121.67843129639118,25.163713854927497],[121.67804914431163,25.16469632913979],[121.67727450996672,25.163525193245476],[121.67623175411089,25.16261716680964],[121.67558286428034,25.162226839893563],[121.67448459994428,25.161874837949675],[121.67332135513195,25.16182813445381],[121.67229165078099,25.162058219274307],[121.67121924257523,25.161824600711977],[121.66994473758196,25.161907897198883],[121.66823529110806,25.16152278944669],[121.66693299167231,25.160909277277455],[121.665207899565,25.160803750128792],[121.66346046406449,25.16043896906986],[121.66165957216066,25.160719609777495],[121.66073051670328,25.161110609583492],[121.65925959146472,25.160724622916547],[121.6580969184373,25.160781793275742],[121.65700253901943,25.16114366337493],[121.65634451290943,25.161550985216806],[121.65603548438796,25.161395469405946],[121.65608666837116,25.160338612833424],[121.65579825769262,25.159311925442356],[121.6549319301206,25.15814422681028],[121.65364058181277,25.15736713915447],[121.64988317922841,25.15625924017412],[121.64965108716596,25.153585162412362],[121.64914822084805,25.152629386966048],[121.64804835245778,25.151637895112795],[121.64661535031908,25.151104959911144],[121.64545221300709,25.151058035131605],[121.64325018252154,25.151329447736874],[121.64193294806384,25.15196921308528],[121.64105206245445,25.150764483539458],[121.6400036253651,25.150067264990994],[121.63890556643787,25.1497149943428],[121.63675569502064,25.149565679601928],[121.63632005797253,25.148532768757008],[121.63562210985161,25.14768458399619],[121.63501860100615,25.147238081118378],[121.63396380705126,25.14678950707457],[121.63242261129383,25.146657989356363],[121.63100834426116,25.147045023155727],[121.63040219123795,25.146334680411712],[121.62946383952566,25.14570739097645],[121.62836584832492,25.14535504063344],[121.62759153288414,25.145288936096925],[121.6260747571539,25.145570236378877],[121.62539058106864,25.145906831965917],[121.62454019276471,25.146613387666427],[121.62379264126038,25.14587802952188],[121.62297400561792,25.14538746891301],[121.62187603481614,25.145035070034066],[121.62110172410688,25.144968931463403],[121.61995089665058,25.145129246979625],[121.61890074308663,25.145586731443625],[121.6180416967398,25.14630198966634],[121.61741409017333,25.14730027459865],[121.61547487806394,25.147005306557844],[121.61558722818653,25.14615356632335],[121.61541114446531,25.145106036984277],[121.61511025162191,25.144453264129606],[121.61447127526479,25.143663493980906],[121.61439739076236,25.142839428047306],[121.61400019435396,25.14184329079074],[121.61217279342051,25.13995822087499],[121.61080439983076,25.13929966973241],[121.6096520657322,25.139148920840697],[121.60887848561758,25.139221489297583],[121.60745112689959,25.139766550304525],[121.6063615478435,25.14076732898252],[121.60575792427416,25.142183576827954],[121.60417116487243,25.14172472125263]],[[121.63989481365476,25.163387259695437],[121.63902401774311,25.163911337745823],[121.63864938362094,25.163859780142904],[121.63930224921569,25.163266415902616],[121.63989481365476,25.163387259695437]],[[121.72334448252379,25.128565535114898],[121.72335684505701,25.12670816908292],[121.72368288047115,25.12591710302658],[121.7253124439665,25.126375516704567],[121.72685182492621,25.12622987084993],[121.72821279138051,25.12555900030247],[121.72875964256276,25.12505575147425],[121.72935266109366,25.124143884040844],[121.72962938254275,25.123114562417967],[121.72946936499697,25.121713151347386],[121.72896602128408,25.120757653290376],[121.727947584626,25.11982134910026],[121.72928949355939,25.11885574561966],[121.7300116237751,25.117609578394585],[121.7301549779461,25.116206672871257],[121.72958660335262,25.114693826119332],[121.73055234997096,25.113423863170038],[121.73084022979005,25.112161401603526],[121.73160265937896,25.112295533984252],[121.73274996435048,25.112239879197517],[121.73343791684903,25.11321599081227],[121.73399067089278,25.11371381690009],[121.73499223055296,25.11425365956115],[121.73617176473249,25.114507488196615],[121.73725070636881,25.115763870345965],[121.73825229670152,25.11630369012894],[121.73913542689175,25.11652338735215],[121.73964434975852,25.117466912573057],[121.73951377435478,25.118389838330987],[121.7396908687926,25.11943720221072],[121.74042122173165,25.12066806474301],[121.73965014380664,25.121324543407724],[121.73905721587936,25.122236450344293],[121.73883558136409,25.12291497273125],[121.73878173012976,25.12392195054021],[121.73772720457903,25.123694461766053],[121.73656493454112,25.123752239852916],[121.73547112892484,25.12411467925197],[121.73462508056984,25.12467957783392],[121.7339179938515,25.124336367140675],[121.73278735037287,25.124084470891273],[121.73162507326809,25.124142210372607],[121.73053124864103,25.12450461370373],[121.7293402245695,25.125404328390445],[121.72874720011345,25.126316195759184],[121.72847046474187,25.127345515622263],[121.72860146552523,25.128643842923125],[121.72707807418894,25.128790145146656],[121.7260284773561,25.129248378563013],[121.72517018284744,25.129964243947438],[121.72452588859544,25.131008643687856],[121.72398367627684,25.1315146877769],[121.72338281605451,25.13061426867766],[121.72277783411653,25.130081559961063],[121.72334448252379,25.128565535114898]]],[[[121.60027519190702,25.196479761655368],[121.59873339820547,25.196347905116014],[121.59725350026761,25.196762897320184],[121.59606078330923,25.197661564652446],[121.59533682443919,25.198907101760746],[121.59519185108762,25.200309893893166],[121.59564795328896,25.20165637993489],[121.59663570945393,25.202741564405812],[121.59763742378509,25.203282327298062],[121.59915767364254,25.203551056526706],[121.60067523210904,25.203270019659872],[121.60195904693583,25.20248200574042],[121.60281366204534,25.2013069909391],[121.60310897799285,25.19992386846796],[121.60280005376298,25.198543209105907],[121.60193393799183,25.197375201996945],[121.60133029988422,25.196928567039524],[121.60027519190702,25.196479761655368]]],[[[121.59729538346666,25.208829786630304],[121.59575343642624,25.208697902036942],[121.59427337933083,25.209112866646755],[121.59308052161434,25.210011511046265],[121.59235646180971,25.211257033379116],[121.59221144271844,25.212659821148073],[121.5926675613505,25.214006313905635],[121.59365539362734,25.215091515148334],[121.59465719754022,25.21563229572779],[121.59617759557054,25.215901052464154],[121.59769531409903,25.215620043714853],[121.59897927649618,25.21483205424201],[121.59983400421069,25.21365705649831],[121.6001293806574,25.21227394110427],[121.59982045562124,25.210893277765226],[121.59895427787397,25.209725256230705],[121.59835058845738,25.209278610773048],[121.59729538346666,25.208829786630304]]],[[[121.6049452150183,25.214519733543824],[121.60340318966611,25.214387930310842],[121.60192309181507,25.214802971974176],[121.60073023710302,25.215701677395497],[121.59961956957771,25.216917234801052],[121.59925580383467,25.217543024951446],[121.5989604060733,25.218926138035084],[121.59926934374288,25.22030680148504],[121.60013560162807,25.22147481807747],[121.6010743967323,25.222102279031454],[121.60269861948933,25.222545243613745],[121.60347681873854,25.22254206830202],[121.6046055882464,25.222279963950008],[121.60588957373855,25.22149191468839],[121.60696053281612,25.220322672629315],[121.60732426666459,25.219696864328757],[121.60770678554128,25.218668525377865],[121.60777955966805,25.217963732305478],[121.60747053284831,25.216583087877442],[121.6066042415725,25.21541511415846],[121.60600049638917,25.21496850131701],[121.6049452150183,25.214519733543824]]],[[[121.61129259592535,25.115811823256838],[121.61069872829164,25.116723236319544],[121.61047638937107,25.117401581528046],[121.6104833891168,25.118810558848086],[121.6110821004999,25.12010984373564],[121.61218138840648,25.12110162541072],[121.61377390011235,25.121664906165027],[121.61532152668478,25.121658490026462],[121.61674864012615,25.121113356525665],[121.61734744075726,25.120661769968546],[121.61803654381397,25.119807712036515],[121.61842365375762,25.118808311072534],[121.61841656297376,25.117399335855644],[121.61781778857845,25.116100081339432],[121.61671850180376,25.115108340810334],[121.61528605851407,25.11457508912075],[121.61396327852587,25.114497910725124],[121.61248441643343,25.11491304028425],[121.61129259592535,25.115811823256838]]],[[[121.62754376520313,25.120669545248347],[121.62639158888219,25.12051892319582],[121.6252409976681,25.120679275784237],[121.62419107165454,25.12113679485004],[121.62359229454252,25.12158840858716],[121.62290322100216,25.122442491595077],[121.62251613700047,25.12344190329212],[121.62244349142205,25.124146709887484],[121.62260364751272,25.1252560951204],[121.62109946331405,25.125959166516488],[121.62001312084405,25.127232426161367],[121.61957064970073,25.12858260807969],[121.61972942715727,25.129984161962508],[121.62046529964616,25.131223711806058],[121.62166624751569,25.132112539932542],[121.62276410131966,25.132464943205523],[121.62392705780005,25.132512049844348],[121.62505495544525,25.132249802881674],[121.62605065309647,25.131700788817838],[121.62682839816416,25.130912291823076],[121.62743120810869,25.1297722177869],[121.62759665599584,25.12872325550879],[121.62745645202365,25.12780387660725],[121.62896062061591,25.127100741400252],[121.62993687969862,25.126007422561642],[121.63023109230765,25.12535214877426],[121.63039651114008,25.124303183328227],[121.63006748566656,25.122732569670962],[121.62920166568998,25.12156470492938],[121.62859831017927,25.121118171383866],[121.62754376520313,25.120669545248347]]],[[[121.62910411577617,25.166679547297196],[121.62756267361186,25.166547984095654],[121.62643446815375,25.166810254923245],[121.62575017596875,25.16714685347638],[121.62494190931722,25.167810577077017],[121.6241278436433,25.167881596323223],[121.62303329516018,25.16824321816836],[121.62184104488321,25.169142087970897],[121.62111751291678,25.170387747905185],[121.62097286170203,25.171790564500306],[121.62128101057037,25.172947323683104],[121.62214713022585,25.174115221145964],[121.62308566634987,25.174742551095406],[121.62380572406212,25.175010421663714],[121.62456937489017,25.175145306568226],[121.62573220586576,25.1750883966806],[121.62682680657929,25.174726754187013],[121.62772738187375,25.17411776994737],[121.62858228036511,25.174048380462967],[121.62967686296055,25.17368671718161],[121.63086909773477,25.17278778506616],[121.63146307540215,25.171876295661853],[121.63186537841818,25.170827919749712],[121.63193799115156,25.170123113460715],[121.6317617290691,25.169075610287365],[121.63146068821551,25.16842287556428],[121.63076265673187,25.167574671712536],[121.63015906553562,25.167128151781032],[121.62910411577617,25.166679547297196]]],[[[121.61313493315161,25.20886967333416],[121.61159297224796,25.2087379542563],[121.61011297193716,25.209153076434795],[121.60892023301665,25.210051846477253],[121.60819633594839,25.21129744340142],[121.60805149877112,25.212700243347733],[121.6085077908028,25.214046684003506],[121.60949576155787,25.215131776787796],[121.6104976334239,25.215672448712635],[121.61201806310105,25.215941041871023],[121.61353574207956,25.215659871156603],[121.6148195997569,25.214871745999837],[121.61567417353835,25.21369665951431],[121.61596937028739,25.212313515826175],[121.61566026715181,25.210932888937606],[121.61479394001158,25.20976496303832],[121.61419019403897,25.209318383340484],[121.61313493315161,25.20886967333416]]],[[[121.62991451740888,25.21603955564377],[121.62837245193793,25.215908013775184],[121.62689242625,25.216323304100115],[121.62569974500883,25.217222207639036],[121.62510551175124,25.218133673412837],[121.62481040619151,25.219516832561997],[121.62511963607662,25.220897436341968],[121.62598614169498,25.222065296595787],[121.62692507027973,25.222692590707553],[121.62764542047167,25.2229604352752],[121.62879856436142,25.223111026865407],[121.62995010905158,25.222950630336765],[121.63079886042728,25.22260437906933],[121.63224387841717,25.223144953968788],[121.63379278123656,25.22313832013404],[121.63453640455909,25.2229296369985],[121.63553278576666,25.222380552344283],[121.63658192168458,25.22114661431335],[121.63679070869347,25.221155043344776],[121.63778028173076,25.222011985803373],[121.63883574341241,25.22246051515315],[121.64131975599588,25.222985318662296],[121.64314047760796,25.222840518711063],[121.64419119224132,25.222382855803872],[121.64528116621719,25.221381801470493],[121.64586702198937,25.22007751420641],[121.64582896045327,25.21855958069918],[121.64603816747677,25.218166765055336],[121.6468803152907,25.217581119422494],[121.64761289340794,25.216642879808347],[121.64961105097791,25.21470170845245],[121.65010400678608,25.21374156894225],[121.6502526167316,25.212410453191875],[121.65172819211378,25.212501913519606],[121.6532136903182,25.212083284877405],[121.65427593563288,25.212832921080242],[121.65576020387952,25.213235350489352],[121.65692337584125,25.213178188816414],[121.65801821675103,25.212816312430988],[121.6592106121061,25.21191715317105],[121.65983397787264,25.21092958312368],[121.66138696635801,25.210649351932847],[121.66207139685561,25.210312587619505],[121.66293061997331,25.209597076150345],[121.66335972297088,25.209006555451786],[121.6637467249237,25.208007049689137],[121.6638191706933,25.20730223450159],[121.66364257568367,25.206254781070168],[121.6631393751582,25.205299066507752],[121.66220291051722,25.204387395702266],[121.66120091210077,25.203847076005317],[121.660069666195,25.20359463944422],[121.65890658728816,25.203651824073752],[121.65781183049536,25.2040137057749],[121.65687966911773,25.204649122120323],[121.65604288424272,25.205790685813838],[121.65484929931338,25.205949581714382],[121.65403247657514,25.206278467264603],[121.65317408543572,25.205717113950254],[121.65207548838185,25.205364954339423],[121.65087079584193,25.205238981788384],[121.64971944860586,25.20539953784143],[121.64835715890815,25.206069707076846],[121.64757908952636,25.20685831588881],[121.64708614013539,25.207818447710714],[121.64693750005304,25.209149561451778],[121.64516694298514,25.209191745759373],[121.64407209394952,25.20955352726173],[121.64342718647298,25.209949623440547],[121.63909457657583,25.214498367569426],[121.63761427848588,25.21374950013002],[121.63646121387967,25.21359897562188],[121.6356871838267,25.21367169222404],[121.63459226532422,25.214033404639682],[121.63394730290975,25.214429460289324],[121.63316908697512,25.215217995242863],[121.63274478021785,25.216000560377054],[121.63182983973513,25.21614939329778],[121.63098113556778,25.216495649671756],[121.62991451740888,25.21603955564377]]],[[[121.66659062945016,24.880969203340904],[121.66505272883036,24.880837952632806],[121.66357682589049,24.881253543664286],[121.66238759794724,24.882152711623622],[121.66166609105842,24.883398574829684],[121.66152215922844,24.884801468755306],[121.6619777336205,24.886147816718196],[121.6629634726962,24.887232644289774],[121.66396287413185,24.88777302761463],[121.66547935031626,24.88804116351916],[121.66699287977657,24.887759517260832],[121.66827302396732,24.88697097065248],[121.66912488580974,24.885795580864606],[121.66941878494696,24.88441229806434],[121.6691099957803,24.88303171734817],[121.66824554606025,24.88186401589135],[121.66764324404211,24.88141760556278],[121.66659062945016,24.880969203340904]]],[[[121.665310501544,25.003364716379785],[121.66304685759482,25.00395547380907],[121.66172065344429,25.003748891559102],[121.6605712012764,25.003909497656885],[121.65921117708919,25.004579738316657],[121.65843442134997,25.005368398207306],[121.65784966738967,25.006672749353747],[121.65785717244015,25.00808173472855],[121.65845581314545,25.009380848604096],[121.65924097654563,25.010162588925002],[121.66034137037805,25.010762969173623],[121.66147083400449,25.01101544635281],[121.66263209233387,25.01095827733647],[121.663559986297,25.010668464689445],[121.66574778696268,25.010831977256416],[121.66795450450537,25.01022942094562],[121.66907322732257,25.009576536312817],[121.66988177319824,25.010636081031954],[121.67081927878915,25.011263142928748],[121.67191617907083,25.01161520726513],[121.67313471323268,25.011654024184914],[121.67387920489506,25.012924767774997],[121.67507935373528,25.01381319335478],[121.67617628821118,25.01416522541631],[121.67720980501876,25.014251093651048],[121.67819942678571,25.014127630874047],[121.67905865726142,25.014470856861873],[121.68020989308728,25.01462109122137],[121.68098264133181,25.01454816641233],[121.68207565352918,25.014186140878994],[121.68300626215233,25.013550582605887],[121.68367265414165,25.012729550126085],[121.685268155668,25.0125277466467],[121.68611204943707,25.012963213797267],[121.68724158104688,25.013215493623782],[121.68801844286442,25.013211901212124],[121.68914510596083,25.012949188287468],[121.6901395561362,25.012399761252652],[121.69093607513062,25.011666647562333],[121.69136437518628,25.011076047483126],[121.6917472960543,25.01008861755057],[121.69279907900147,25.010450954240238],[121.69395029120071,25.010601082740862],[121.69509975544247,25.01044021839671],[121.69584401145732,25.0101504499709],[121.69585828106638,25.0109724536112],[121.6961206966177,25.011934054771373],[121.69553543003498,25.012684138427066],[121.69496924977344,25.014123730517262],[121.6949867293508,25.01556669740206],[121.69462699619444,25.017078567359782],[121.6948677901917,25.018287017205985],[121.6934538870552,25.01869404042302],[121.69252329581323,25.019329663333338],[121.69167077270986,25.02050518085171],[121.69139393998833,25.02153444771641],[121.69155336507254,25.02293593090822],[121.69205600206146,25.02389158340824],[121.69311146971259,25.024923142754844],[121.6944789988296,25.025580962002156],[121.69524178670453,25.025715503241383],[121.6964031607888,25.02565806795155],[121.69749622237399,25.025295928437615],[121.69842683138317,25.024660274483335],[121.69891661273236,25.024110748608937],[121.69940845271418,25.023150444721754],[121.69957316482991,25.022101402945363],[121.69941200368353,25.021108894734667],[121.70123885959161,25.021331852108673],[121.70236556560567,25.021069038288083],[121.70317189852804,25.02064803407979],[121.70417538023881,25.021522938594103],[121.70522933287975,25.02197103817637],[121.70800167536981,25.02239110684776],[121.70968720742214,25.02305537143829],[121.71046078578357,25.02312106385032],[121.71160505987304,25.022961302331865],[121.71285019862802,25.023903641287742],[121.71403635689468,25.024266986372503],[121.71486240883866,25.0252169064442],[121.7158002482178,25.02584367612255],[121.7168973987923,25.02619540229798],[121.71816170053397,25.026227456007316],[121.71933032303559,25.027083717900698],[121.72042749409466,25.027435417489524],[121.72197390304807,25.02742791422683],[121.72332501348362,25.02692291828563],[121.72431073267582,25.026769959570604],[121.72535947312538,25.026311751488077],[121.72604259424511,25.025773179410642],[121.72709991564349,25.026141189763877],[121.72825130932216,25.026291048169078],[121.73104809928496,25.02593425674413],[121.73228819935451,25.026671542650593],[121.7323070350992,25.02801368139081],[121.73270479029036,25.029009504616987],[121.73340270178957,25.02985724623403],[121.7343406680905,25.030483895613912],[121.73582296055851,25.030885575212068],[121.73748113880254,25.03073984478541],[121.73884100355451,25.030068893481413],[121.739617385724,25.02927982397756],[121.74001320766692,25.02856738967181],[121.74020689486409,25.028587723604193],[121.74085287168268,25.029357382311126],[121.74145616429844,25.02980346593007],[121.74277088852133,25.030533995495876],[121.74403709645834,25.03090748835363],[121.74457668204263,25.031992727142057],[121.7456762149775,25.032983525581784],[121.74673040935103,25.033431324553675],[121.74788189095719,25.03358102861788],[121.74939698240684,25.033298514774387],[121.7500801864528,25.03296136317631],[121.75093767149211,25.032245363246208],[121.75136574844981,25.031654596785604],[121.75175150860564,25.03065486569999],[121.75169651587962,25.029081001527288],[121.75283755720262,25.028049525941608],[121.75342139271018,25.026744824988214],[121.75341279018784,25.025335872224506],[121.75241484321127,25.022630122124415],[121.75142722558357,25.021545947734204],[121.75005945246514,25.02088865790178],[121.74878809108903,25.02072896766101],[121.74763861265397,25.020890247442033],[121.74659000478817,25.021348610095025],[121.74584408510657,25.021951227072154],[121.74460493591928,25.022417444024224],[121.74149190532982,25.021224492065475],[121.7397555868491,25.021276565995485],[121.73843696003138,25.02094441812555],[121.7374127790244,25.020982951665726],[121.73590923614493,25.02006610710487],[121.73481209016866,25.019714520960495],[121.73365017977568,25.01966826060497],[121.73276158239082,25.019846837425565],[121.73175933196663,25.019156156210713],[121.7306622051323,25.018804538943563],[121.72950030398316,25.01875824591776],[121.72843664368432,25.019000387921345],[121.72682466481173,25.019090781820978],[121.7255701244859,25.01850882771121],[121.72441880636102,25.01835894667332],[121.72290383323814,25.018641203588626],[121.72176233046102,25.019313681804014],[121.72042748165472,25.018974449926766],[121.71912568620078,25.01906486215586],[121.71837494089291,25.018805364224868],[121.71743793987106,25.017796501558152],[121.7164372494423,25.01725651422611],[121.71491908557473,25.016988938452965],[121.7135148539415,25.017234390372714],[121.71293802269906,25.016706574985673],[121.71190980881333,25.016116391399564],[121.70941055309324,25.015198939638577],[121.7085087899186,25.01505891011993],[121.70771761282637,25.014033276586968],[121.70642747760334,25.013256608344626],[121.70529791021757,25.013004475124127],[121.70452105256496,25.013008157776678],[121.70286946782468,25.013457518748773],[121.7027193418336,25.013035872177024],[121.70346901465736,25.01196462476775],[121.70374572673663,25.010935336755217],[121.70373168866104,25.01010744274382],[121.70344326670225,25.009080828280727],[121.70307351579261,25.00845825263119],[121.70228809195754,25.007676749238367],[121.70163995156393,25.007286512484878],[121.70057516288227,25.006941846463175],[121.70042608846224,25.005473949049364],[121.6996902036032,25.00423477580206],[121.69882455103789,25.003527167861538],[121.69759078396143,25.00298901908188],[121.69605133966873,25.002858123534967],[121.69454623677979,25.003289442683347],[121.69351319245987,25.0029646980623],[121.69235144676175,25.002918111081154],[121.69122488207697,25.003180846540072],[121.69001610104849,25.003852368698276],[121.68849837927876,25.00346450216648],[121.68696047231397,25.003609720363443],[121.68560060068788,25.004280199282285],[121.6846108164167,25.00540308852613],[121.68346169478598,25.00535808248161],[121.68233508733962,25.00562075139616],[121.68134065492124,25.006170126314476],[121.68042066339501,25.007179376773756],[121.67887266440881,25.007375360169842],[121.67794366359999,25.007094768841842],[121.67666826911173,25.007020839162262],[121.67626548756698,25.00599189024127],[121.67515573147075,25.004824968029286],[121.67490345950198,25.00401152474701],[121.67430066342915,25.003105286710063],[121.6734351606162,25.002397527631842],[121.67238148648059,25.001949195508754],[121.67123037716517,25.00179889761659],[121.66965160983673,25.002108489173903],[121.66882894972035,25.001954538221888],[121.66766778001829,25.00201175388385],[121.66624227005569,25.00255735334305],[121.665310501544,25.003364716379785]]],[[[121.65517693296243,25.17045178178362],[121.65408245877992,25.170813631741535],[121.65290455193475,25.17169841646473],[121.65139984675638,25.17128464235554],[121.6498597924026,25.17142951680354],[121.6484978768063,25.172099682841303],[121.64772001886449,25.172888291677832],[121.64713439671266,25.1741925896751],[121.6468427901388,25.176961255922997],[121.6472993635551,25.178307577684382],[121.64828737624279,25.179392415485204],[121.64928911711839,25.179932829592705],[121.65003463163598,25.18013504998996],[121.65177299050546,25.18013823942121],[121.65286755452908,25.17977640518575],[121.65370652595855,25.17921849007101],[121.65516815864365,25.179331920221234],[121.65629641199631,25.179069429739837],[121.65729233987595,25.17852020428965],[121.65849016550102,25.177331537049938],[121.65959870967382,25.175766672540153],[121.65989287538795,25.175111344983005],[121.66005809668461,25.174062357135227],[121.65974860550625,25.17268182318472],[121.65888214329426,25.1715141524381],[121.65782345636548,25.17079705377787],[121.65633969950257,25.170394632551083],[121.65517693296243,25.17045178178362]]],[[[121.67389054080435,24.89479915602938],[121.67235246270069,24.89466798454279],[121.67087642278014,24.895083649929735],[121.66968711920569,24.89598287606597],[121.66896560955348,24.897228772419712],[121.66882174826235,24.898631669418904],[121.66927745577173,24.8999779899091],[121.67026337028516,24.901062763636812],[121.67126291513368,24.90160309408117],[121.67277957493587,24.901871151429734],[121.67429325380841,24.901589428446417],[121.67557349044893,24.900800818631712],[121.67642537370507,24.899625388785694],[121.67671921997194,24.898242095176908],[121.67641031171551,24.89686153454445],[121.67554569482698,24.895693880999033],[121.67494329896313,24.895247502918714],[121.67389054080435,24.89479915602938]]],[[[121.68029806488062,24.911561773814775],[121.67920594557599,24.911923772159252],[121.67856268728457,24.912320002333605],[121.67758850890561,24.91341362836864],[121.67714738049098,24.9147639918867],[121.67730647609555,24.91616551663866],[121.67810159270762,24.91748483225215],[121.67930082823696,24.91837325398434],[121.68078160372174,24.918775520916153],[121.68231846825863,24.918630387198085],[121.68367742951664,24.91795995028024],[121.68465158786832,24.91686628551172],[121.68509264089627,24.915515901754084],[121.68493345853457,24.914114387045224],[121.68437134252825,24.91307868711516],[121.68327337951344,24.912087385746354],[121.68184303952252,24.91155471863733],[121.68029806488062,24.911561773814775]]],[[[121.69866007207939,24.92186899029762],[121.69712163799683,24.92173808249891],[121.69564536761375,24.922153996647154],[121.69463550126987,24.922849624003575],[121.69378363943058,24.924025153956023],[121.69348993067614,24.925408473665865],[121.69379910742796,24.926788988065567],[121.69466411775907,24.92795652260508],[121.69595327841117,24.92873332261543],[121.69747031843562,24.929001119602145],[121.6989842643085,24.928719141083903],[121.70034461426785,24.92787031798836],[121.70119643837363,24.926694751926004],[121.70149006340054,24.92531141907829],[121.70118080553075,24.923930922145402],[121.70031576389711,24.922763425519722],[121.69971314750802,24.92231715385329],[121.69866007207939,24.92186899029762]]],[[[121.74601845395222,24.887458652778488],[121.74486833791302,24.88730889975583],[121.74409642792811,24.887382138572026],[121.74250258278505,24.88796843822235],[121.74141629138212,24.8889701693312],[121.74085639866738,24.89018738263573],[121.74008599646947,24.89084435035797],[121.73949413030034,24.89175626157513],[121.73920100034249,24.893139664025227],[121.73947770576763,24.894577069938244],[121.74021330224893,24.895816070453737],[121.74141275550143,24.896703990079093],[121.74213141826479,24.89697132664741],[121.74328162143841,24.897121098566537],[121.74442996206203,24.896959876323958],[121.74547753787351,24.896501545589135],[121.74656385987963,24.895499785144718],[121.74692596080978,24.89487364341679],[121.74720162668133,24.893847134148423],[121.74796409073056,24.893195548555575],[121.74855590030819,24.89228360520702],[121.74884892375248,24.890900186699565],[121.74853923785827,24.889519791713504],[121.74767400687114,24.888352569094593],[121.74707139587886,24.88790648679018],[121.74601845395222,24.887458652778488]]],[[[121.72689507470044,24.89088438557829],[121.72596560352416,24.8915202030906],[121.72527849183811,24.8923747443062],[121.72489291595869,24.89337442024067],[121.72482095758605,24.894079283212974],[121.72499755455884,24.895126706034187],[121.72529838211544,24.89577927878935],[121.72599546789733,24.896627088359086],[121.72659804870783,24.89707325603129],[121.72765100687474,24.897521226248852],[121.72882771114342,24.897669792323644],[121.73049107849702,24.898501245683946],[121.73195479101479,24.89863551787678],[121.73291114207476,24.899031262316043],[121.73406135525181,24.899181105096012],[121.73483334577679,24.899107916476982],[121.73592518005775,24.89874551636244],[121.73685465159434,24.898109637346646],[121.73754171277672,24.89725504457141],[121.7379771926021,24.896105337337296],[121.73796881643054,24.894696354897217],[121.73736993600367,24.893397546872922],[121.73627173845564,24.892406638578617],[121.73484141371765,24.891874478255225],[121.7334850941251,24.891855639770156],[121.73257886515907,24.89150874678343],[121.73140221616727,24.89136020885649],[121.73062753639093,24.89086615862798],[121.72953155894378,24.890514501073156],[121.72798686208208,24.890522044281507],[121.72689507470044,24.89088438557829]]],[[[121.72120924207952,24.898408827370016],[121.71967108201028,24.89827814582762],[121.71854552658208,24.89854106926812],[121.71755210839663,24.89909067138515],[121.71677637626668,24.899879624238075],[121.71619271209333,24.901184198714116],[121.71623765142897,24.903168715381483],[121.71559828556187,24.90397452412298],[121.71521259752004,24.90497417606199],[121.71516168490623,24.906032894535606],[121.71543856488519,24.90703098124674],[121.71435619310988,24.908029576789048],[121.71386490416144,24.908989932137786],[121.71372154149086,24.910392859489463],[121.71417777915688,24.91173902914963],[121.71525487789133,24.91318689560004],[121.71619185504815,24.913813691037365],[121.7169105669063,24.914081147498923],[121.71844892122417,24.91421185289601],[121.71992501525597,24.91379571632791],[121.72111411153988,24.912896096011472],[121.72183517787765,24.911649959496],[121.72197844964163,24.910247026608207],[121.72142736862652,24.90875840711454],[121.72231400978471,24.90802607497363],[121.72303503693047,24.906779932760923],[121.72319941959522,24.90573085647743],[121.72304164112596,24.904750447877976],[121.72388493864044,24.903379913789024],[121.72403929506658,24.901850836969317],[121.72386269503656,24.90080341398362],[121.72336034030468,24.89984784753762],[121.7225754984152,24.899066427318356],[121.72120924207952,24.898408827370016]]],[[[121.73110441554718,24.938180342431032],[121.73041709014973,24.939034907103686],[121.7301238333646,24.939690374638673],[121.72998062906551,24.941093308539198],[121.73043716403976,24.94243941639102],[121.73142395052002,24.943523760267055],[121.73279076227509,24.944181250117893],[121.73454950992107,24.944351781456355],[121.73602590176942,24.943935480171533],[121.73666913110503,24.943539004127437],[121.73744499941975,24.942749949012416],[121.73793623022246,24.941789521377682],[121.73807934479434,24.940386582008422],[121.73762273559855,24.93904049893423],[121.7366359327828,24.937956195888354],[121.73526917118755,24.937298739658907],[121.73389860835104,24.937108914901515],[121.73238464951447,24.937391248285376],[121.73110441554718,24.938180342431032]]],[[[121.73510432551257,24.956541291918576],[121.73411052581747,24.957091009049776],[121.73356442271496,24.957594271475177],[121.73284322110382,24.95884046052039],[121.73270003149459,24.96024339326104],[121.73315667214221,24.96158948706042],[121.73424363975883,24.962763807757405],[121.73561068103027,24.963421264846335],[121.73714966404506,24.9635517619403],[121.73791046084979,24.963409886707883],[121.7389586170581,24.962951592288917],[121.73981569385906,24.962235659531494],[121.74053684316878,24.960989438441377],[121.74067994436268,24.959586500326534],[121.74022323051864,24.958240430947672],[121.73942569118262,24.957302706877808],[121.73813596583666,24.956526298788233],[121.73661851032152,24.95625892639181],[121.73510432551257,24.956541291918576]]],[[[121.72890630094862,24.963856387069153],[121.72738877248005,24.963588922479126],[121.726129793732,24.963770025724546],[121.72477057646728,24.964440851761736],[121.7237964162607,24.96553477233054],[121.72335562457941,24.966885256266067],[121.72351532428215,24.968286708969856],[121.72425122121409,24.96952576978117],[121.72511677208561,24.970233235069852],[121.72654797155205,24.97076546351114],[121.72820367228583,24.97073791190984],[121.72962852992038,24.970191730610008],[121.73022618698833,24.96973970428803],[121.73091367841695,24.968885140076328],[121.73135439351641,24.96753463583404],[121.73119460644905,24.966133193390007],[121.73045866202176,24.964894167456457],[121.72990660496531,24.964396302896077],[121.72890630094862,24.963856387069153]]],[[[121.7169705260663,25.037368892571806],[121.71581903997101,25.037218948991267],[121.71504617542674,25.037292057335847],[121.71362048324546,25.037838112809336],[121.71276273770843,25.038553902622212],[121.71233444977095,25.039144562039915],[121.71189329067933,25.040495007391737],[121.71207297539374,25.04199645998198],[121.71266480211159,25.04306010389488],[121.71246727099873,25.04460291493868],[121.71292402960842,25.045949053668444],[121.71362190664256,25.04679688717968],[121.71422519077939,25.047243080626117],[121.7152794003226,25.047691101737392],[121.7160423454656,25.047825532299854],[121.71758076007846,25.04768000273762],[121.71910092336705,25.046889225739765],[121.72007574844943,25.045795332472892],[121.72051683467957,25.044444865349636],[121.72035704706646,25.043043425105743],[121.71968123948481,25.04187787239047],[121.71980259917599,25.040556997675775],[121.71949396371562,25.03943042363975],[121.71862791446446,25.038263073171024],[121.71802465968031,25.037816896446248],[121.7169705260663,25.037368892571806]]],[[[121.71340072917275,25.04949892066514],[121.7122491329925,25.0493489520694],[121.71109933335852,25.049509955657367],[121.71005034223577,25.049968067224178],[121.7094522285694,25.050420017924708],[121.70876414698083,25.051274487052265],[121.7083805200073,25.05206990839419],[121.70821584975047,25.053118954972657],[121.70841215968065,25.05421543427145],[121.70697241708217,25.05522379454689],[121.70637954878539,25.056135577244934],[121.70615784202056,25.056814058167312],[121.70610682380935,25.05787275520975],[121.70639539262012,25.05889935483334],[121.70699870442576,25.05980544498329],[121.70769160221268,25.0604037121682],[121.70721388567796,25.061044458299524],[121.70682767275296,25.062044079913594],[121.70677665932332,25.06310277636775],[121.7070652470824,25.064129373581842],[121.70766859037325,25.065035459707964],[121.70822102107621,25.06553339213142],[121.70922207450461,25.066073423468165],[121.70996698455035,25.066275358026786],[121.71151388430057,25.06626795288987],[121.71293991191534,25.06572191223749],[121.71402795445806,25.064720372279528],[121.71461236798639,25.063415817029487],[121.71460419494544,25.062006858936975],[121.71437466791446,25.06133053802271],[121.71381258685318,25.060474637329364],[121.71462055431589,25.05934430712309],[121.71489726860216,25.0583150045643],[121.71483404442186,25.05725685579886],[121.7143441867461,25.056122607208717],[121.71525762215988,25.05537609722773],[121.71577594732912,25.05464542769144],[121.71616206544212,25.05364578392994],[121.71621299638694,25.052587084779816],[121.71592436247197,25.051560504845632],[121.71532102797624,25.05065445051548],[121.71445495538755,25.049946947132177],[121.71340072917275,25.04949892066514]]],[[[121.72042023455849,25.099798259849003],[121.71929285491095,25.1000612229482],[121.71860919540043,25.10039824017081],[121.71752088331887,25.101399815103882],[121.71693633127597,25.102704378495947],[121.716944546157,25.10411332814305],[121.71767429307165,25.105632166617575],[121.71877428880228,25.106623144626063],[121.72020706223293,25.107155389622097],[121.72175447245509,25.107147866381894],[121.723180920967,25.10660172077326],[121.7242692307319,25.105600105001376],[121.72485371713573,25.104295514637716],[121.72484541156608,25.102886567483527],[121.72431746021563,25.10167074007682],[121.72332943177459,25.10058639902791],[121.72196091208177,25.09992887383445],[121.72042023455849,25.099798259849003]]]]},"properties":{"city":"newtaipei","minutes":5,"minutes_label":"5分鐘"}}]}