{"type":"FeatureCollection","features":[{"type":"Feature","geometry":{"type":"MultiPolygon","coordinates":[[[[121.55262996721534,25.013171461920848],[121.55230015152583,25.01392629956903],[121.55262362381994,25.014363560161684],[121.55307583232785,25.01449138218171],[121.55408983510846,25.013965950203033],[121.55466018006415,25.01311294841629],[121.55442595271725,25.01260357772763],[121.5538650632435,25.01239431778168],[121.55262996721534,25.013171461920848]]],[[[121.5057819517843,25.06343353439061],[121.50518785047173,25.062961756261675],[121.50415430530677,25.063144073805717],[121.5031024071539,25.06372091302472],[121.50294361637616,25.064498018850603],[121.50353713623727,25.064929537521568],[121.50533750195332,25.064797524186233],[121.50580568813169,25.064282893371118],[121.5057819517843,25.06343353439061]]],[[[121.49099370206649,25.13880657245216],[121.49149938629498,25.139111725347245],[121.49232426763406,25.138969672896714],[121.49309373307868,25.13917717849955],[121.49415312341637,25.138605345603978],[121.49503610952122,25.138824676812035],[121.49620607914511,25.138463328133536],[121.49665683404706,25.138522649924234],[121.49726636099176,25.139233492549174],[121.49737651891475,25.139838546868635],[121.4966574661557,25.141341548889766],[121.49689887127683,25.14287685936315],[121.49727696274708,25.143157185512514],[121.49874488141518,25.14327983127508],[121.49982803833434,25.143702975810623],[121.50179827949461,25.143284982639937],[121.50287195175534,25.1435857857368],[121.50479577430596,25.142658666006962],[121.50565027244693,25.14285947524647],[121.50683611179815,25.142689910975896],[121.50815464922917,25.142068325180087],[121.5086109515055,25.141392778150223],[121.50946383926318,25.14074011819682],[121.51093959901561,25.140643249447862],[121.51172236554653,25.139585714339617],[121.51305080902866,25.13869151458632],[121.51308631276316,25.13594533359135],[121.51109672115392,25.135113579903873],[121.51079377249822,25.13457598086966],[121.51100155590552,25.133681708737672],[121.51045185287646,25.132849878786022],[121.50974672209523,25.132663721198355],[121.50902542822331,25.133113798815778],[121.50857001067818,25.133115362487143],[121.50717719902164,25.13150733529363],[121.50729897407095,25.131057604037213],[121.50828284792898,25.130244437485906],[121.50856920475857,25.129316321107552],[121.50976329479208,25.12886550903568],[121.51007118939015,25.128521325203344],[121.51026646472795,25.12786050894072],[121.51018109207867,25.126616552065094],[121.50955663832346,25.12587986519836],[121.50957474297482,25.125323060650164],[121.5100005586469,25.125049349399085],[121.51139694678528,25.125099111149215],[121.5127218650123,25.125906698924805],[121.51344820389386,25.12593679890835],[121.5140959819436,25.125136942676342],[121.51406887328956,25.123701958208255],[121.51508668434109,25.123076584945764],[121.51591852537106,25.121918958702548],[121.51681121111245,25.121749292213867],[121.51778301005356,25.121184425261536],[121.51853951325255,25.121360621050744],[121.51916360956393,25.121940111629115],[121.51975654405668,25.121942497396358],[121.5201975177331,25.12154596724062],[121.52036855063054,25.120530673079642],[121.52172682901255,25.120131208336925],[121.5229844453483,25.11776909695387],[121.52278283748275,25.11639896132934],[121.52479000615399,25.11424978969442],[121.52625021477658,25.113323991546032],[121.52670011520183,25.11234187813458],[121.52594901312837,25.109411015669533],[121.52610502790623,25.108710059759723],[121.52578091417722,25.106597577958418],[121.52626143858447,25.106333474859618],[121.52697043007038,25.10656365380817],[121.52753800073911,25.10645875910833],[121.52799791349047,25.105542823113304],[121.52835890244337,25.105310916926985],[121.5295413431872,25.105156224343702],[121.53110504741407,25.105357273830048],[121.53171896830992,25.105132323275917],[121.53199303416429,25.104319741542078],[121.53118963243894,25.102960799753653],[121.53096812881907,25.10182327028879],[121.5313846887344,25.100613198975456],[121.53109874296923,25.099299152293625],[121.53154792596092,25.09900759620897],[121.53243095359083,25.099223074152636],[121.53384400478613,25.09876086555711],[121.53470407212441,25.098854283964158],[121.53544363515974,25.098127834057706],[121.53531286423832,25.09746537475624],[121.53469059681673,25.096884946460463],[121.53458715825302,25.095899478027174],[121.53367943364874,25.095290677452436],[121.53372256091464,25.094350031533985],[121.53342273919375,25.093084591221533],[121.53248068352656,25.091857787108687],[121.53245562266521,25.090403163081255],[121.5338896216884,25.08987648612154],[121.53439971481976,25.089142584109958],[121.5334387989288,25.087839377172198],[121.53336031294724,25.086661083796095],[121.53245135327374,25.08595679020728],[121.53218022755595,25.085452665730088],[121.53241941512826,25.08467346135921],[121.53320095142224,25.08400640700434],[121.53324681142668,25.083564497241827],[121.53236110581774,25.082692902920957],[121.53224806045978,25.08146415142163],[121.5311410820903,25.081027376798936],[121.53064121107941,25.080377602216334],[121.5305894877627,25.07919711138518],[121.53006475985931,25.078366949236496],[121.52947926887035,25.078148523199637],[121.52853942907939,25.0784520361185],[121.52805546181597,25.078157730435823],[121.52812776389865,25.07646396404087],[121.52783670100403,25.07588612431989],[121.52757484726254,25.073704767153544],[121.52716009576562,25.072908926751097],[121.5278306378679,25.072253739136574],[121.52993203202456,25.07248897733884],[121.53121579308812,25.07199706243928],[121.5316835494257,25.071059595682254],[121.53262396932993,25.070428211693425],[121.53271935760962,25.06930065689984],[121.53358326739749,25.068898757654743],[121.53403921765026,25.068250500978465],[121.53516336950166,25.06793145181218],[121.53555802194865,25.067034302453486],[121.53618179586705,25.066581295057055],[121.53739764391914,25.06636174234942],[121.53871589933546,25.066846176215556],[121.53894588359448,25.067215856528456],[121.53891097883414,25.068297094788463],[121.53954234291717,25.068778375369064],[121.54092946917935,25.068940678361482],[121.54206586869527,25.068822578275164],[121.54413187023762,25.067657391566616],[121.54585319365897,25.067052813606097],[121.54660008523791,25.06735248199179],[121.54785516831625,25.067421187682772],[121.54839597783096,25.068615502600796],[121.54924637136102,25.068773243473526],[121.54968706108599,25.068376627572768],[121.54972570786008,25.067633478280225],[121.55003416896295,25.067169538738476],[121.55048414091667,25.067107038737557],[121.55133782994226,25.067472577249006],[121.55199510750259,25.067149439283646],[121.55220692256815,25.06476711113691],[121.552458250689,25.06442146101287],[121.55420543100409,25.064339363579993],[121.55552469818221,25.06357231469406],[121.55597640602903,25.063874844170602],[121.55614162528072,25.064808764672588],[121.55679306155085,25.065116376810565],[121.55734154715078,25.06491186826193],[121.55794513834597,25.06422446902051],[121.55970481581683,25.064249593033168],[121.56030231356968,25.063656579618986],[121.56107940894243,25.063431765069762],[121.56138215419791,25.063099970108173],[121.5614837334392,25.06245039146533],[121.56105986394724,25.061821165876307],[121.56098261450391,25.06112179370068],[121.5611950203018,25.06064917137854],[121.56162672855362,25.060519645943714],[121.56204795135123,25.060676707165044],[121.56232869059487,25.06175031230346],[121.56278862374631,25.06210483749054],[121.56373921715054,25.062126157317522],[121.56440818315485,25.061266201114986],[121.56531623719727,25.06113628085781],[121.56657677084343,25.06002892605772],[121.5677740030927,25.059745990689894],[121.56799117578647,25.059362588882188],[121.56801873684383,25.05816462028427],[121.56850107832668,25.057896032415176],[121.56932643398211,25.057964317912255],[121.5697347655898,25.05777222235625],[121.57143191541306,25.055502230513508],[121.57203709965185,25.055581623810497],[121.57239792573813,25.0562660343596],[121.57289474893616,25.05656030696441],[121.57450524082036,25.056797112811708],[121.57586575858329,25.056532073515122],[121.57679882404112,25.05599094921417],[121.57885401408949,25.05698156810558],[121.57951738170256,25.056775740233],[121.5802929680329,25.05684153165352],[121.58150154036377,25.056240691414253],[121.58225898438923,25.056265503835185],[121.5829569859862,25.055895750843646],[121.5836592984872,25.055826556780996],[121.58525280676481,25.05457102507454],[121.58671533294653,25.054545933678618],[121.58712905496257,25.054159443251233],[121.58712642397657,25.053607174393985],[121.58636291497335,25.053031835840546],[121.58544294536799,25.051838998633258],[121.58575734458125,25.05104080223947],[121.5862506140454,25.05079811709726],[121.5876931478346,25.05105916679818],[121.58792881618415,25.05141383521171],[121.58798089972831,25.05237870125994],[121.58930388551623,25.05291173111188],[121.58922757892925,25.05453463946333],[121.59010915286335,25.055212372139728],[121.59025088732825,25.056283911183407],[121.59128317930583,25.05701074155834],[121.59339687934633,25.056616053833483],[121.59419784568493,25.056159710154667],[121.59508177663538,25.056689061244082],[121.59553966093826,25.05672828826813],[121.59710272570557,25.055573595538977],[121.59884998388586,25.055565061299507],[121.59949340000371,25.055811459798544],[121.60134320583089,25.057323237881715],[121.60165770044382,25.058157653651328],[121.6025906402309,25.059126512001292],[121.6056122757348,25.059592643431845],[121.6080778763634,25.060439397988567],[121.60815742145874,25.061424377745656],[121.6087200171356,25.06225041887939],[121.60819083266207,25.063075613086998],[121.60823368496553,25.06408882056612],[121.60714241646708,25.064525636585714],[121.60681129303413,25.064973339565853],[121.60685495690292,25.065402926232103],[121.60736255262944,25.066033914855854],[121.60729671422617,25.067098339984803],[121.60677938716768,25.0678425638608],[121.60521342590869,25.067726472837816],[121.60409674009732,25.06833121174164],[121.6038510009846,25.068756291041414],[121.60384897888004,25.069437733857868],[121.60428861532901,25.070362827805425],[121.60371546582651,25.07113204312127],[121.60366626531447,25.071561133115697],[121.60466659255863,25.073273756960663],[121.60533264721293,25.073430869774775],[121.6060526847733,25.073273948703385],[121.60675729874777,25.07357927507298],[121.60749773993243,25.073611077398127],[121.60943288542207,25.07536622606071],[121.61003987030853,25.075479369057813],[121.61172963658129,25.0745819066111],[121.61260030374528,25.074641469569343],[121.6130086199296,25.07444925565025],[121.6133714510119,25.073139421654364],[121.61382511391523,25.072600873260132],[121.61438617698477,25.07259893317448],[121.61491532012383,25.0731385421633],[121.61535327320918,25.07326557856784],[121.61687872069442,25.072806382593665],[121.61841106377261,25.07178359313605],[121.61929314658178,25.070401389114675],[121.62110273849439,25.069767027309847],[121.62122735086514,25.06927395688431],[121.62098787397987,25.068492558855777],[121.61871954581638,25.067005184985614],[121.61866928022617,25.06566089337887],[121.61773843274763,25.06331185709777],[121.62071797904191,25.060897520244108],[121.62181617904322,25.060463203565515],[121.62301265413228,25.057896540547077],[121.62488679200676,25.055365716932734],[121.62499710478542,25.054848058272853],[121.6246557477294,25.054377187054833],[121.6240464850735,25.05427522370218],[121.62322169132649,25.05481242509025],[121.62268520069549,25.055576333957987],[121.621987152554,25.055592267540344],[121.62174085854934,25.055251466000303],[121.62175420366896,25.054060175285535],[121.62151451282676,25.053584862839074],[121.6199690801901,25.052623505500595],[121.6202237108037,25.050508994688965],[121.62007948182126,25.05009806359858],[121.61942797394944,25.049790729904892],[121.6180095737465,25.05038532090688],[121.61739800644013,25.05015753403889],[121.61738329208214,25.0482297259873],[121.61778395927871,25.04716956424467],[121.61848103759087,25.046232324648635],[121.61802517075395,25.04533334976754],[121.61755826260215,25.04520643969469],[121.61664089124675,25.04541765904555],[121.61582736126512,25.04473930932961],[121.61519483910935,25.044741929888453],[121.6135914439851,25.04619513613795],[121.61274307219615,25.046528383279792],[121.61237807911529,25.047251991566863],[121.61144294840797,25.048158473336198],[121.60986470642204,25.048649830614632],[121.60937584484971,25.049456774618235],[121.60751285629698,25.049501122251723],[121.60618519307027,25.049868491872417],[121.60561678407872,25.05014955629151],[121.60526087868925,25.050902853271356],[121.60480200656596,25.05110269138689],[121.60225277645998,25.05032246596357],[121.60011116878397,25.050056837951683],[121.59806171914633,25.04889273864944],[121.59778786495701,25.047868822812028],[121.59731215886964,25.04733236490264],[121.59645683857016,25.047067318337632],[121.59557025936928,25.0472833948726],[121.59513418125132,25.04716479500797],[121.59472257312439,25.046325969898426],[121.59507878045366,25.045209329397974],[121.594828248827,25.043927637525275],[121.5930130059611,25.042902342716907],[121.59240678495465,25.04290476113279],[121.59197999676314,25.043296982997283],[121.59183572568492,25.045239787145185],[121.59141031991442,25.046119844041716],[121.59098116165745,25.046229426309],[121.5901516413137,25.045807776663388],[121.58859028582822,25.045771098543],[121.58760212401408,25.045348220446073],[121.5873429349607,25.044937829428296],[121.58770407777001,25.04271969164281],[121.58817361222965,25.042008699083773],[121.58803996184747,25.041418609316466],[121.58634902690977,25.040424004537606],[121.58567172215774,25.03977159752151],[121.58427048897795,25.03733140195754],[121.5836898086636,25.037223995270338],[121.58269087549948,25.03752015608971],[121.58209264271272,25.036769275691977],[121.58158578586351,25.036543096034066],[121.5804953426356,25.036971288900208],[121.57970858675391,25.036771229164295],[121.57937963556638,25.036158787746768],[121.57927165838127,25.035137447813995],[121.57879030139938,25.0346966546275],[121.57790362956655,25.034429861063614],[121.57727788913711,25.033208513217257],[121.57733545989043,25.032761953128503],[121.57791300383525,25.032188192256285],[121.57794101905391,25.03161960863931],[121.57760210071733,25.031161720887294],[121.57678441999566,25.031012189371715],[121.57646129204352,25.0307202862908],[121.57638789838614,25.028820514576505],[121.57595392443092,25.027604177536556],[121.57381705759778,25.02638406019711],[121.57336051406644,25.02554995179549],[121.57277722566934,25.02529260238856],[121.57185922129246,25.02540200355852],[121.57089192941959,25.024990492752995],[121.56942430616758,25.024943678613482],[121.5686258807602,25.0256952807958],[121.56779648887189,25.025971851011438],[121.56731367691586,25.0263999524011],[121.56625486017299,25.026424297435355],[121.5658757167253,25.026274240939426],[121.56541405808484,25.025660103792326],[121.56410988896522,25.02496976476831],[121.56197084985286,25.025603820349815],[121.56052656759559,25.024939922693964],[121.56044264764148,25.02441323195194],[121.56102066853425,25.023606744076325],[121.56089968069202,25.022125399267686],[121.56138647415112,25.020656147803425],[121.56108582916748,25.019403398426547],[121.56156318940327,25.018836875405402],[121.56175959148315,25.01785629554207],[121.56289449442319,25.017202304928897],[121.56317256765064,25.016090129184892],[121.5642265906407,25.015853504015897],[121.56458819066351,25.015574997468345],[121.56481942344884,25.014739576248726],[121.56438032214201,25.01406920664467],[121.56254238392243,25.0134623655391],[121.56207092362075,25.01350199177903],[121.56105552108927,25.01463218942809],[121.56076803534467,25.015518527164595],[121.55950752196534,25.015891421496033],[121.55878392482227,25.015390028578537],[121.5582080431565,25.014054563801007],[121.55734434786012,25.01390138165975],[121.55646914897586,25.01432856125611],[121.55604004637418,25.01507657777786],[121.55534215743477,25.01557007131409],[121.55522415853767,25.01609907787789],[121.55559470494924,25.016725174672477],[121.55556700822333,25.01729019860614],[121.55529747131587,25.017624205641646],[121.55474105689724,25.017737353350558],[121.55383436021391,25.01719751683885],[121.5521974356588,25.01690430776243],[121.55100913409159,25.01607481034449],[121.55020536588866,25.01617905620472],[121.54874163608201,25.015969955577518],[121.5477056814957,25.01648541971702],[121.54658113338792,25.016589767736882],[121.54555719171204,25.015750619342885],[121.54451087375763,25.015935745720277],[121.54399419827412,25.015799004184498],[121.54343602705428,25.01471497509691],[121.54237174149732,25.01446704212321],[121.54206423369807,25.014173203310925],[121.54219234512559,25.012860490540586],[121.54273135321361,25.01208752776065],[121.54232595068927,25.01107287026005],[121.54272132785111,25.00989739374208],[121.54237009877859,25.009432655021858],[121.54128672223696,25.00915990883372],[121.54067620660054,25.008472355736828],[121.54054657860019,25.007683525358214],[121.54157558311599,25.006552610899146],[121.54398013695253,25.007183184036386],[121.54456162660338,25.00708012222109],[121.5462162867986,25.005963828730206],[121.5464732224897,25.00503193816321],[121.54704005762068,25.004437912660684],[121.54758421585937,25.004560000003334],[121.54905744969237,25.00614106478792],[121.55121822559092,25.006436764392465],[121.5516510799087,25.006748861878012],[121.55158705554572,25.008416160647574],[121.55109028803315,25.009056974894147],[121.55098859631246,25.00961329982478],[121.55135504749079,25.01023197106399],[121.55208043728166,25.010296772630223],[121.55293140068353,25.00983784307241],[121.55389755029945,25.00991634155639],[121.55454662420597,25.009204760350794],[121.5549814492633,25.00908278968503],[121.55612665161138,25.00966971773754],[121.55679510525066,25.010528774198843],[121.5572659776649,25.01057373826058],[121.55815808056906,25.01025106940686],[121.55928766809956,25.010922081765127],[121.56017341086458,25.010542065519456],[121.56246124266859,25.00842681506023],[121.5637587005204,25.008281758226445],[121.56425454799634,25.00796490009968],[121.56439313257953,25.00691903469842],[121.5625762128024,25.004912695835575],[121.56305547315954,25.00410580152846],[121.56307939639903,25.003252064408418],[121.56369844863723,25.00251188789902],[121.56463336207871,25.002080899658868],[121.56562136230778,25.00226371972052],[121.5671033619147,25.003068286764886],[121.56757874570124,25.0039791725944],[121.56860476380356,25.00441736884171],[121.56893854533268,25.00536147760769],[121.56990116990532,25.00552812335408],[121.57070171211204,25.00504531871867],[121.57184289000584,25.004941481878696],[121.57247984341606,25.00404304498565],[121.57291072929928,25.00378967964226],[121.57428455474803,25.004502280511005],[121.57510030390026,25.004170169840055],[121.5758538541695,25.00414209705625],[121.57646030007298,25.00380125789055],[121.57729537224768,25.003930280183678],[121.57792107620926,25.00378412334731],[121.57860457045359,25.003037599157278],[121.57848309128927,25.001572165670066],[121.57907505902038,25.00089479236093],[121.5791975890656,25.000216161665985],[121.57954801408313,24.999951785170186],[121.58022075204669,24.99995209675527],[121.58150998231531,25.000196862377614],[121.58215562766327,25.00056035387617],[121.5825372113416,25.001213348708056],[121.58330381446542,25.001721764550574],[121.58304404152247,25.002709069608105],[121.58317872711011,25.003122670709505],[121.58393194872744,25.003527552023456],[121.5845373833418,25.003515045474735],[121.58517531587498,25.002569796985554],[121.58661508947948,25.001899498454083],[121.58711300689278,25.000880026635926],[121.58806495861839,25.00039678681218],[121.5881964913291,24.999995371364],[121.58800637669393,24.999185128860418],[121.58873273409392,24.997930202028176],[121.5886119288854,24.997389008722628],[121.58809220955031,24.997082287773846],[121.58763621402537,24.997132761420342],[121.58638729421412,24.997888078610995],[121.58574103414549,24.997592092195518],[121.5854070246921,24.99680811114798],[121.58552564552724,24.99639974608442],[121.58678569155543,24.996119198023226],[121.58739951714986,24.995458009350255],[121.58728624839088,24.994928149432152],[121.5865643294917,24.994188294720036],[121.58585556186272,24.994081227320628],[121.58492441141938,24.99427568291573],[121.5839862409514,24.993451157808238],[121.58227733381315,24.99346688637049],[121.58141642188495,24.992733776188025],[121.5805695456032,24.99271801185665],[121.58010418146112,24.993132015210474],[121.57961106678728,24.99454958774981],[121.5795877478699,24.996300584127482],[121.5792373331257,24.996564960657924],[121.57846348435397,24.99662375331244],[121.57769887823066,24.99564642000728],[121.57661166372976,24.99524898535284],[121.57562712539892,24.995262419631228],[121.5748674306498,24.994434233664162],[121.57482210935392,24.993661670329622],[121.57567562552971,24.993130070131333],[121.5760293872295,24.992521569363348],[121.57547887821072,24.99136167995582],[121.57472436291022,24.991019026589395],[121.5739995877039,24.990138476812838],[121.57266289960393,24.990201029051338],[121.57214828257968,24.98926329244301],[121.57157766328392,24.989044317717866],[121.57101880657139,24.98925781359554],[121.57037946021981,24.99017476801461],[121.57021422060615,24.99147300028819],[121.56956074309848,24.99281751496382],[121.56985274526355,24.993987392173334],[121.56944746166835,24.994417528305682],[121.56809735943588,24.99434054989416],[121.5666824184093,24.993022994269324],[121.56608857670115,24.99313300025307],[121.56531119630883,24.994047675224472],[121.56488282685645,24.994188741092852],[121.56350035252878,24.993443297127023],[121.56136829525202,24.99276451909217],[121.56029672143237,24.991726871803813],[121.56040206119984,24.990511989624736],[121.56017354394761,24.989881056141876],[121.55940663427458,24.989436316236084],[121.55846176407996,24.989720418060816],[121.55685449913422,24.990726300047136],[121.55670626047115,24.99124906427752],[121.55692474557807,24.992207534760542],[121.5561769781406,24.992783371746498],[121.55510843627395,24.99460030712217],[121.55348030774068,24.99486859180729],[121.5524925970565,24.994054591885483],[121.55205217654719,24.993934615769774],[121.55117373236305,24.994004365770284],[121.5504020263784,24.994615181108067],[121.54995622437269,24.994697711998327],[121.54933916025334,24.994402337972442],[121.5491429991845,24.9940282776427],[121.54989584861521,24.993132837155976],[121.54989955368224,24.99256855991199],[121.54807123012469,24.99127460173209],[121.5475201261478,24.989620387977567],[121.54650122315122,24.98905988384195],[121.54598175570077,24.98763348470059],[121.546163013217,24.986901596503508],[121.54593867834215,24.98640199055311],[121.54550824436572,24.986194321800195],[121.5449412417211,24.986299277363887],[121.54430161855296,24.98714765037061],[121.54361795196807,24.98762724561242],[121.54195561883665,24.987418250813487],[121.54114284568736,24.986531929709376],[121.54143558404176,24.98553813783329],[121.54131292277745,24.985010015185992],[121.5407288601704,24.984679684461106],[121.54013861540744,24.984686840852557],[121.53971185535066,24.98507891513351],[121.53894360102193,24.987141446899926],[121.53680639333417,24.988020944833643],[121.53573597667688,24.988941806139962],[121.53536204590858,24.989783256104413],[121.5353812701628,24.991145410143073],[121.53611692040411,24.991923716984633],[121.53652009189898,24.99352721855555],[121.53592519283069,24.99444194066855],[121.5343537322638,24.995821116643622],[121.5345228337837,24.997714844487934],[121.53394160990109,24.998672243940458],[121.53435904014665,24.999624679950884],[121.53450861190939,25.000823656106284],[121.53434301131152,25.00391481518635],[121.53270110579285,25.006682883664727],[121.53256060551206,25.007315653656732],[121.53166587141361,25.008233663854295],[121.53125684744613,25.00913843845613],[121.53027810552132,25.00966840635827],[121.52899178302056,25.009667529202822],[121.5280290296945,25.010152480561256],[121.52638989083354,25.009043469346896],[121.52579749999438,25.00904110123418],[121.52542958515592,25.009312635994167],[121.52543299653705,25.01011441928943],[121.52656796753777,25.011022239464598],[121.5265088510992,25.01196712772968],[121.5267903577787,25.012708758423756],[121.5259457080246,25.014004330142992],[121.52468295964623,25.014461633364423],[121.52378265717648,25.016258232460803],[121.52363982727397,25.017286190726523],[121.5213994976845,25.01834236715964],[121.51933730559703,25.019852102778607],[121.51849740515469,25.020090558536012],[121.51772974147381,25.021101970943917],[121.51594091538857,25.021773471106822],[121.51549608944809,25.02297190646661],[121.51393244491469,25.023963993552808],[121.51394933223084,25.0252808064396],[121.5127789128125,25.02601686297863],[121.51181721457651,25.026230638977584],[121.51121421890612,25.026854752642837],[121.50969639616284,25.02704348347795],[121.50909138742358,25.02679014989478],[121.50823836445343,25.026842014816246],[121.50720166068552,25.026408812854463],[121.50660679305939,25.026726871086073],[121.50610446297236,25.027449819911435],[121.50381627164283,25.027998658548984],[121.5031629611288,25.028393548895327],[121.50243653970986,25.02828301254321],[121.5012731337809,25.02862318972016],[121.50038647361698,25.028505213120482],[121.49797265409794,25.02878109936771],[121.49590287792297,25.0280709111643],[121.49420220196214,25.028868197960257],[121.49297503939374,25.028625398148584],[121.49186368356948,25.029121287976754],[121.49139280139605,25.03035672057908],[121.4917741158317,25.033519697635594],[121.49160635638503,25.034323946367522],[121.49292109693143,25.036023530824977],[121.49301433946478,25.03730415392683],[121.4934061420031,25.038100680276724],[121.4945480416416,25.038790012716856],[121.49513616628406,25.039909044134156],[121.49674401615141,25.04016508287923],[121.49743648289093,25.04149171445469],[121.49826198536186,25.04180673349795],[121.49950178471725,25.043042022081],[121.50018939013756,25.043432495833986],[121.5000906020993,25.044680991345302],[121.50056840295997,25.045641772636333],[121.50236088227915,25.04686907870819],[121.50333840503076,25.048575458037146],[121.50342486892386,25.049293727407264],[121.5025568367136,25.050025838866336],[121.50248639652345,25.05070311585747],[121.50294276557408,25.051249366250293],[121.50404474977252,25.051342453013362],[121.50487692065961,25.052071070640054],[121.50560495251582,25.05424286078427],[121.50657228419753,25.05466424389459],[121.50729825267648,25.05575796715762],[121.50804313017855,25.056281973578862],[121.5101476599215,25.05627028413862],[121.51064014204401,25.056600374414845],[121.5104200378787,25.057382715921246],[121.50932096666932,25.05747669411378],[121.50863393743083,25.058169880416912],[121.50768906549237,25.058357663375023],[121.50736576150157,25.05881008259515],[121.50758809340346,25.062236748562324],[121.50693049963951,25.063391736761698],[121.50775309274698,25.064637072383267],[121.5081796463069,25.069161575581855],[121.50855652957306,25.069665181905464],[121.50931816997607,25.06983969005675],[121.51047772688521,25.07062650483836],[121.510806160301,25.071975213511852],[121.51173423504946,25.072932815968425],[121.51173205138001,25.07389201810043],[121.51277013389083,25.074706050225714],[121.51348819762474,25.07589627380836],[121.51492993521472,25.077134000021882],[121.51625803777793,25.077578851740085],[121.51677843896147,25.07869130529131],[121.51855153831447,25.078899058595464],[121.51892081091422,25.07915875141543],[121.51906081120303,25.08017855555621],[121.51820482048227,25.080805413521453],[121.51748419805723,25.082281886551815],[121.51779944088373,25.083252392519675],[121.51862122407736,25.084463460319757],[121.51858977067391,25.08524889099785],[121.51901432613417,25.086240798632222],[121.51986243139149,25.087448363723894],[121.51912386133029,25.088502447934864],[121.51941866800787,25.089485919585442],[121.51887033108753,25.090302782221084],[121.5189398808623,25.09121694667441],[121.51814561502971,25.091728775903366],[121.51724893469847,25.093002638611747],[121.51745376584147,25.093834336700468],[121.51710482512128,25.094535438037052],[121.51708891344569,25.095621285601634],[121.5172680155358,25.096238086371905],[121.51788817797707,25.096769511187894],[121.51788992351257,25.09718409026086],[121.51757265580214,25.097533282864863],[121.51664136596726,25.097805284474834],[121.51614541549804,25.098723736870372],[121.51503052948932,25.099403101815597],[121.51505200958583,25.1005553322751],[121.51386271252484,25.10158170225734],[121.51380188568582,25.10295329857683],[121.51348805600395,25.103738234329864],[121.51191965774507,25.104041695728487],[121.51149857197652,25.104421692172814],[121.51156844950835,25.105110461687744],[121.51256035881659,25.10569410343303],[121.51270464129186,25.10617921501567],[121.51240090240245,25.10654142331614],[121.51151605318763,25.106636395195057],[121.51109495741606,25.107016390521018],[121.51093826695069,25.109412016465992],[121.51019226863275,25.110190785107132],[121.51008536029158,25.11109574956504],[121.50845683546487,25.11189305545903],[121.50784203919346,25.112997602511566],[121.50717857646725,25.113501649073246],[121.50651651760974,25.11368753474437],[121.50587680858385,25.114317328549074],[121.50450325007607,25.114277110295767],[121.50350292524372,25.113545331301626],[121.50182068437549,25.113599252530648],[121.50133462185603,25.11440144618978],[121.50164182791339,25.115149498446943],[121.50159272209498,25.116537141238382],[121.50011250033006,25.116966858645906],[121.49943124498287,25.11794743251361],[121.49929439106997,25.118833292125736],[121.4981679627581,25.119589601448425],[121.49706765588196,25.121146644883314],[121.49602396535356,25.12136127264324],[121.49521990379321,25.121958514033103],[121.49515869508785,25.123972766684552],[121.49465529375868,25.12483734724344],[121.49501342145963,25.126341360240342],[121.4946532459959,25.126686600180008],[121.49367793078028,25.12685659722201],[121.49332807669205,25.12745774040302],[121.49350368934255,25.128140632552086],[121.49391477667487,25.128512141315],[121.49440018693504,25.128554030831335],[121.49523462346659,25.128204662014358],[121.4957445585002,25.128512386988067],[121.49568367892861,25.129268971490493],[121.49504962042914,25.1303299261459],[121.49518733952449,25.131462266154468],[121.49486819259351,25.131932948089908],[121.49443287294126,25.132054748582107],[121.49357136269778,25.13133046405107],[121.49297592034355,25.13122470171162],[121.49222721976834,25.131758648840247],[121.49126878252515,25.131822845924024],[121.49083385248338,25.132207293673343],[121.49078782492653,25.13264919010587],[121.49111140150676,25.133086576293525],[121.4931831157875,25.133686301169146],[121.4935116255521,25.134169315923273],[121.49291920824413,25.134947408484734],[121.49202048429629,25.135092256952884],[121.49159923129527,25.1354721978753],[121.49157861644478,25.13607685403356],[121.4919771851475,25.136999018039198],[121.4917704763584,25.137471448989913],[121.49088221750729,25.13805209466123],[121.49099370206649,25.13880657245216]],[[121.5909961172291,25.04672026032918],[121.59150297400429,25.046408813062968],[121.59210907403516,25.04670974074293],[121.59218588046642,25.047167618000376],[121.59171769552803,25.047803205301257],[121.59126781745043,25.04786582877377],[121.59087093063714,25.047597158891318],[121.5909961172291,25.04672026032918]],[[121.56816612398549,24.998014517184366],[121.56778681847194,24.99778563232049],[121.56771013697089,24.997327737259017],[121.56802684772265,24.99694464322949],[121.56852928450904,24.996874758319787],[121.56894555136192,24.99719800498255],[121.56900284676408,24.99764952154554],[121.56871443917801,24.997959892550693],[121.56816612398549,24.998014517184366]],[[121.54813407307273,25.019178691431968],[121.5480274399583,25.018764455978474],[121.5483256609666,25.018374782927907],[121.54877154930968,25.018292255709525],[121.54915088437129,25.018521187964346],[121.54923513376477,25.018988518304795],[121.54898388646565,25.01933416365452],[121.54853799452819,25.019416691559925],[121.54813407307273,25.019178691431968]],[[121.52873374073948,25.065069887033548],[121.52905433138075,25.064775588163208],[121.5295412814904,25.064757738820227],[121.52995290637199,25.065081899084266],[121.5299873635575,25.065535673313743],[121.52962998569718,25.065853381639677],[121.52903896476138,25.06585823207552],[121.52869555691045,25.065530735071906],[121.52873374073948,25.065069887033548]],[[121.5112705661766,25.05455779717132],[121.51167405151998,25.054344587317157],[121.5121222927869,25.054462178481945],[121.5123761827531,25.05481718989808],[121.51227394004624,25.05523176322669],[121.51181275642296,25.05551148456578],[121.51131903187526,25.055400636649978],[121.51109988519411,25.0549826627684],[121.5112705661766,25.05455779717132]]],[[[121.53818523885894,25.079629494584307],[121.53866361378871,25.08016675146827],[121.54029864170114,25.080507254712177],[121.54014271548455,25.082474003134944],[121.54076773410159,25.083038675440342],[121.54145874295617,25.083015344196646],[121.54187966253834,25.08263526433577],[121.54202559731907,25.080718519659897],[121.54245224203198,25.080547841426068],[121.54328491547585,25.080739689007032],[121.54356765223328,25.082316441335152],[121.54342146431438,25.0834716379345],[121.54246065510587,25.084363842339798],[121.54262606632749,25.08513980016963],[121.54351302400458,25.085520256450316],[121.54478734808583,25.08719288544871],[121.54623134027818,25.087384835349503],[121.5464563211598,25.088437576256347],[121.5467670617758,25.08877955653187],[121.5474982904883,25.088836730421864],[121.54849773028661,25.08791778238796],[121.54900054928018,25.08784795778543],[121.54983730244415,25.088215032585524],[121.54986068629579,25.089086154374684],[121.550090012263,25.089463666645877],[121.55226563873175,25.090287374918123],[121.55353509960516,25.08963485872238],[121.55432687937851,25.089812270316173],[121.55531293709811,25.089523625909354],[121.5563990629467,25.090121674428307],[121.5577928354414,25.08935307444452],[121.55913842897762,25.08931263673717],[121.55991310957248,25.089717626588133],[121.5606172630716,25.08967650201924],[121.56127046985213,25.08915585246097],[121.56216265423251,25.08900509951994],[121.56275488367045,25.088284145224943],[121.56428932038395,25.08796589996964],[121.56477035549592,25.085767573762766],[121.56521989256603,25.085408783236094],[121.566010174265,25.08558261808156],[121.56628409852044,25.086792864810192],[121.56695192437817,25.087122373411173],[121.56822426517648,25.08711331572101],[121.56932430242243,25.086848183598626],[121.57009795905425,25.085946863393772],[121.57084244888348,25.08568154469245],[121.57260778650891,25.086538439696106],[121.57398027704426,25.086412136084505],[121.5756077845531,25.08531511030788],[121.57744471264392,25.084636807373574],[121.577924325295,25.084790986060508],[121.5784133313208,25.085442444515778],[121.57913087444145,25.08550397952969],[121.57998645913366,25.08434592464907],[121.58112021739151,25.084353901854584],[121.58161437620261,25.084055779034355],[121.58179172714394,25.08327579584649],[121.58164963307486,25.082604073553345],[121.58201889335358,25.081701514012767],[121.58302694421738,25.080638134280253],[121.58351976298387,25.080523650189846],[121.58473494781019,25.081511720748317],[121.58499648276772,25.08251064735321],[121.5860132420103,25.083513457199906],[121.58646573825189,25.083641171264734],[121.58744811640612,25.0834571613263],[121.58785523293004,25.083661819916433],[121.58797620761344,25.084070733581903],[121.58751001309953,25.085193507292523],[121.58756336964888,25.085622185955348],[121.58841836622008,25.08625293647267],[121.58848242362166,25.08725168296755],[121.58906691869014,25.087992307374794],[121.5901278931117,25.08853440884798],[121.59032519599874,25.089743405592838],[121.59151626789327,25.090554919144395],[121.59227998773744,25.090667912471062],[121.59426020445659,25.089564956716547],[121.59542040686178,25.089767784496868],[121.59641495202119,25.089256030248894],[121.59682735139566,25.08943162861033],[121.59762663253082,25.090505752908555],[121.5983759370278,25.09057656938923],[121.59916256259551,25.091070728473227],[121.60084615779485,25.091217380282753],[121.60147686152911,25.090658788926834],[121.60129703690843,25.08955111751329],[121.60197628366207,25.089195060043394],[121.60286070252138,25.089622503107602],[121.60334766279955,25.090525185700493],[121.60376237134308,25.092199264800517],[121.60449034536701,25.09262976802076],[121.60513899648923,25.09231707294805],[121.60528787803108,25.091703769390627],[121.60435056586769,25.088690416661436],[121.60507031673883,25.087837961140423],[121.60587310351058,25.087483216121626],[121.6067690285494,25.087386784054086],[121.60725708548414,25.086818378267058],[121.60720158981533,25.08640282245624],[121.60665523211507,25.085759531086396],[121.60542900024211,25.085450163058663],[121.60507235592631,25.08505657233033],[121.60515792688811,25.08373763415017],[121.60581978926182,25.08293500077396],[121.60571191389853,25.08116117775754],[121.6069699512356,25.080244589465416],[121.60719012781227,25.079247328385453],[121.60781399181977,25.078370257505917],[121.60728118716595,25.077633227810804],[121.6061170514451,25.077557803771306],[121.60532343759964,25.078224700507477],[121.60523866867462,25.079155894785547],[121.60493195939631,25.07947863050273],[121.60230951130139,25.079835468439285],[121.60123068094666,25.080678151898113],[121.59933817278004,25.080572846456207],[121.59872023123243,25.079981443303247],[121.59900588541709,25.078655191610064],[121.5984132575243,25.077940733909674],[121.59620320387444,25.077640515252167],[121.59500715606987,25.07795218896467],[121.59403863358304,25.078629752153844],[121.59206030440068,25.07806583696953],[121.59085139879642,25.07706974140662],[121.58943779043591,25.077444744041077],[121.58867210154402,25.076365890018796],[121.58730322447352,25.07608292743425],[121.58576129741398,25.073885036069548],[121.58504381952842,25.07382353185659],[121.58423436274383,25.074331581728615],[121.58236360658725,25.0742447063957],[121.58181850927139,25.073986449963925],[121.58146740640613,25.073075977525363],[121.58090619587537,25.072866827041956],[121.58006189323248,25.073222387187553],[121.57922267657655,25.073235536716663],[121.57863263324788,25.07362091138929],[121.57777558325114,25.073651033645834],[121.57495955122131,25.075367816647503],[121.57281387186714,25.07453867230066],[121.57222121069775,25.07454542176887],[121.57155244163246,25.075393872649613],[121.57067548236945,25.075837049200782],[121.57060459216602,25.07682432062874],[121.57031729806425,25.077145902530333],[121.56977488394145,25.07719282604863],[121.56860016616032,25.07678695629242],[121.56731503687045,25.077475059193745],[121.56626081015462,25.07744922425147],[121.56546285295633,25.078273431703884],[121.56411631871673,25.07825254747117],[121.56315033658689,25.079556587119818],[121.56137011522276,25.079475864575787],[121.5609025820988,25.079193906531234],[121.56090283035499,25.078120800723987],[121.55996600822996,25.077127217817658],[121.559631994274,25.076393800923245],[121.55922185438598,25.076204817363966],[121.55816574451008,25.07635558402283],[121.55734227845777,25.076159067377997],[121.55647386852704,25.07554630970579],[121.55550869769881,25.075549285843007],[121.55482778085849,25.076283463776008],[121.55388990409232,25.076429682469357],[121.55258026054325,25.077179265802698],[121.551688866486,25.07694062378448],[121.55064363243751,25.077206969098327],[121.54876361478361,25.076072825972414],[121.54533393770001,25.076365079175808],[121.54498731031455,25.075860171417947],[121.54532922391454,25.075052627319874],[121.54526101955317,25.07287127505497],[121.54503174019415,25.07249375370802],[121.5444814094021,25.0722933224605],[121.54393286884934,25.072497784215503],[121.54370693539934,25.07287697529998],[121.54380502216473,25.07410564237382],[121.5433818207076,25.075046502425927],[121.5437485140698,25.075951493526198],[121.54351208091263,25.076370121461565],[121.54314272214947,25.076583106780873],[121.54138654791241,25.076793342051094],[121.54065638100515,25.07725874134094],[121.53947303810342,25.076793622298556],[121.53824149971607,25.077254126890104],[121.53789200191221,25.07785537342475],[121.53835709764388,25.07874129103556],[121.53818523885894,25.079629494584307]],[[121.57097480603495,25.079858573656377],[121.5706815996532,25.07932790535859],[121.57104422701056,25.078624184309948],[121.57102914100831,25.07799948098694],[121.57130616574646,25.077678814985926],[121.5718050739253,25.07764074670745],[121.57242103278676,25.078296492034006],[121.57220616320964,25.079747300340518],[121.57157381605145,25.080159648629053],[121.57097480603495,25.079858573656377]]],[[[121.47857532540765,25.122598869213203],[121.4776749949795,25.120639670506733],[121.47637216677764,25.118878016412413],[121.47471691616857,25.117381596519557],[121.47277285296258,25.116207906983202],[121.47061467700894,25.11540204256456],[121.4683253089559,25.114994965104362],[121.46599270621958,25.1150023147524],[121.46370648613279,25.11542380947371],[121.46155448554255,25.116243255824955],[121.45961938853068,25.117429170596267],[121.4579755513598,25.118935989529838],[121.45668614628813,25.1207058168415],[121.45580073381848,25.12267064853775],[121.45535335668964,25.124754984328582],[121.4553612290733,25.126878727981172],[121.4558240717382,25.128960264820048],[121.4567241192335,25.13091959819203],[121.45802679935558,25.132681424354963],[121.45968205928169,25.13417802752366],[121.46162628778315,25.13535188364097],[121.46378475984594,25.136157872585265],[121.46607450974184,25.136565013557895],[121.4684075219227,25.136557656739885],[121.47069411672139,25.136136085257746],[121.47284640024446,25.135316504240972],[121.47478164533612,25.13413041740104],[121.4764254731899,25.132623415191627],[121.47771471296609,25.13085342129902],[121.47859982932661,25.128888465077136],[121.47904682461258,25.126804065773868],[121.47903854278444,25.12468032929126],[121.47857532540765,25.122598869213203]]],[[[121.48443328659667,25.13737237103038],[121.48464298486579,25.138012882092138],[121.48527815209609,25.138243277924744],[121.48584757070567,25.13802024665938],[121.48609538839878,25.13739210155796],[121.48586119625217,25.13688263041252],[121.48523824823249,25.136664721987838],[121.4846785704382,25.13687790184251],[121.48443328659667,25.13737237103038]]]]},"properties":{"city":"taipei","minutes":15,"minutes_label":"15分鐘"}},{"type":"Feature","geometry":{"type":"MultiPolygon","coordinates":[[[[121.55045184633236,25.002241637286062],[121.55070689294917,25.003096492595052],[121.55145986853698,25.00365892705272],[121.55162415457166,25.00433040697581],[121.55223543658087,25.00498807797121],[121.55199551974711,25.005960504776723],[121.55211670044737,25.00737293555401],[121.5527765295791,25.007691182877995],[121.55371491779376,25.007263367070273],[121.55501119175513,25.007410559720878],[121.55568276034096,25.008249769247215],[121.5566855318221,25.008637609053487],[121.55675413621582,25.009047453290666],[121.55633229062033,25.010010281045382],[121.5566593572828,25.01046037207748],[121.55712607470144,25.01058747754754],[121.55765979981281,25.010383675047336],[121.55901516734565,25.009124215577597],[121.56012561877776,25.009274533329553],[121.56118325370673,25.008919813945887],[121.56242755899099,25.007375213420676],[121.5631745071194,25.007011654690064],[121.56359161943259,25.00642436707033],[121.56359405443976,25.005884548648858],[121.56328348153752,25.00554259697533],[121.5615155208841,25.005429376523963],[121.56110059767899,25.005099703223205],[121.56110633776818,25.004692722455456],[121.56157157124342,25.004063209285334],[121.56165126216929,25.00318664836883],[121.56090426911422,25.00212293523945],[121.56102011295847,25.00124801726056],[121.56136282232573,25.00092203003281],[121.56225490136276,25.00108336571296],[121.56277197326573,25.002078390951986],[121.56343695419179,25.002431202259547],[121.56486407145194,25.002059307305387],[121.5660550403585,25.00222745425246],[121.56675614911585,25.002785313886008],[121.56775637834889,25.0030688061692],[121.56868032181113,25.00317828134662],[121.56939558890157,25.002969669470183],[121.57072621212703,25.00298107709277],[121.57187485878676,25.003248274997212],[121.57250861220125,25.002936431635835],[121.57267844519302,25.00221499410315],[121.57298866143248,25.001909822899343],[121.57376840524151,25.001817085332092],[121.57459185624815,25.001325071022794],[121.57588965952644,25.00178754375916],[121.57628978502342,25.001581911620956],[121.57682946141169,25.00079407927985],[121.57799347014148,25.00091654121721],[121.57891576662452,25.000005353624303],[121.58022075204669,24.99995209675527],[121.58150998231531,25.000196862377614],[121.58215562766327,25.00056035387617],[121.5825372113416,25.001213348708056],[121.58332370180125,25.001771737553536],[121.58311123965007,25.00301015885039],[121.58385312871134,25.003440072281883],[121.58447440761752,25.003179234716107],[121.58544245969537,25.002109798348908],[121.58551471470403,25.001042275200124],[121.5864112518967,25.000110294292817],[121.58654201353531,24.999695649680294],[121.58631826855378,24.999209339297714],[121.58590211438849,24.999003677148913],[121.58464309865036,24.999514681798775],[121.58386973001852,24.999323311727164],[121.58408746996169,24.99656989363083],[121.58372024772149,24.99596454023729],[121.58296729453595,24.99582289014033],[121.58189889925619,24.99631097528994],[121.58103546173136,24.995634910497095],[121.58045498084691,24.99552748698173],[121.58002642317389,24.995738404457214],[121.5795376035736,24.99650420920881],[121.57851528165853,24.99664085244912],[121.57757484954081,24.99558588402252],[121.57661166372976,24.99524898535284],[121.57552997207232,24.99520380006265],[121.5748674306498,24.994434233664162],[121.57438508676137,24.99336962941492],[121.5739446488249,24.993249718424998],[121.57289005524063,24.993434980054744],[121.57162110601982,24.992219754857288],[121.5707956337725,24.992526537396998],[121.57073248526876,24.993581898781223],[121.5700355324541,24.994531067537363],[121.56855673836064,24.994442003212956],[121.56730915634392,24.995453880627615],[121.56574147573373,24.996130060353547],[121.56531855542418,24.996005010054304],[121.56493673235124,24.995450839251635],[121.56451604373142,24.995253006884646],[121.56394901733907,24.995358035193405],[121.56340148104503,24.9958474381493],[121.56289374323276,24.995826631790305],[121.56244399595575,24.99506491347988],[121.56178313088344,24.99465841424364],[121.5612322291118,24.993949295747463],[121.55899111885476,24.992789621178506],[121.55845747144373,24.992993427578746],[121.55823172362115,24.99337264152209],[121.55847279120395,24.994831678389474],[121.55834985441805,24.995418383157453],[121.55791192484133,24.995678709367215],[121.55673411634538,24.995642661731285],[121.55631523532195,24.995843657951028],[121.55608562767775,24.996354761539408],[121.55626272838671,24.99719861735985],[121.55601154406708,24.997544274489936],[121.55479467701099,24.99778732364582],[121.55405491301832,24.997350715470475],[121.55261150377189,24.99701480746546],[121.5518883273398,24.99722479450484],[121.55168092892875,24.997598321601796],[121.55183577950494,24.998573933332956],[121.5515899907735,24.999225401540055],[121.55101555658857,24.99975654957036],[121.55065865898854,25.00067040092282],[121.55005105633772,25.001427334264207],[121.55009449566761,25.001856945168544],[121.55045184633236,25.002241637286062]],[[121.56822385759564,24.99802209665797],[121.56778681847194,24.99778563232049],[121.56769620115084,24.99737935588109],[121.56802684772265,24.99694464322949],[121.56847264459626,24.996862058283757],[121.56894555136192,24.99719800498255],[121.56901807818835,24.99759930918236],[121.56871443917801,24.997959892550693],[121.56822385759564,24.99802209665797]]],[[[121.58648681855279,25.048641130930196],[121.58653668011199,25.04908267850699],[121.58694777411493,25.04945393316314],[121.58797421955146,25.0498628578107],[121.59001051178505,25.050153149233573],[121.59027999951356,25.051033203713892],[121.59111886253987,25.051497535226584],[121.59184495446861,25.052523427518175],[121.59161286265929,25.054033571385006],[121.59209136519608,25.054570655597484],[121.59312453427646,25.054547807380075],[121.59399247222937,25.05514802635314],[121.595542952129,25.055120912610494],[121.5960228657724,25.054826019298925],[121.59627682592443,25.05413948396774],[121.597260928853,25.053180724706476],[121.59806786346822,25.053141509656466],[121.59915514676523,25.05272596908283],[121.59995928479428,25.052738813051945],[121.60032603794117,25.052984298491044],[121.60055653652344,25.053667555400285],[121.60135857987238,25.054129465808174],[121.60174526542545,25.054781798883464],[121.6026469477829,25.055193512385696],[121.60306131583962,25.056129559680127],[121.6042495339359,25.05733252550387],[121.60445147591696,25.058232032138516],[121.6048961535647,25.05858721839046],[121.60767215525964,25.05905687669759],[121.60845013839008,25.058641486118262],[121.60856090701452,25.057783616034264],[121.60888811530408,25.0574392322828],[121.60938809193618,25.057443968276946],[121.61022163305903,25.057970311352687],[121.61028746269717,25.058439066117785],[121.60968403106362,25.05933055440039],[121.61002382189992,25.06026891480388],[121.61002302804074,25.06103028687972],[121.6105801379562,25.06189464470636],[121.60988475537452,25.063040219824778],[121.61044163609512,25.06417818101582],[121.61028423015728,25.064902167323858],[121.60970001674073,25.065396423603804],[121.609569268696,25.065811084794493],[121.60971270320003,25.066208795319405],[121.61053616232941,25.06695384066667],[121.61090116073683,25.068043143951574],[121.61041617097165,25.06842980235315],[121.60892790446248,25.06828898061889],[121.60824927684142,25.068694937578144],[121.60741371514086,25.068766315656593],[121.60650977863735,25.069383359445432],[121.6057591623184,25.068988111477033],[121.60496177687828,25.06818583208139],[121.60408600549151,25.068340153167103],[121.60383384476076,25.069310254647895],[121.60428463656531,25.070417427080958],[121.60371546582651,25.07113204312127],[121.60366406659784,25.071548036075775],[121.6046548694752,25.073265912066088],[121.60533264721293,25.073430869774775],[121.6060526847733,25.073273948703385],[121.60708055070103,25.07358117275472],[121.60781163465467,25.073030769411712],[121.60907211953632,25.072548127416983],[121.61014204594278,25.072936939775225],[121.61150253103261,25.072873850217235],[121.61179755605795,25.072536322927373],[121.61178997351283,25.071996552745016],[121.61043290833817,25.070212631662933],[121.61142903131126,25.069095384720402],[121.61321912950501,25.06953750843188],[121.6141701611099,25.07024374385852],[121.61502675400332,25.070401039658282],[121.61564903070705,25.07084760233371],[121.61622653805124,25.070844804585427],[121.61664321665181,25.070564625037626],[121.6168130774894,25.06968006320725],[121.6180397040776,25.068156987271188],[121.6181145172306,25.067014403913507],[121.61782544014858,25.066361320158794],[121.61654002069561,25.065388430585333],[121.61636977818968,25.063726704136062],[121.61885982766547,25.062469329122486],[121.6206121223526,25.060998586296964],[121.62084157484904,25.060487390166063],[121.62051991357353,25.059759695677858],[121.62058848247793,25.05938967234638],[121.62101799322849,25.05909757315558],[121.62181373645795,25.05915506145245],[121.62222198689868,25.058962823052994],[121.62336125268581,25.057098977143834],[121.62312665645358,25.056589724534497],[121.62176516542421,25.05554449587631],[121.62145671284813,25.053551763092553],[121.61993807121458,25.052745762622386],[121.61967079383273,25.05214416526192],[121.61896313727833,25.051606762118315],[121.61870044872336,25.050599340907223],[121.61734570722092,25.050175462453097],[121.61644978863053,25.0482166544103],[121.61582884121087,25.048106812527514],[121.61499908571095,25.0485664500876],[121.61449966574577,25.049735325780464],[121.613063954728,25.050000085057484],[121.61284693958167,25.0503835503655],[121.61286418306821,25.05149796014998],[121.61262974067326,25.051839710493446],[121.61092597412308,25.052091875188164],[121.61043491838947,25.051867448440625],[121.61034617985383,25.051336360693888],[121.61114530336474,25.05064387520096],[121.611257294451,25.050088895966407],[121.61092179946992,25.04964392612771],[121.61015462983238,25.049377658712714],[121.60686788997612,25.04965399332089],[121.60644112584205,25.05004625595625],[121.60629572032113,25.050851188582815],[121.60586722957629,25.05107865792581],[121.60468866842996,25.05111238294715],[121.60202158121008,25.050273680410726],[121.60088039239245,25.050718440328435],[121.60009878902791,25.050450067933195],[121.59927386030198,25.050472625407426],[121.59894999225786,25.05019486769228],[121.5987706516446,25.04934605523046],[121.59786341173056,25.04878691521635],[121.59783359627441,25.04800400358301],[121.59755062477849,25.047509118695388],[121.59659690553254,25.047079970879334],[121.59518120290674,25.047196272819743],[121.59423786249938,25.04551858211412],[121.59373232000735,25.045213773355012],[121.59273394910687,25.045341643986013],[121.59236607851587,25.045613342424925],[121.59221831326404,25.046144059684185],[121.59240859553535,25.04695438158153],[121.59166635360981,25.047828468323278],[121.59121190369252,25.04785062034702],[121.58964016946763,25.047215740540373],[121.58901988779195,25.047230003258143],[121.58824579553392,25.047395052746275],[121.58761245670927,25.04796181527267],[121.58683187434303,25.048155371773895],[121.58648681855279,25.048641130930196]]],[[[121.49319526904364,25.035429530680574],[121.49349808412622,25.036183115201087],[121.49478634732316,25.036695475575872],[121.49517949152646,25.037407606118723],[121.49583874911147,25.0377264369355],[121.49740031892597,25.039268173387295],[121.49782330255275,25.040110077500486],[121.49902089668105,25.0403586380612],[121.5014255889813,25.042316162122727],[121.50270863954725,25.042783558232042],[121.50274537173301,25.04354253187722],[121.50207447172065,25.044469643052334],[121.50244432493668,25.045858215385426],[121.50351612941851,25.046563864878276],[121.50451190740733,25.046829463783023],[121.50521934753574,25.04827868599045],[121.50482573469485,25.04948662616003],[121.50379831821462,25.049656961259576],[121.5034302344894,25.04992844277938],[121.50329914225738,25.05034301702192],[121.50353246705852,25.050839236974923],[121.50672907788363,25.053093477070785],[121.5076539460615,25.053301319356844],[121.5081025640392,25.053986470172074],[121.50851878024687,25.0541923476973],[121.50936368090701,25.053888304689092],[121.50968869984241,25.05287422213504],[121.51101564318202,25.05222254237527],[121.51240201331248,25.052289049851233],[121.51320254566193,25.05294887501708],[121.51290704470838,25.05444909893869],[121.51324220380994,25.054894295714494],[121.51419516210028,25.055196329997816],[121.51478073164492,25.05624392404087],[121.51463105009039,25.057632969575227],[121.51510331337944,25.05828482674953],[121.5150802959981,25.058747548627228],[121.51425488825234,25.059493625290013],[121.51327914252518,25.05955308198541],[121.51260701530086,25.059968911219542],[121.51166777469113,25.05952368394253],[121.51081800840745,25.05944371728968],[121.50885240473646,25.059927234536108],[121.50841110116667,25.06081701372475],[121.50783183643158,25.06135546841154],[121.5075817399859,25.06238287842455],[121.50706982139559,25.062890650846448],[121.50696478044462,25.063434168837123],[121.50772228875041,25.064539656696677],[121.50801250935245,25.06597176989567],[121.51061747416233,25.067216692134537],[121.51145703694662,25.06822054636573],[121.51177432079537,25.06906386745588],[121.5124495561418,25.069386158927518],[121.5131419501958,25.070251995055223],[121.51413639160029,25.070613859466036],[121.51439734283227,25.07119337491425],[121.51410569204442,25.071891532883942],[121.51416569465101,25.07267417415034],[121.51486302956987,25.073609947865336],[121.51607378841172,25.074072482403462],[121.51641921185623,25.075486084633194],[121.51733375843985,25.075754953453508],[121.51797870975804,25.07631251163596],[121.51893676808092,25.07640968242939],[121.5197055164154,25.077501314920465],[121.52058385118976,25.077652979899096],[121.5213141917553,25.077523148042893],[121.52175143027472,25.077759743302995],[121.52192878900159,25.078508993832187],[121.52126913012125,25.079364536188628],[121.52121275204918,25.080620140792327],[121.52055838950996,25.08129583384206],[121.52017768959686,25.082559099056468],[121.52057469128565,25.083991900456713],[121.52254937952294,25.08515913018214],[121.5228247597963,25.086107072469733],[121.52349312717037,25.086648363998947],[121.52330900747629,25.08761182738927],[121.5236999978271,25.088525922687325],[121.5234259396574,25.089036508259024],[121.52233772032602,25.089093704395022],[121.52183646163706,25.089533931096952],[121.5217204442893,25.090076007721155],[121.5221535315479,25.09068719242202],[121.5221552909734,25.091101771553475],[121.52159511937782,25.091618020910904],[121.52103061229761,25.09297466282161],[121.52008057872237,25.093261218206766],[121.5197727989626,25.09360542260068],[121.51986244688815,25.094280309171797],[121.52108261506731,25.09518460717977],[121.52107350665541,25.095928804829978],[121.52148786977163,25.09699289024275],[121.52052899171278,25.098011040859994],[121.51938754275636,25.09859604903726],[121.5185493644186,25.099732917276317],[121.5185825045113,25.100882576498815],[121.51741187523373,25.10166312101761],[121.51736662729225,25.102339791504527],[121.51796794107395,25.10303600435193],[121.51787979197096,25.103968814450372],[121.51704063409848,25.10442078692054],[121.51666665848683,25.105024656765007],[121.51481039216846,25.106398401796252],[121.51447304770237,25.10715782569551],[121.51448904056494,25.10792854686681],[121.51325498523074,25.108578095089737],[121.51245255364485,25.110979375243396],[121.51199362592212,25.11129120656454],[121.51078412992128,25.11150410333419],[121.50988244847635,25.111389686767943],[121.50868942377535,25.111750399725082],[121.50828143324836,25.112124677292716],[121.50829188855317,25.113052189770873],[121.5094219526699,25.114594720081417],[121.50965055666461,25.115132644346044],[121.50954158275523,25.11553517881917],[121.50909381435031,25.115755066442613],[121.50765911934296,25.115403522375885],[121.50670785037329,25.115809349774665],[121.50518957185315,25.115690213989716],[121.50324133530208,25.11665303637083],[121.50266152828704,25.11764686559877],[121.50080843254572,25.11901763001842],[121.50064433802602,25.12073910288194],[121.49971062316544,25.12105251490635],[121.49843962360953,25.1219659196281],[121.49802217112475,25.12365907472936],[121.4974301398807,25.124376673910234],[121.49750251451044,25.125337413073087],[121.49730713034884,25.125883858603572],[121.49632325077133,25.12617617393082],[121.49590900072403,25.12656241607328],[121.49590627697404,25.127102229489285],[121.49650659417917,25.127694583022226],[121.49651765664454,25.12818310393403],[121.49584803037567,25.12878411941056],[121.4951852825819,25.129837112886705],[121.49503495745323,25.130470749827108],[121.49523825740789,25.131186706361174],[121.49479844664391,25.132279735449586],[121.49374840889925,25.132686698227015],[121.4934111212862,25.133160130815238],[121.49353373771196,25.133688283457815],[121.49425755627307,25.134207269530226],[121.49492326820669,25.135741815044003],[121.49444976523323,25.136704559718027],[121.49448811410836,25.137121723050516],[121.4950328626472,25.13767218165368],[121.4963784142199,25.137724596168702],[121.49698703521476,25.138919511518985],[121.49826744934354,25.13950264086379],[121.49889628787626,25.140114472328047],[121.49934723620872,25.14109935360944],[121.50100808011284,25.141473576627604],[121.50349248208813,25.14056836375],[121.50454232739938,25.140970666211587],[121.50501429742509,25.140931215119885],[121.50536896013107,25.14066423906885],[121.50563519916142,25.13998851261031],[121.50598970054413,25.139802275464543],[121.50694267448648,25.140171539715674],[121.50773710991669,25.14009670937096],[121.50816450128686,25.139704724835816],[121.50833618757731,25.138566540441413],[121.50974012835428,25.13822350782825],[121.51039045863149,25.137471116858475],[121.51046842246467,25.136677088135873],[121.50932999851088,25.135893844779638],[121.50908568797563,25.134903750750922],[121.50879239860163,25.134580920302124],[121.507783989745,25.134336552747897],[121.50607116973741,25.133251698232883],[121.5054919018748,25.133253675359903],[121.50462094940121,25.13370471700802],[121.5036961385166,25.132993527688125],[121.50373920003409,25.132580725099245],[121.50475120931058,25.131129690977016],[121.50445188913683,25.130245776693286],[121.50456031542025,25.12982220395874],[121.50512199798014,25.129387341731167],[121.50551997165662,25.128626571399465],[121.50655660651549,25.128473803683164],[121.50770107884426,25.12757433721169],[121.50763521214795,25.12687739642296],[121.50675006292315,25.12610584579897],[121.50658581218147,25.124498977364603],[121.50715299438814,25.124172341618785],[121.50811109880422,25.124586741988658],[121.51025758368331,25.124762205921666],[121.51072597250995,25.12424756045756],[121.51071449996172,25.12319848228415],[121.51267237077444,25.122270894380733],[121.51310852967931,25.120934965427548],[121.51377798626707,25.120333641994076],[121.51466109548052,25.120181297041455],[121.51545064525732,25.11971267219471],[121.51690022109382,25.11984888166756],[121.51770185904486,25.120349351247647],[121.5184258159081,25.120139521295187],[121.51896280803378,25.119090763374146],[121.51862781188449,25.118010178823486],[121.52015161144949,25.116993385224724],[121.52015648110999,25.11579765927419],[121.52068488029086,25.115144865660334],[121.52077828032144,25.114317751399696],[121.52266762660962,25.113629392621036],[121.52291391113799,25.112457833024973],[121.52387846675168,25.111760550198827],[121.52366427763536,25.11063271586502],[121.52425807726395,25.109778926595478],[121.52436026356504,25.108885079285475],[121.5240525041322,25.108157481308794],[121.52453508044778,25.10653549740455],[121.5257329186772,25.105620414155904],[121.52770475014621,25.105616102886138],[121.52803627134482,25.105168572010474],[121.52805035848546,25.1043673324196],[121.52866562897691,25.103778427417808],[121.52865698185161,25.103214201747083],[121.5278743627022,25.10261056977887],[121.52747962418096,25.101705530354348],[121.52796544576458,25.100570581414797],[121.52733332027006,25.099224854295937],[121.52737617743811,25.098812113616994],[121.5285465796555,25.09819276716412],[121.5291667299228,25.097487477699023],[121.53044004112458,25.097498478524383],[121.53210468870334,25.096936746807515],[121.53245044107763,25.09649251723116],[121.53216811359066,25.09545154460007],[121.53234999392114,25.094413039237402],[121.53121489905725,25.09277702121922],[121.53101312069336,25.092095156466943],[121.53037918182251,25.091472198338423],[121.53041736942089,25.09052857450401],[121.53081750361865,25.089566736586363],[121.53060776397186,25.088635048102855],[121.53006357756409,25.087967503631074],[121.53019121769744,25.086847650656892],[121.52984574181095,25.086123491622185],[121.53043092200768,25.085339621101785],[121.53048907329789,25.084839438826087],[121.5296492152475,25.083181578964577],[121.52963382921612,25.08234805324005],[121.52859363956067,25.081433816988017],[121.52821706453577,25.080360073834484],[121.52660678214312,25.079488859379524],[121.52644781537539,25.078722569027505],[121.52576647364792,25.077467165403274],[121.52512975594838,25.076986475166773],[121.52417508809853,25.076919512590663],[121.52386175402496,25.076495991451665],[121.52519462690145,25.073517612618257],[121.5244137615359,25.06989326806018],[121.52473189316007,25.069147906997372],[121.52516707716583,25.068908236412923],[121.52624845325757,25.069048296987095],[121.52695640193105,25.06985568360879],[121.52754890968937,25.069971160943478],[121.52833885054626,25.06938793518809],[121.52919762282512,25.06920850337519],[121.5301717673201,25.068480932381938],[121.53000161186847,25.067717449561083],[121.52909467508579,25.067423139021937],[121.52882209920885,25.06709111126636],[121.52852732819302,25.065654523681488],[121.52873328037806,25.06479446017671],[121.52842976503464,25.063981457956302],[121.52878685758986,25.062913600398293],[121.52939108995523,25.06270164844379],[121.53012630679378,25.063155535801148],[121.53083993474755,25.063285632695848],[121.5318440111217,25.063981296460696],[121.53248542525998,25.06528444389121],[121.53343332478332,25.06556607957857],[121.53399259244969,25.065352720208903],[121.53520026093764,25.063771991003232],[121.5364248023853,25.06269055797318],[121.53703651237181,25.062587796584786],[121.53858249530532,25.064643668142164],[121.53962054755253,25.065022075720893],[121.54083259633744,25.065088691485947],[121.54158605985461,25.06557134360052],[121.54210210414094,25.066713648034327],[121.54217752084298,25.06779025743878],[121.54316258214926,25.06815927817014],[121.54490163976416,25.067216720127018],[121.54651439097513,25.065841135294257],[121.54788802222372,25.065878971178574],[121.54872750050832,25.06653977156683],[121.54945806349443,25.06647719930821],[121.55008924581702,25.065688925942112],[121.55017992429102,25.06468976876565],[121.5505534361192,25.064333574297486],[121.5541913352588,25.06434263555071],[121.55549821947983,25.06341577741424],[121.55716447713628,25.06374581289401],[121.55810237886297,25.0625319870295],[121.55810604189533,25.06196771543493],[121.55755550354036,25.06128427872836],[121.5559946981451,25.060612981021958],[121.55562633164939,25.059229127716932],[121.55512465065208,25.05868746182731],[121.55457793024502,25.057273044349394],[121.55518439659399,25.056492514655563],[121.55620066183091,25.055858482329167],[121.55713544289726,25.05451105614247],[121.55821498781307,25.05425361166342],[121.5593080281198,25.05469734831582],[121.55987257082008,25.055809264593563],[121.56068705529373,25.056161746025257],[121.56142748321884,25.057320450526653],[121.56233173551136,25.057729364280576],[121.56268296999338,25.058577275171633],[121.56368280101441,25.059160376536965],[121.56425170829455,25.05893705029089],[121.56460263088964,25.058150002281458],[121.56605470591516,25.05692324351415],[121.56647511296175,25.056182379569865],[121.56765870476681,25.055969750201836],[121.56820929763596,25.055189483305682],[121.5691441083876,25.05485803169775],[121.5695469043142,25.053890077012703],[121.57077116343544,25.053301678215668],[121.57126405915534,25.052680009379664],[121.57255333738043,25.051951652835832],[121.57341614340947,25.051807913567405],[121.57385338654687,25.052044356058623],[121.5739326105179,25.052544262362684],[121.57353416437397,25.053341360887664],[121.57387728746598,25.053932121960052],[121.57493862818413,25.05410428949863],[121.57665607241151,25.05495381052712],[121.57723775643574,25.05485061805927],[121.57840498441249,25.05408019004621],[121.57907436355521,25.05303011514849],[121.5820339834422,25.05339026061778],[121.58343847150924,25.051878163483725],[121.583480590346,25.050753382785558],[121.58448799199152,25.050260967560348],[121.58476013437759,25.049691653448196],[121.58461680028962,25.049293916105768],[121.58403074359981,25.048879173335212],[121.5830670710044,25.048924727087122],[121.58271292384475,25.048754069239795],[121.58237729791381,25.048071890976047],[121.58235362329954,25.04729884530927],[121.58145479657037,25.04670516019193],[121.58131425027767,25.046207371614976],[121.58216638637741,25.04506189067089],[121.58339167518048,25.04511070382815],[121.5840072192957,25.044722374884216],[121.58459048971955,25.042724555145938],[121.58308432194877,25.03982025213412],[121.58023730502273,25.039011023667246],[121.57909529208648,25.039675141938858],[121.57858686652362,25.0396771225673],[121.57779612907916,25.03859360215819],[121.57771056224499,25.03735184627857],[121.57704567919139,25.036873973109905],[121.57611048732973,25.03682965293047],[121.57565504838963,25.036416701096623],[121.57514992697078,25.035283318898305],[121.57554352133917,25.033952352381547],[121.57543200668682,25.03296535431557],[121.57640311618937,25.031933741325517],[121.5764657179902,25.031267827925983],[121.57540740251368,25.029967263902783],[121.5742612591095,25.02983962546185],[121.57354518076642,25.029304079489602],[121.57186642900389,25.02903114221416],[121.57166989679928,25.02860395814351],[121.57189890263535,25.027767340423466],[121.57154751289399,25.027302674540156],[121.56878333150033,25.02718057731979],[121.56741327285859,25.027977879808155],[121.56594386076851,25.02756199747516],[121.56521829576509,25.027583835952033],[121.56434777618276,25.027148809433832],[121.56321836547964,25.027580170880373],[121.56212676931621,25.027311869600855],[121.56134571172974,25.027845592489896],[121.56043793075739,25.028027424610006],[121.55995902643714,25.028945352811505],[121.5593376877675,25.029307896100818],[121.55886367996,25.029388467436167],[121.55849862757283,25.02915627007883],[121.55842211970118,25.027748510521622],[121.55775073551825,25.026595687095696],[121.55768542737849,25.025303619871103],[121.55712630064919,25.024295207063993],[121.55638251329286,25.024127087603354],[121.55624829162319,25.023559676877262],[121.556815456076,25.023173111637938],[121.55749034087212,25.02364518281099],[121.55872128090608,25.023455014862094],[121.55972744182024,25.022377884188106],[121.56108509002688,25.021789204979054],[121.56138712745586,25.0206429117566],[121.56108582916748,25.019403398426547],[121.56156318940327,25.018836875405402],[121.56172503356281,25.017899123356603],[121.56253633508491,25.017534471814987],[121.563004128471,25.016953134519767],[121.5629560551736,25.015845461440918],[121.56321882691877,25.01499428457287],[121.56260598472517,25.014419765542648],[121.56156187621295,25.014604926217185],[121.56083267865567,25.01563454482903],[121.55999179920369,25.015735472448444],[121.55931821014798,25.016195171604394],[121.55822461671261,25.016317436080957],[121.55746813062318,25.016749996465794],[121.55657863463063,25.016885774532916],[121.55439614009266,25.01910707273496],[121.55335953109191,25.018915158449527],[121.55236701611938,25.019439290398363],[121.5511097436838,25.01909275586334],[121.54969518155369,25.019923627609117],[121.54848471668225,25.019452357356958],[121.54724177786647,25.018534281419274],[121.54663367575525,25.018641044346637],[121.54618120564051,25.01922180838563],[121.54574532431505,25.019376193605854],[121.54506237667947,25.01919481788328],[121.54376398722395,25.018242253069204],[121.54313159282026,25.018244564543775],[121.54156178580887,25.019367404571298],[121.54109392427702,25.020133906575627],[121.54031755243797,25.020781529384717],[121.53892239268721,25.021462924921803],[121.53846590263878,25.023523697956467],[121.53744890009668,25.023969816999458],[121.53677546702401,25.024557089135968],[121.53656165482668,25.025196880380204],[121.53607722021012,25.025703502610476],[121.535893327342,25.026777154656543],[121.53395480284394,25.027766906844313],[121.53328797485163,25.028376059249947],[121.53256440649056,25.0285851027065],[121.53202204075309,25.029167495258513],[121.5311334105217,25.02935189843749],[121.53051662293336,25.029937956784593],[121.52945929468802,25.02970694769379],[121.52888229774702,25.0291770929635],[121.5287853422541,25.028784353208575],[121.52901652989486,25.028339555330888],[121.52973990128079,25.027885641961966],[121.53100827101936,25.026565126129007],[121.53087960533438,25.025226322437],[121.53202784033535,25.02441778665676],[121.53303403246242,25.024301454114898],[121.5340019211488,25.023509274003224],[121.53439277963426,25.021906451514596],[121.53553890480666,25.020852919974256],[121.53592708545713,25.01972777838145],[121.53751436331689,25.018731779035253],[121.54091247008076,25.017450553948503],[121.54133317162831,25.017070476022923],[121.54118781072792,25.015958551822077],[121.54023347386733,25.01522189623751],[121.54060448780419,25.01402922316563],[121.54035939494534,25.012815505118947],[121.53987839348817,25.012203639522316],[121.54003773859107,25.011119063900605],[121.53907030010227,25.01045234679432],[121.53878893687204,25.009545353390024],[121.53978143830662,25.008835476024032],[121.54030942376588,25.007582451095146],[121.54131494704806,25.006666108608496],[121.54284997945953,25.006693484606853],[121.54354677462197,25.006063194446728],[121.54377277713881,25.005448943244176],[121.54372110217327,25.00426663114765],[121.54481592325513,25.00320183167661],[121.54465194405925,24.999741674369563],[121.54536963657011,24.998998558565386],[121.54547872878014,24.99766652559159],[121.54629254557392,24.996677562816096],[121.54720269225463,24.99619171663647],[121.54748377874566,24.995725418623206],[121.54725253669592,24.99484410568793],[121.54761029712473,24.992971924200955],[121.54747574170683,24.99255828806391],[121.54638589545237,24.992084881174417],[121.54556319287607,24.990637810512933],[121.54394468364671,24.98965950613714],[121.54337339133964,24.988202718584205],[121.5425804460896,24.987692523375756],[121.54116968701484,24.987526368976006],[121.54074833240573,24.986485017593637],[121.54010316982739,24.986167310998674],[121.53930844775496,24.98638369113363],[121.53894360102193,24.987141446899926],[121.53728964723557,24.988255383639338],[121.5363084002764,24.989393999069936],[121.53601065910267,24.991034654138968],[121.53630336005631,24.991752835349182],[121.53613767407448,24.992577174570616],[121.53651460449063,24.99358014111479],[121.53512543343697,24.995511520651096],[121.53511393824422,24.996214509182614],[121.535744673171,24.997416758907907],[121.53458431257052,24.9989039182319],[121.53435760163168,24.999971046292345],[121.5345219604592,25.003286290297268],[121.53395294190366,25.00470917551657],[121.53448825573535,25.00598416950096],[121.53554581021329,25.00671175650117],[121.53641624302405,25.007695989838723],[121.53650132430482,25.00844742413607],[121.53599453806885,25.009169425136974],[121.53551983645127,25.009364565320702],[121.53462302558421,25.009164139835722],[121.53381817096128,25.00944550386918],[121.53345252049272,25.00986568743418],[121.53334399696935,25.010566895708397],[121.53300681822242,25.010832326472435],[121.53166727358165,25.010546216979854],[121.53112409657143,25.010626724887647],[121.53037930864005,25.011209131647476],[121.5295764015618,25.01144268143491],[121.52847163711529,25.011093013129756],[121.52789807839827,25.011305750817176],[121.52768848427863,25.01199809890546],[121.5281552848744,25.012855462723234],[121.52772242539801,25.015257793048413],[121.52666778270344,25.015556682869367],[121.52582096015814,25.016539891104365],[121.5240805679605,25.016888136923686],[121.52385144586293,25.017385956229223],[121.52400451990894,25.01809130656404],[121.52368482915975,25.018822048927706],[121.52215893877029,25.0197852227722],[121.52181324539266,25.02132156001697],[121.51983994666227,25.02163219638364],[121.51955643138656,25.021961612098767],[121.51936352555758,25.02293145418484],[121.51850809364693,25.023204258998028],[121.51774747551269,25.023904902819282],[121.51698585088755,25.024087187783934],[121.51648994548243,25.024890594651453],[121.51513182790424,25.025874792049578],[121.5147365934608,25.02717957560863],[121.51503804350459,25.02811703604309],[121.51568321216251,25.028708824626072],[121.51544712537152,25.02931728287707],[121.51297266955238,25.030428076884498],[121.51224920400479,25.0302508146162],[121.51131606918501,25.030455972762123],[121.50975859878191,25.029621622316853],[121.50928766789339,25.02957650880696],[121.50650507394677,25.030947872896835],[121.50532459323226,25.03093293199162],[121.50441112560353,25.03048245923838],[121.50324963068435,25.03061080306917],[121.50232488952298,25.03017901452581],[121.50138518097367,25.030516094378658],[121.49805373754843,25.030283262620078],[121.49705327977082,25.031214137707018],[121.49504634702437,25.031182792637356],[121.4944015930804,25.031615474533005],[121.4941362716087,25.032404059388938],[121.49469963737023,25.033058267423318],[121.49476805163536,25.033468142023427],[121.49346894912769,25.034552195921215],[121.49319526904364,25.035429530680574]],[[121.56884844564377,25.048133480656777],[121.56857003239999,25.047574438036847],[121.56911627896694,25.046656241319315],[121.57043763517714,25.04608848027468],[121.57120981141817,25.04536455745939],[121.57304904025729,25.045281720623443],[121.5740468482183,25.046303599576387],[121.57354254104594,25.047677992162953],[121.57310760025415,25.047800018566612],[121.57241854547486,25.04751319300098],[121.5719610822986,25.04755601761207],[121.57096838925008,25.048655155740107],[121.56997645432043,25.048856583296086],[121.56884844564377,25.048133480656777]],[[121.5640243677961,25.046290386405797],[121.56367331430818,25.045669150481174],[121.56432701543659,25.04516185388465],[121.56552052126982,25.045654853206],[121.56583281066769,25.04616623429269],[121.56567972204745,25.046557902115204],[121.56526699730287,25.046735357689588],[121.5640243677961,25.046290386405797]],[[121.55953366667732,25.04835980145229],[121.55907789856536,25.048171915285216],[121.55893464599485,25.047785562923433],[121.55912779325894,25.04741767818312],[121.55964119950421,25.04724451791325],[121.56004344617826,25.047438436535057],[121.56017735650003,25.047834665744347],[121.55995177956854,25.048222972348576],[121.55953366667732,25.04835980145229]],[[121.54758012969937,25.028698272778325],[121.54820086196068,25.028704121931717],[121.54847973571384,25.029156398161014],[121.54812677545144,25.03017455036184],[121.54763350993454,25.030417109473415],[121.54699841344886,25.03017276963737],[121.54681127342384,25.029711338123512],[121.54690901591319,25.02917087727355],[121.54758012969937,25.028698272778325]],[[121.54596296640219,25.0467311198068],[121.54567282423172,25.046294147370542],[121.54586550711676,25.045865499181737],[121.5466168184007,25.045699707390266],[121.54703018611083,25.045877408391572],[121.54723108874767,25.04638943740175],[121.54701555364083,25.046808958285272],[121.54658058802286,25.04693090743379],[121.54596296640219,25.0467311198068]],[[121.53022257210145,25.042013856578908],[121.52937453650593,25.041607317065026],[121.52933997852793,25.041186059130567],[121.52984462227981,25.040671551791995],[121.53051972053814,25.039320959021076],[121.53223977857027,25.038111044951016],[121.53313747833604,25.03812696298123],[121.53383403751988,25.037747023255946],[121.53451785554803,25.03773484578605],[121.5353531215285,25.038419729686833],[121.5363018041186,25.03842704884955],[121.53754409892373,25.03911352398782],[121.5376942116719,25.03978705716511],[121.5367361454791,25.040278652328347],[121.53594779666695,25.04120941453685],[121.53584476370906,25.04206917727878],[121.53605707152511,25.042559477418635],[121.53708015499991,25.043393661272844],[121.53773104081118,25.044278663099885],[121.53848631109918,25.044576038186285],[121.53910812538383,25.045186236957242],[121.53989185444848,25.045318629736055],[121.54074834632519,25.0461571402025],[121.54060582255963,25.04739355802281],[121.5398674303718,25.04798320638828],[121.5396139391584,25.048864758157613],[121.53891305872807,25.04933811893767],[121.53803162617625,25.04919558549102],[121.53757689008842,25.04776592128494],[121.53675842318069,25.047259551214534],[121.53571368081215,25.047143890374038],[121.53488536199549,25.04671577111125],[121.53478112984611,25.045492975424896],[121.53352156390044,25.044357147181803],[121.53292651245832,25.044251537748707],[121.53202898745765,25.044682328443052],[121.5315038976862,25.044475074819168],[121.53133496412285,25.04352029626637],[121.53155054751898,25.043100797154683],[121.53275398309641,25.043120762845685],[121.53384454539544,25.042664133327207],[121.53390738160682,25.041998234797955],[121.5333039705372,25.041443098467457],[121.53240051247487,25.041446338513378],[121.5317141315872,25.042599151195517],[121.53127905258494,25.0428388400795],[121.53084304820321,25.04272005008459],[121.53022257210145,25.042013856578908]],[[121.53880615824329,25.029181300478683],[121.5389583878794,25.028706863801357],[121.53935883352675,25.02850997579344],[121.53980367882126,25.028631161839346],[121.54007198326548,25.029053499213028],[121.53997088681045,25.029459127865714],[121.53949613090221,25.02977294338762],[121.53900904632926,25.02964025054521],[121.53880615824329,25.029181300478683]],[[121.53109207848186,25.044518777202995],[121.5316267845084,25.044698925656807],[121.53174932805968,25.0452061424874],[121.53129693728708,25.04579674565361],[121.53059742741598,25.045880240993537],[121.53025902813525,25.04560302928824],[121.53023491700003,25.045189027237775],[121.53061799081631,25.044695682380702],[121.53109207848186,25.044518777202995]],[[121.52714247943396,25.048370123327707],[121.5273031238586,25.047880846875767],[121.5282652868272,25.04759417510588],[121.52889028536518,25.04674286946291],[121.52974005851598,25.046508286002112],[121.53026569017118,25.046792746982923],[121.53035798661685,25.047557890098258],[121.52927505283569,25.048349164175672],[121.52912195629128,25.049091654414383],[121.52936687012891,25.049828225946502],[121.5290606003457,25.050269203865724],[121.52785614133651,25.05034268895463],[121.52743796768041,25.05015667603163],[121.52714247943396,25.048370123327707]],[[121.52492649428628,25.067197886661617],[121.52468492175906,25.067558491277893],[121.52423249207577,25.06765143109447],[121.5238223363367,25.067395904440826],[121.5237349497798,25.06697995138938],[121.52400290341544,25.06663384799304],[121.52448029462646,25.066567220900698],[121.52484694297381,25.066812894180707],[121.52492649428628,25.067197886661617]]],[[[121.54035545692744,25.079377531320308],[121.54035171365915,25.079941802546315],[121.54076904879122,25.080325138689652],[121.54206863949963,25.080318546099964],[121.5433263588583,25.08077717201424],[121.54376427272706,25.08334310186412],[121.54421853581157,25.083746462028977],[121.54530128107446,25.083962595258722],[121.54572317166877,25.084794910481424],[121.54644356255739,25.085377090233422],[121.54834707415013,25.086276873071917],[121.5494592938349,25.086075226558332],[121.5500157425918,25.08572275133226],[121.55046195582688,25.085753927856636],[121.55109955853908,25.087111754426516],[121.55220416526257,25.087246625533837],[121.55373178806607,25.08843431105616],[121.5542859159862,25.088574279013585],[121.5549409512538,25.08851772914591],[121.55616014609018,25.087997657131332],[121.55735656831192,25.088438274474267],[121.5593337890424,25.088043266793385],[121.55991089907693,25.087307259265273],[121.56100649390228,25.08713656192637],[121.5616273017826,25.086372460483396],[121.56233620353788,25.0860476077991],[121.56279274569748,25.084477295580417],[121.56322474037847,25.0841516768274],[121.5656886318665,25.083965107039717],[121.56604127402206,25.0842425363735],[121.56625275529208,25.085005908964913],[121.56690432382602,25.08531347359301],[121.56836519284657,25.085146285896],[121.56913994334245,25.084523463240895],[121.57095282774037,25.084492196583653],[121.57194631266412,25.083658761241853],[121.57326626096905,25.084287772891898],[121.57437251827106,25.083616613254012],[121.57511919949835,25.08373636629249],[121.57594483927826,25.083519859398937],[121.57707295891194,25.083735284022758],[121.57828205081358,25.08274116420735],[121.57926862353989,25.082810765449704],[121.57980262057708,25.082606880479815],[121.58150727448836,25.080819204253967],[121.58189871212633,25.07991326673262],[121.5837352655033,25.07964947958748],[121.58447118213735,25.079791265272046],[121.5855830954117,25.08082441681245],[121.58646557844794,25.080746947371892],[121.5875412952787,25.080095742498983],[121.58826391851818,25.080432814345226],[121.5883834598794,25.080917579439934],[121.58787596201964,25.081841322975258],[121.58799892697608,25.082369395114693],[121.58948785738222,25.083972067403593],[121.59057512084762,25.08408514338725],[121.59096688323915,25.08442662225595],[121.59136143523453,25.085695326763023],[121.59072800339062,25.086421181184242],[121.59062742793246,25.08697008630903],[121.59135188737422,25.08805298035451],[121.59240398462885,25.08816631261431],[121.5933680835354,25.0875834735958],[121.5946329969323,25.08791130982568],[121.59636797358873,25.087496807479763],[121.597001597444,25.086761111740316],[121.59743664978947,25.086639013899475],[121.59779969301714,25.086793597125197],[121.59952440549344,25.08871009123992],[121.60062252947641,25.08934970602872],[121.6011909574831,25.089450280118246],[121.60191582926585,25.089191036665756],[121.60283676687213,25.089403978353538],[121.6036844583029,25.088613183365073],[121.60445661919886,25.08846618911961],[121.60487039603474,25.08807964992433],[121.60481148966657,25.08712765759253],[121.60514442667922,25.086207961769627],[121.60432767759964,25.085405062173507],[121.60420386530376,25.08483849026463],[121.60501706615344,25.084110997684256],[121.60583367187472,25.08280740359321],[121.6058450974796,25.081703758563574],[121.60535597870535,25.080927000821138],[121.60551778788154,25.08010866042637],[121.60504132506783,25.07958472125577],[121.60244426512614,25.07979832281765],[121.60134210486198,25.08064687588104],[121.59963634755685,25.08075218188207],[121.59928206441259,25.0810193790031],[121.59892095203053,25.08184890650247],[121.5983850688044,25.081999313804847],[121.5979752182164,25.081725041253357],[121.59776575826852,25.080733420543716],[121.59699604779048,25.0796154485623],[121.5955149365703,25.07988576966536],[121.59478538032636,25.078996572594384],[121.59372605328268,25.078696721248345],[121.593078980404,25.078847861364295],[121.59215122554629,25.07870911063744],[121.59112670365207,25.079298143264435],[121.59066335224477,25.079317401348426],[121.5902889182754,25.078924774085504],[121.59028504584904,25.07784849794906],[121.58918278360422,25.07731347823583],[121.58867210154402,25.076365890018796],[121.58641576311518,25.075910428047866],[121.58518005557924,25.07642231941608],[121.5838374113357,25.075520620630275],[121.58327439196812,25.07572463383323],[121.58284197246017,25.0763019955948],[121.58215794675164,25.076476089113125],[121.58122796274554,25.076289582891057],[121.5805812498883,25.075711568090234],[121.57882370769187,25.07537552701916],[121.57763770226018,25.075740469466837],[121.5759186637907,25.07582961323796],[121.5749746260919,25.076559455605192],[121.57405856766529,25.07616519359249],[121.57311590579363,25.076351776203083],[121.57238970373557,25.076041259999773],[121.57191800832611,25.076080921318766],[121.57148275068978,25.076389745958203],[121.57137439022564,25.07692046541019],[121.57236153655754,25.07814705187352],[121.57245708599118,25.078617657380505],[121.57218405513619,25.07979649709719],[121.57157381605145,25.080159648629053],[121.57071476976394,25.079622047567046],[121.56987449148548,25.078243280227877],[121.56929175712447,25.07814458388957],[121.56803821083645,25.07856067415343],[121.56718361204106,25.07755755148449],[121.56627393504279,25.0774435093156],[121.56584694473912,25.077835657875326],[121.56566261294519,25.078685709056778],[121.56482743797548,25.079321653008],[121.56485716886279,25.080562157426865],[121.56306610725322,25.082099296686064],[121.56272533638489,25.082821422944146],[121.56231965029664,25.083036785596818],[121.56175302756509,25.08287492990319],[121.56130073233301,25.08216285174242],[121.55976911619359,25.08124436413625],[121.55923536132478,25.08043907428957],[121.5577504834206,25.08028743795974],[121.55758314979776,25.079068271400338],[121.55724776489231,25.078623179945648],[121.55620113981719,25.078444424482594],[121.55514833817224,25.07871650355503],[121.55366390204767,25.07786072006081],[121.55274157156909,25.077784870670076],[121.55184349682791,25.076953914075915],[121.5507580776081,25.077227260743776],[121.54977770844002,25.076669215959672],[121.548645786026,25.0770022949328],[121.54768139001942,25.07662632326752],[121.5465807282602,25.077063107897914],[121.54551582095431,25.07667063992797],[121.54488362184675,25.076071253460675],[121.54441250245137,25.076026254732916],[121.54349903352632,25.076847718558472],[121.54317883350893,25.078138014347832],[121.54086264163311,25.078752267446845],[121.54035545692744,25.079377531320308]]],[[[121.47478361727893,25.12365934233726],[121.47418342841023,25.12235319489483],[121.47331489270763,25.121178739712274],[121.4722113912512,25.12018110609234],[121.47091533074378,25.11939862790242],[121.46947651388231,25.118861371130386],[121.46795022610493,25.118589979106023],[121.46639511214202,25.11859487966794],[121.46487092380077,25.118875884671578],[121.46343622531167,25.119422197191955],[121.46214614417919,25.12021282614838],[121.46105025375152,25.121217392462388],[121.46019066871517,25.12239729584711],[121.4596004266164,25.12370719748971],[121.45930221761232,25.125096761755255],[121.45930751136224,25.12651259007715],[121.45961611478587,25.127900272788626],[121.46021617790666,25.129206480082388],[121.461084647796,25.1303810117399],[121.46218815339334,25.131378726815754],[121.46348428736545,25.132161279041657],[121.46492323583095,25.13269859115842],[121.46644969331628,25.13297001141054],[121.46800498925454,25.132965107661967],[121.46952934413441,25.132684068542403],[121.47096416837144,25.13213769617068],[121.47239826425381,25.131227382683385],[121.4732808760561,25.131604111156914],[121.4740036995616,25.13104289327926],[121.47400774454454,25.130478622873408],[121.47357656484337,25.13006244357271],[121.47454011540479,25.128520583126477],[121.47509786296646,25.126462816068045],[121.47509238724119,25.125046990932816],[121.47478361727893,25.12365934233726]]],[[[121.48443328659667,25.13737237103038],[121.48464298486579,25.138012882092138],[121.48527815209609,25.138243277924744],[121.48584757070567,25.13802024665938],[121.48609538839878,25.13739210155796],[121.48586119625217,25.13688263041252],[121.48523824823249,25.136664721987838],[121.4846785704382,25.13687790184251],[121.48443328659667,25.13737237103038]]]]},"properties":{"city":"taipei","minutes":10,"minutes_label":"10分鐘"}},{"type":"Feature","geometry":{"type":"MultiPolygon","coordinates":[[[[121.54068153525739,24.997402181348505],[121.54212521808982,24.996843973943523],[121.54262515206077,24.99607022493917],[121.54350352713692,24.995577540850533],[121.54383118339105,24.994930710755856],[121.54442571400205,24.994486092112478],[121.54517091733281,24.992733082502742],[121.54467270164591,24.991769613778576],[121.54360763012349,24.990936417194686],[121.5426158490901,24.99053976537375],[121.54216643418906,24.990053721292934],[121.54094996503309,24.98996694512363],[121.53989477164976,24.989380442342824],[121.53943715169736,24.989341038903408],[121.53895943443668,24.989564290250204],[121.53853262744285,24.990169409976392],[121.53851744616804,24.991408222963486],[121.53735896667123,24.993501897223748],[121.53724526081886,24.994920480526204],[121.53772110563547,24.99544465378548],[121.5392500608263,24.99574964173788],[121.53980855970002,24.996905270416498],[121.54068153525739,24.997402181348505]]],[[[121.53565246764543,25.001197997181624],[121.53569442102437,25.003379230005955],[121.53690644104401,25.004320210399207],[121.5371817107221,25.005456560811126],[121.53804936144753,25.005724345809828],[121.53886079553679,25.00628566941565],[121.53960138406396,25.00620394536133],[121.54008611956462,25.00539023475281],[121.54142913490956,25.0045212958368],[121.541749124464,25.0038840476747],[121.54171981057121,25.003175938453253],[121.54207571665452,25.00259504612228],[121.54167719583783,25.000508905020904],[121.54174586551137,24.999739799691458],[121.54101118737157,24.998483205465735],[121.54053619505123,24.99804887150016],[121.54003208099684,24.998223442392153],[121.53942648341436,24.998664472883846],[121.53832458785895,24.998994016179577],[121.53734092464362,24.999839042130816],[121.53657974863151,25.000158745827445],[121.53565246764543,25.001197997181624]]],[[[121.51996276591738,25.030339562955724],[121.52105978685461,25.03014560011999],[121.52188284360716,25.029157516259215],[121.5230757590923,25.02950148428939],[121.52407373196895,25.029143977419935],[121.52665391060494,25.027448702199788],[121.52684576257316,25.026301235103592],[121.52551539156391,25.02499527703121],[121.52567476454738,25.023977755253515],[121.52606648376707,25.02368251756343],[121.52740215434696,25.023642430061287],[121.52823652760432,25.024012768255503],[121.52883172226835,25.023958879043494],[121.53047530967389,25.02202161707645],[121.53114160096095,25.021630685467425],[121.53134800177878,25.021001850295377],[121.53090820162816,25.020146119618328],[121.53149459632755,25.017821245167337],[121.53196574150351,25.01767510734577],[121.53340096397835,25.01805327347314],[121.53399373445696,25.017989068737965],[121.53479948404281,25.01744592378171],[121.53518780015789,25.016427900479147],[121.53729757567856,25.015887874939605],[121.53765686774426,25.01562698447956],[121.53778136653273,25.015074218980914],[121.53738321168869,25.01417765179779],[121.53759405599875,25.01335422010221],[121.53721754885194,25.011778277702685],[121.53693124658774,25.01145088722427],[121.53633901299489,25.011335441899888],[121.53393961034489,25.011953825575553],[121.53317176447081,25.01182341742977],[121.53263799098325,25.012027132785075],[121.5322785747545,25.01326467704273],[121.5311791691215,25.013441237196947],[121.53072439913359,25.0139502348848],[121.53092758755041,25.01488821700338],[121.53060827031021,25.015765658879552],[121.53117488991838,25.016646464403856],[121.531036507823,25.01734712929256],[121.52958372549908,25.017857678516222],[121.52802847620994,25.017422338615113],[121.52686967455904,25.017506983756974],[121.52637965232088,25.018060554071536],[121.52591997723974,25.019256864371428],[121.5244446760641,25.020486444136743],[121.52439567954553,25.021276215949854],[121.52473267741526,25.02193776023871],[121.52452593571209,25.02330699257389],[121.52339401108378,25.02389323905833],[121.52172031269029,25.023862406426975],[121.52084946068342,25.024725633424197],[121.51822133541276,25.02597603369375],[121.5180736381776,25.02660178350009],[121.51861501244964,25.0273966463798],[121.5186911642506,25.02866939371414],[121.51949129929727,25.029278924812196],[121.51996276591738,25.030339562955724]]],[[[121.52490035771746,25.0331654369709],[121.52382177696533,25.03565635398537],[121.52415692260092,25.036101527446323],[121.52615655991002,25.036329962115172],[121.52722244064545,25.037397883776077],[121.52778711046379,25.037597681252436],[121.52859264040069,25.03731894503212],[121.52992819844309,25.035193147109393],[121.53137554001894,25.034142857664474],[121.53258619839958,25.034646656436525],[121.5334850625894,25.034739859112104],[121.53410175833451,25.03560890532638],[121.53505687846429,25.035857915152576],[121.53598693558742,25.03643868210626],[121.53655579119922,25.03621546217819],[121.5370299815956,25.03537587373702],[121.53849478745556,25.034964944786818],[121.53947205145677,25.033911784283756],[121.54085696154452,25.034132107711017],[121.54135839788749,25.034878376399224],[121.54214457548827,25.035259568739],[121.54349904861695,25.03717420556995],[121.54234954646046,25.038658507863456],[121.5420736603865,25.03938151791639],[121.54043257849663,25.040390963565056],[121.53998736847504,25.040885205912158],[121.53991806810252,25.042193198491802],[121.54076704918725,25.042947950689474],[121.54164955718181,25.044325277541606],[121.54258139010432,25.044614988811656],[121.54303525903168,25.04522908265477],[121.54388939367415,25.045698381097484],[121.5450990440137,25.045253380289395],[121.54541480923056,25.04471888854272],[121.545508287733,25.043873918897134],[121.54689658711585,25.043164143087974],[121.54754509039171,25.043279176836382],[121.548260177083,25.04430005547294],[121.54983018251654,25.044446742930173],[121.55196088202128,25.043145201365533],[121.55271903137287,25.04236694326544],[121.55373944223287,25.042131477211544],[121.55460074378566,25.04264072634627],[121.55464997073217,25.04344071428941],[121.55500033123963,25.04403288410458],[121.55626518735791,25.04422857636568],[121.55802187527179,25.04559939411766],[121.55862762236438,25.045481480092135],[121.55907393403376,25.04481709617643],[121.55976460827793,25.04436770761653],[121.55999317546822,25.043669316624847],[121.55975720687069,25.042688205792604],[121.56027871304006,25.042269571661382],[121.56164161962276,25.04229678558506],[121.56223278730755,25.042862136261565],[121.56295613004973,25.04307542505436],[121.5646272001721,25.044232407118024],[121.56648427797032,25.044664523570482],[121.56775882938585,25.043634871735808],[121.56825331890163,25.042284375423108],[121.56917225889349,25.041974047458506],[121.56955098908826,25.04130669700413],[121.56941680723483,25.040510481833678],[121.5673664362272,25.03868869180715],[121.56598827770226,25.03827820893019],[121.56329355465692,25.038315045049657],[121.56277850914502,25.038631008139742],[121.56231247833922,25.039652561767596],[121.56143344456851,25.040072272981742],[121.56057722631378,25.039703600810235],[121.56025214298624,25.039058330615724],[121.55934384532303,25.038185359386315],[121.55776336523995,25.03712011625002],[121.55708303944022,25.037387367007558],[121.55606833070847,25.038537077926602],[121.55571733638405,25.039222834171483],[121.55571455908739,25.040162248051775],[121.55530273638959,25.04052493172065],[121.5544585719982,25.040454764463508],[121.55371171129815,25.040706607468486],[121.55285023023562,25.040496835132288],[121.55235708230818,25.039856585098313],[121.55162469126438,25.039471727891428],[121.55088158212786,25.038408890545167],[121.54954991325057,25.037748916109383],[121.54828247083455,25.038287033210832],[121.54708138759379,25.039909264528223],[121.54622023082024,25.03983563690314],[121.5452592209396,25.038871641312042],[121.54419368569629,25.03703676576269],[121.54478661576168,25.0357353292473],[121.54659786535491,25.034760213328813],[121.54790721646566,25.033278911690356],[121.54757886941637,25.03254725630789],[121.54547604461366,25.03148699775813],[121.5446742472925,25.029075709041386],[121.54492282763563,25.027482488629985],[121.54606954783031,25.02694645764767],[121.54671136940732,25.026305668966],[121.54705650681723,25.02470966800261],[121.54650983602613,25.023848206764335],[121.5449957339644,25.023168052218136],[121.54453564612047,25.0223032954309],[121.54365388269048,25.02170211753203],[121.54287206875054,25.021903409984574],[121.54145490808197,25.02367279099814],[121.54075080292911,25.024038365169595],[121.54052494537808,25.02441755254964],[121.5404904721428,25.025712900048166],[121.54098559853878,25.026393007324398],[121.54110232617332,25.027119102933856],[121.54248476305389,25.028555984659445],[121.54272793188383,25.029136500352493],[121.54226970742013,25.030141562419775],[121.5424440234633,25.03090945995472],[121.54226914413753,25.031444954167227],[121.54133226447966,25.031954468510765],[121.54095602185106,25.032448316440668],[121.5395257540027,25.03295056121137],[121.53911390605168,25.032901481088736],[121.53727200480114,25.03054724073659],[121.53589164381364,25.03021831983561],[121.53345689349135,25.030952905766267],[121.53252159629211,25.032560816226923],[121.53138237844944,25.033163119559557],[121.52934132825058,25.032049364789057],[121.52848467697893,25.03194091492162],[121.52792453350587,25.031089915679846],[121.52721850672772,25.03059058704619],[121.52674756682457,25.030545529028128],[121.52591620910285,25.031157652869954],[121.52594167150224,25.03259640729623],[121.52490035771746,25.0331654369709]]],[[[121.49676994838647,25.03493760860502],[121.4969355994901,25.035935528119943],[121.49843617862601,25.037289100219205],[121.49964980095992,25.037587276696417],[121.50104210011763,25.039080430564884],[121.50201560199334,25.039191598708452],[121.50264268355325,25.038722265416563],[121.50273188722113,25.037489747721903],[121.50391773753176,25.037227638895605],[121.50477612236816,25.03640086628919],[121.50518228792936,25.035631335692553],[121.50519282746038,25.034177686949842],[121.50485416863164,25.033719629094605],[121.50342052966958,25.033349165797546],[121.50148268005734,25.032020718671227],[121.50078917081832,25.03183551348829],[121.49934492133092,25.032004397663176],[121.49757084165726,25.033545114210156],[121.49737501616636,25.034280542036015],[121.49676994838647,25.03493760860502]]],[[[121.53193608765498,25.04201506985725],[121.53186581285868,25.042692358829495],[121.53244493056302,25.04312187072024],[121.53349591911578,25.042936854557716],[121.53395426013091,25.042414983821043],[121.53382493692777,25.04186313499497],[121.5330062658655,25.04132852881982],[121.5324121598549,25.041438404033375],[121.53193608765498,25.04201506985725]]],[[[121.50492768702868,25.042091858013414],[121.50505945629635,25.044209243907794],[121.50586490199717,25.044886274795616],[121.50798448141984,25.045809266561122],[121.50822269070751,25.046153939208377],[121.5081299448441,25.046552375446844],[121.50672651778235,25.04807816122177],[121.50644701371851,25.049365035126364],[121.50704229371887,25.04990694697189],[121.50827060508962,25.050249208988593],[121.50864082345231,25.05131874725295],[121.50951469894027,25.05202715379786],[121.51036992184557,25.05202421770754],[121.51131206283732,25.05142955886071],[121.5117871583796,25.050524287319323],[121.51374219885102,25.049880535400955],[121.51397026411944,25.049488274582096],[121.51394061274432,25.04861234754484],[121.51435456370888,25.04826795141062],[121.51546038234963,25.048407492101244],[121.51623466323004,25.049318009622507],[121.51828211050447,25.049554722183622],[121.51869443716525,25.049965965715106],[121.51856694312886,25.050569855870474],[121.51694400867355,25.051748865544614],[121.5161285089129,25.053191141335173],[121.51625984536714,25.053729892455905],[121.51723155541275,25.05420129596664],[121.51782817053471,25.05525958371756],[121.51718949461814,25.056512224851353],[121.5173489370887,25.058511882340714],[121.51795327960245,25.059379516858673],[121.51752639995763,25.0606155233784],[121.5159622038985,25.061866712543488],[121.51545983150557,25.061959013824797],[121.51505760473206,25.061764974453496],[121.51384123226552,25.060265156199723],[121.51292213203615,25.060243992367184],[121.5126192611691,25.060575690684402],[121.51236220614506,25.061583636414202],[121.51067475084093,25.06187617693109],[121.50922494757035,25.062596970580877],[121.50917408339423,25.06344558029292],[121.50979722368298,25.064444676599],[121.51116235313039,25.064727576839083],[121.5116473435886,25.065257238558853],[121.51257567705511,25.065756333792493],[121.51294353692046,25.06655267176575],[121.51351913451914,25.066761381401125],[121.51435621749295,25.066346195757262],[121.514727525535,25.065423815430734],[121.51613188414723,25.064290946698453],[121.5166222766959,25.064365622001766],[121.51753471183856,25.065075788024828],[121.51786767748037,25.06561825001558],[121.51910706708365,25.06626338026714],[121.51972916519185,25.0660322238379],[121.52031830229433,25.065022721495293],[121.52219262360478,25.064389780838827],[121.52337424577854,25.06347490940088],[121.52586161030699,25.06361513134862],[121.52633579075605,25.063966784236598],[121.52631080752784,25.065027529568315],[121.52692600408422,25.066647927671834],[121.52757155893303,25.066965681642507],[121.52818473530398,25.06674587839441],[121.52841070614758,25.066366710017377],[121.52837636453899,25.06564355501651],[121.52873437634662,25.065049794984045],[121.52842976503464,25.063981457956302],[121.52875840251423,25.062796081136916],[121.52865826959452,25.061558062524973],[121.52820688093192,25.060898025786294],[121.52821076060268,25.060035564983743],[121.52799237341434,25.059666874773757],[121.52744584202152,25.059458117709124],[121.5265435681819,25.05960263281913],[121.52584999747023,25.060615908083285],[121.52459222484961,25.061103582840623],[121.52365304861624,25.06199678057067],[121.52290784508757,25.061826512557996],[121.5220901846591,25.061171076641894],[121.5221918069059,25.06063066327741],[121.52330868552158,25.060240397767153],[121.52499545163961,25.058309628942315],[121.52461705760184,25.05708118559291],[121.52361204489429,25.05660092162214],[121.52337951848652,25.05589572999189],[121.52277275976326,25.055157422906554],[121.52341022142973,25.053906217263467],[121.52439161548604,25.05303855546555],[121.52441800420502,25.05190348382753],[121.5239808369813,25.050963929880623],[121.52168027395336,25.049905621853153],[121.5212146421739,25.049427582561396],[121.52048020483682,25.0491846494874],[121.52026266041581,25.048804637861252],[121.52044260452591,25.04748029478078],[121.5209516082168,25.047152539600667],[121.52265635869651,25.04755378853101],[121.52382290610501,25.048685924332975],[121.5248430745204,25.04862078569593],[121.52516628761143,25.048168329272386],[121.52514245604806,25.04705588737824],[121.52640671442678,25.04638925742047],[121.52641917222081,25.0451958384596],[121.52743828946996,25.044560425732325],[121.52751000757962,25.04384956590865],[121.52694502487319,25.043423203890228],[121.5258953312065,25.043418804430466],[121.52535802452708,25.04256238896424],[121.5242489335716,25.042307127836295],[121.52374119712664,25.041576630767135],[121.5225280424067,25.040910216825452],[121.52187944206409,25.041222552065847],[121.5216500608915,25.041805349912376],[121.52010537860491,25.043641017528067],[121.51897136286503,25.04346811666488],[121.51783924671999,25.04365907672605],[121.517574310337,25.04337374226193],[121.51739750551923,25.042422294107514],[121.51916784584485,25.041404562897313],[121.51918740653889,25.04033790673654],[121.51867267559585,25.03988380476962],[121.51776442137223,25.03969125471363],[121.51705040491852,25.03865821013495],[121.51623350187177,25.03873087409475],[121.51504858338141,25.037792206846007],[121.51517024338341,25.037342465396236],[121.51563710366086,25.037138858936636],[121.5167869793363,25.037537082026997],[121.51727150182143,25.038056990953343],[121.51856010297222,25.037770599298003],[121.51918454243796,25.037294991169034],[121.51945668508868,25.036506061025968],[121.52023923890225,25.03602958660463],[121.52034970645036,25.035119702381838],[121.52117908931659,25.03304890234059],[121.5196221732974,25.030886867068638],[121.51870521928542,25.03087138838088],[121.51732000471797,25.031505346582048],[121.5158892233782,25.03181029494624],[121.51510871258479,25.032682503106432],[121.5136636313296,25.03315807791351],[121.51225578585512,25.03300376700952],[121.5113645089105,25.032072375510285],[121.51067850383822,25.031752019679324],[121.50947059513243,25.0320873481208],[121.50875139656033,25.034052291649086],[121.50778179108055,25.034508142081457],[121.50709182354996,25.035420759928787],[121.50687877239716,25.03677752735667],[121.50751900010107,25.03817399286147],[121.5065998103398,25.038899023251158],[121.506136169471,25.039594957201867],[121.50515854378153,25.04134714266765],[121.50492768702868,25.042091858013414]],[[121.50996123988097,25.04001812193246],[121.51037517377836,25.039673736770776],[121.51124217769413,25.0397601816067],[121.51184094370912,25.03949194404362],[121.51206899649937,25.0390996858065],[121.51201106011573,25.038048864707335],[121.51291342854594,25.037695757534596],[121.51364110941431,25.037020155510284],[121.51420088343495,25.036993160812738],[121.51486460923586,25.037477927827542],[121.5148914876926,25.037940478034226],[121.51412526203951,25.038625189297306],[121.5138185491024,25.03957059279464],[121.51261900515908,25.04043719614304],[121.51228396913719,25.0410100063203],[121.51241319533167,25.041561875530416],[121.5132510590894,25.04218380979562],[121.51325613097582,25.043751223837923],[121.5143808977331,25.044645895835977],[121.51406201242793,25.04600871971352],[121.51303993608646,25.046971192348597],[121.51240285344656,25.046886323531066],[121.51176729226513,25.046163862009042],[121.5109503149678,25.045986977980615],[121.51058917187294,25.04564774758582],[121.51075063567282,25.044726872867294],[121.51194200938444,25.0430723418865],[121.5113298658271,25.042114736326088],[121.51038518295026,25.041618570310863],[121.50996123988097,25.04001812193246]],[[121.5081746134796,25.038357014443342],[121.50840223663619,25.03780695603842],[121.50923657552539,25.03767622974185],[121.51017373695584,25.038616420974577],[121.51019753899088,25.039327810588567],[121.50971441501795,25.03960813094502],[121.50888989825643,25.039448916085856],[121.5081746134796,25.038357014443342]]],[[[121.53898380389545,25.052238794493107],[121.54048874156572,25.053972573829526],[121.541471021225,25.05412825039251],[121.54303625539573,25.055275046943816],[121.54400148522842,25.05548137930127],[121.54471404567825,25.055232457813993],[121.54522258824358,25.05477344202446],[121.54639879222671,25.054498273935607],[121.54694513531548,25.052791911135134],[121.5474520973294,25.05238930034205],[121.54795537666539,25.052455409921823],[121.54894431443324,25.053251885197906],[121.55032994393298,25.052918685208944],[121.55118572634973,25.05344179139808],[121.55170567710283,25.05439995606153],[121.55285306138705,25.054492074141248],[121.55390214301129,25.053804291644802],[121.55466013533993,25.05266074369225],[121.55567941967688,25.052326838457198],[121.55608982703917,25.051613736558252],[121.55578609992112,25.050912314985045],[121.55448066739602,25.05035012789809],[121.55302219800613,25.048110140573332],[121.55255534178238,25.047983025223868],[121.55173458525968,25.048190317287354],[121.55072197641675,25.047850420840245],[121.55016281781205,25.04806384188566],[121.54964706612999,25.048805610720223],[121.54881761839509,25.04910923685068],[121.54838534243062,25.05025534063274],[121.54739359894533,25.05107602082977],[121.54653176795382,25.050866644629913],[121.54564745993501,25.050345121725314],[121.54482474680248,25.048933697589877],[121.54435224177628,25.048525566084543],[121.5434887324578,25.04845605639293],[121.54269504429344,25.049571857291703],[121.54171328361825,25.05001933370287],[121.54062021414762,25.05094027959526],[121.53919764615974,25.051510600107843],[121.53898380389545,25.052238794493107]]],[[[121.52915880416413,25.052167096857758],[121.52930389591894,25.052643748643604],[121.53059854956066,25.05353324139923],[121.53170183836971,25.05499685820118],[121.53161480156952,25.055403790484988],[121.53006259784992,25.05720556929633],[121.530311614648,25.058763552210934],[121.53199954947493,25.060672047355677],[121.53244704124188,25.061653843727672],[121.53299359055845,25.0618625820243],[121.5336547458635,25.06172326377073],[121.53463349720695,25.060403410874834],[121.53552099801819,25.059954187640116],[121.53582301095929,25.05919720238943],[121.53715607573773,25.058671837068296],[121.53745887498275,25.05834008977802],[121.53748213313719,25.05753471690332],[121.53715500725049,25.05708458742896],[121.53660575774322,25.056945120029066],[121.53562773715488,25.05713448833551],[121.53464243203551,25.056667901192544],[121.53441583992539,25.056215957935684],[121.53449444938872,25.055597143619973],[121.53561854668247,25.054269299481206],[121.53576017562324,25.05347553649326],[121.53677986417394,25.053182745865232],[121.53745554756428,25.052675508680913],[121.537623831005,25.051888516055993],[121.53722519717962,25.05130564077058],[121.53596450329384,25.0505184325834],[121.53554709691689,25.049648446968522],[121.5349524733117,25.049131443187953],[121.53414605793938,25.048881054896615],[121.53371900737385,25.04804563576525],[121.53314817928322,25.04782651873494],[121.53238597094797,25.048164999706255],[121.53193376411079,25.048969552191522],[121.53081884726491,25.05011456597915],[121.53051113994933,25.051009014471056],[121.52937536094369,25.051408814186928],[121.52915880416413,25.052167096857758]]],[[[121.54153851820095,25.06302603061057],[121.54201252259874,25.063540943904343],[121.54303550386,25.063808387318165],[121.54359749117761,25.064937043045635],[121.54436358014651,25.06512384685777],[121.54499625432356,25.064745644832524],[121.54595128338576,25.063254609012873],[121.54680463220217,25.06284241476723],[121.5474433192475,25.06219323958783],[121.54724966313823,25.061168176040507],[121.54750808502247,25.06045578136252],[121.5473211248541,25.05995972304276],[121.54605857040605,25.05942563408793],[121.54522527690509,25.05823713799605],[121.5450442908458,25.057441796325865],[121.54429630448517,25.05691003713223],[121.54369000945094,25.056912257934073],[121.54302530313754,25.05743521572346],[121.54179220763791,25.0591739355715],[121.54156448431581,25.0608992594918],[121.54057835858478,25.062195450157912],[121.54081197192319,25.062718074588023],[121.54153851820095,25.06302603061057]]],[[[121.54910574651305,25.06170090770368],[121.54922258740446,25.06267696028421],[121.54865609542165,25.063540129323115],[121.54916182398115,25.064209385379264],[121.55405137100975,25.064356372900356],[121.55477158930391,25.063896409852287],[121.5546011715173,25.06232344482775],[121.55364414222622,25.061440238972178],[121.55214187800027,25.06059518391867],[121.55140965701395,25.05982091083151],[121.55066875626875,25.05990269846796],[121.54934253530897,25.0612372938758],[121.54910574651305,25.06170090770368]]],[[[121.51701391589748,25.070514992094818],[121.51760817778218,25.07155847754153],[121.51773799052819,25.0724733748014],[121.51748852826628,25.073353764049838],[121.51771291390604,25.073853406420746],[121.51860998325598,25.074169511278264],[121.5192207202172,25.074738614120733],[121.52018506276018,25.07479317988092],[121.52090882770486,25.075481217352195],[121.52176084795428,25.075330701484038],[121.5220014806571,25.074810715941688],[121.5216749900843,25.074096694360385],[121.52173572345993,25.07369492290465],[121.5232003588024,25.072966387465858],[121.52379833890146,25.072277033545017],[121.5237452106748,25.071848327323867],[121.52322855854447,25.07121846534243],[121.52333838228272,25.07041677842514],[121.52311475050831,25.06993037542814],[121.5223639610618,25.069590047332838],[121.52109445526159,25.06971420962534],[121.52078035352883,25.06925617633588],[121.52074182816163,25.06800120218318],[121.52037144511775,25.06773226833209],[121.51967483668192,25.06769333069988],[121.51894798643993,25.068219815109785],[121.51866300667815,25.06898710084624],[121.51723332135263,25.070000569255747],[121.51701391589748,25.070514992094818]]],[[[121.54416136943375,25.07973701338721],[121.54449786977348,25.080502784758092],[121.54547088666536,25.080869504165555],[121.54577882504226,25.082270351018025],[121.54698221868152,25.082551676757294],[121.54854945725386,25.083964746970473],[121.54930102046018,25.084227475867905],[121.5498700698465,25.08400420305176],[121.55052766738307,25.0827280903019],[121.55150051392069,25.081799047386912],[121.55155253532068,25.080859970761168],[121.55198910966305,25.0799241553286],[121.55175476059172,25.079414786974166],[121.55070019744605,25.078668198699066],[121.54966425988499,25.078546399018585],[121.54770438977387,25.077385823344134],[121.54621000662456,25.077987593988645],[121.54448023629702,25.07913128724985],[121.54416136943375,25.07973701338721]]],[[[121.52271068165165,25.08584561419015],[121.52305174358666,25.086316723120053],[121.52458718121822,25.08687852631089],[121.52537004995686,25.087789129740322],[121.52626851456507,25.08791147659674],[121.52673613156406,25.0877634743061],[121.52720506974019,25.087270057250226],[121.52726839613028,25.08620882107531],[121.5277478269509,25.08553151117187],[121.52766648596014,25.083377171398357],[121.52646847093298,25.082293143394374],[121.52613717799879,25.08140538150948],[121.52519704330304,25.081091193762457],[121.52472647954517,25.08041088672402],[121.52411746042564,25.080094639954567],[121.5234034763608,25.080294643332476],[121.52282360280032,25.081367866533522],[121.52302645862245,25.08233581801846],[121.5236083969553,25.082883248905233],[121.52387319174316,25.08363868182996],[121.52373247788012,25.08469696078332],[121.52283750286011,25.08530596251738],[121.52271068165165,25.08584561419015]]],[[[121.52440837174588,25.092901387704373],[121.52352679667142,25.094921007178247],[121.52357645503544,25.095362576677076],[121.52439437596774,25.09594680988474],[121.5247570532416,25.09657211552636],[121.52530374630102,25.09678087884495],[121.52773486448221,25.096111159951974],[121.52823829787032,25.095179904488823],[121.52917766364986,25.094679010915925],[121.52929868285432,25.094113416861667],[121.5284997889392,25.092834304725873],[121.52813405002038,25.090165062861473],[121.52773786897096,25.0896597158219],[121.52728540774591,25.089531822101637],[121.52674870899364,25.089683793410142],[121.52576419261038,25.091299118224345],[121.52478839363165,25.09137770304782],[121.52430816395078,25.091672369954427],[121.5241684788283,25.092097632431177],[121.52440837174588,25.092901387704373]]],[[[121.51164692903878,25.11360877865279],[121.51152323484098,25.114011967167485],[121.51174950004742,25.114585662768736],[121.51332571641785,25.115657094415887],[121.51292064741457,25.116865444101617],[121.51326366560582,25.117456342194142],[121.51435642018241,25.117743776711244],[121.51529226898217,25.117504963411548],[121.51649993278888,25.117893176452753],[121.51714894757708,25.11758086122894],[121.51727167155958,25.116709539731634],[121.51771921038038,25.116045160266662],[121.51772022257066,25.11465728352958],[121.51831128975763,25.11407299401682],[121.51852910864875,25.1133050048612],[121.51940645418254,25.112833169715405],[121.52052568214707,25.111525091911425],[121.52125934009668,25.111282121856856],[121.52154985696595,25.11095726190641],[121.52175536912287,25.109285392889337],[121.52120094264248,25.108131843927712],[121.52172976745766,25.10696128495872],[121.52249870443528,25.106312838995574],[121.52296975733174,25.105520450832287],[121.52395863694412,25.105405767724285],[121.52456967345871,25.104799839287192],[121.5254376837875,25.10458726563038],[121.52586457404583,25.104153149216216],[121.52588656269963,25.103483370307856],[121.5246855425742,25.10173501962034],[121.52454921420433,25.099645180770224],[121.5242220200819,25.099195026390998],[121.5236240843206,25.098892641824477],[121.52304214370432,25.098995627822834],[121.52185899206907,25.099760640140378],[121.52150590284667,25.100480895131078],[121.52069910274557,25.101033327583547],[121.52062748336687,25.101794049898132],[121.52141092836592,25.10247577809551],[121.52150641351068,25.10335016117162],[121.52051193071718,25.106070384874375],[121.51995876815803,25.106516992230898],[121.51778141213697,25.106725227481082],[121.5172870043452,25.107023140870133],[121.51687221530736,25.1080946338656],[121.5157670632754,25.109105012731792],[121.51558328783561,25.11131934826037],[121.51488487726614,25.112704170314785],[121.51317500771593,25.11323952176617],[121.51241543131925,25.113187190139033],[121.51164692903878,25.11360877865279]]],[[[121.47069176341644,25.124066638065656],[121.46970575253502,25.122980573924558],[121.4683382882184,25.122320690276954],[121.46679754339986,25.122187441417374],[121.46531806345666,25.12260111192043],[121.4641250699615,25.123498729292347],[121.46340018201509,25.12474364798166],[121.46325376834496,25.126146347414984],[121.4637081381628,25.127493280678646],[121.46469413362614,25.128579384302462],[121.4660616492099,25.129239300295243],[121.46760248194926,25.129372555415095],[121.4690820349641,25.128958861420223],[121.47027504387735,25.128061204565586],[121.47099988055659,25.126816253531093],[121.47114620630589,25.125413547837493],[121.47069176341644,25.124066638065656]]],[[[121.49529131713948,25.130808427474136],[121.49522809542991,25.13274688480366],[121.49591727145386,25.133498775574413],[121.4957006329142,25.134285053762675],[121.4959918803509,25.134919070715604],[121.49711302127459,25.13540377691765],[121.49824525415042,25.134690056476597],[121.49889529833698,25.134666594201498],[121.49926210244504,25.134912326091737],[121.49924698163204,25.13552398150745],[121.49818380902043,25.136328459889423],[121.49800370724951,25.13704012795326],[121.4986083217427,25.1376832983828],[121.49970709940983,25.138208883819008],[121.5005828260406,25.13918360419341],[121.50132488720406,25.139260133139995],[121.50196899049816,25.138730567389526],[121.50274263979354,25.138548680358305],[121.50384686339507,25.138963632006366],[121.50503100311211,25.139033776028302],[121.50556537106002,25.13883015389511],[121.5058641165957,25.137844850073837],[121.50648385019605,25.137422465749562],[121.5067035233198,25.13693452705885],[121.50579270627095,25.1356611565596],[121.50428243653404,25.134801962557223],[121.5034897269065,25.134866205137907],[121.50267834602239,25.134547423683845],[121.50106094568146,25.134840220791602],[121.50032437264234,25.134483891643058],[121.50034745437938,25.134021175669982],[121.50107651731298,25.133051010026563],[121.50119928054325,25.131740542300957],[121.50204408831333,25.13083854106816],[121.50133102688977,25.12897363734081],[121.50266820511361,25.12752538203437],[121.5034402705545,25.127228142028113],[121.50396871325556,25.126558547456977],[121.50400851811915,25.12612864567108],[121.50358147641117,25.125175043396567],[121.50369674059756,25.122949016466],[121.50534869715746,25.122719774549882],[121.50724226110029,25.123381976337477],[121.50852856920632,25.122491054829975],[121.50963717068497,25.122334410302447],[121.51067724661331,25.120163261201174],[121.51047092811484,25.119509922705674],[121.5089703420229,25.11877570861326],[121.50743607413821,25.118379390724094],[121.5066838333818,25.117861230102882],[121.50544395484212,25.117633821343016],[121.50460222315795,25.1180779417237],[121.50423155137196,25.11900746122439],[121.50291765652,25.11986575005866],[121.50279300008336,25.12074749589773],[121.50249628007387,25.121142575386493],[121.50008677742979,25.122440166460198],[121.5000092413429,25.123831027159113],[121.49938153099451,25.124856025871907],[121.49850070170758,25.12547782884723],[121.49842428850461,25.126018989019876],[121.49915215454118,25.12719091670598],[121.49933601437361,25.12867777554816],[121.49821155657622,25.129049457923262],[121.49771836843239,25.12956979169711],[121.4968770068993,25.129950898365585],[121.49565800511851,25.130130409518507],[121.49529131713948,25.130808427474136]]],[[[121.47228642854708,25.1306809427788],[121.47241209056324,25.131245704975118],[121.47312614065166,25.131615876153077],[121.4737003547092,25.13140334348654],[121.47406848389295,25.130767802142877],[121.47383501751371,25.13024507498873],[121.47321045892927,25.12997262375925],[121.47264700029682,25.130176222403225],[121.47228642854708,25.1306809427788]]],[[[121.48447508759808,25.137776673661122],[121.48491058395666,25.13817824419151],[121.48558128568158,25.138187357219884],[121.48600874243557,25.137795435521134],[121.4860339554681,25.137116163592424],[121.48560341205439,25.136727055002897],[121.48493511822504,25.136720641948425],[121.48450766166808,25.13711256060166],[121.48447508759808,25.137776673661122]]],[[[121.56378119013522,24.998292733388176],[121.56402546647298,24.99879771631386],[121.56552049052641,24.999714980207013],[121.56548676053598,25.00070062778017],[121.56582554849696,25.001158547292118],[121.56643450509146,25.00126075570045],[121.56762789783866,25.000672972699377],[121.56845279082806,25.0012164980634],[121.56936230142809,25.001484986890908],[121.56992500875086,25.00128103000883],[121.57113336300353,25.000078453040935],[121.57158828423577,25.000076705766556],[121.5723508133551,25.00061430592388],[121.57282165251543,25.00065922136194],[121.57369465851932,24.999945796279462],[121.5744217035881,24.999833784189114],[121.57505821149826,24.99924056311329],[121.57581617002013,24.999059337682407],[121.57821895308079,25.000054986769864],[121.57966679427383,24.99991883034175],[121.58133440036165,25.000171211516236],[121.58211476090497,24.999950812875255],[121.5824515370735,24.99937063814617],[121.58223417274098,24.998506075670726],[121.58105166698242,24.99780006363312],[121.58019260208579,24.99763825479021],[121.57962397235313,24.996701014537745],[121.57799360398512,24.99650045770009],[121.57657775669642,24.995642612831013],[121.57584232035795,24.995775530491667],[121.57529595125919,24.996483748231483],[121.57488357518781,24.99666213913474],[121.5741335064899,24.996608589875652],[121.57310659998862,24.995768669584418],[121.57238958218377,24.995707095377412],[121.57163345974571,24.99651050294953],[121.57040380541136,24.9967245732884],[121.56994595723809,24.99770600830954],[121.56903914024977,24.997979521683398],[121.56767873406844,24.99806739603131],[121.56695533656888,24.99720385067088],[121.56569869138706,24.9969531701959],[121.5649650624886,24.997362823963662],[121.5641220287109,24.997518431802316],[121.56378119013522,24.998292733388176]]],[[[121.55368117080464,25.00093047999122],[121.55384764612698,25.001386452578267],[121.55471827505386,25.002096061851216],[121.554386190173,25.00333653653988],[121.55430042483954,25.005370372082005],[121.55494145587599,25.006132150422232],[121.55511603594317,25.00738214794668],[121.55545832940872,25.00804056291584],[121.55613494930145,25.008377582400247],[121.5572209631305,25.008080005185768],[121.55798408278268,25.009023924763365],[121.55885150275766,25.009027479414712],[121.55944441918493,25.00779209910179],[121.56022229664973,25.007376265799532],[121.56045013688797,25.00698393523341],[121.56029996962305,25.00608233167576],[121.5593296256026,25.00545983449624],[121.55920407581264,25.003457569616394],[121.55843540380764,25.002459578426226],[121.55889129344669,25.0015435553863],[121.55970779639198,25.00105802176631],[121.55979249020656,24.999513181257004],[121.5606151085959,24.99875338963986],[121.56083988131316,24.997838617207925],[121.56051212048594,24.996852131107165],[121.55978556189405,24.99647130084105],[121.55861783238367,24.996502061929288],[121.55622757866337,24.997591027700736],[121.55562647907614,24.9982324197622],[121.55466755057188,24.998753665834066],[121.55368117080464,25.00093047999122]]],[[[121.54827141879028,25.024462553753914],[121.54849506298856,25.024948921563052],[121.54912000359097,25.025290098283794],[121.54995380091727,25.02620547586737],[121.55191142402249,25.02640136054963],[121.55259466488465,25.026738090518016],[121.55338534898799,25.02667524252182],[121.5547466767278,25.02723929245975],[121.55534069289362,25.027129329242722],[121.55577548205439,25.026581271229468],[121.55574074505233,25.02459647918984],[121.55602674892963,25.023876639952416],[121.55583900032157,25.022360171791338],[121.55628615958811,25.021153752277595],[121.55686743938472,25.02086784807915],[121.55763113354296,25.021119085340853],[121.55850536094529,25.02098838259541],[121.55938100972644,25.02154449713623],[121.56009459359299,25.02134432598439],[121.56105804536227,25.019935444350267],[121.56139790717978,25.017482512051014],[121.56111842329607,25.016831227693842],[121.56030898893057,25.016450711937225],[121.55960982551147,25.01665277369857],[121.55924921165203,25.017561214781974],[121.55851622172278,25.017872080604818],[121.55763073351679,25.018661582055767],[121.55743487630068,25.019511300123302],[121.55649999834537,25.02093482891222],[121.55527399258932,25.020733263063406],[121.55434167046755,25.021194221907756],[121.55320960414213,25.020941960893328],[121.55112654038224,25.021660609991677],[121.54995614858343,25.021698254944933],[121.54947896961674,25.022203661669568],[121.54935694499999,25.02346153321864],[121.54850033656771,25.023938231960564],[121.54827141879028,25.024462553753914]]],[[[121.55954986823501,25.032289018094165],[121.5593175321348,25.033426392159353],[121.55986258093199,25.033943670138434],[121.56027706741216,25.034803765844554],[121.56190073432336,25.035143587715265],[121.56232858198496,25.03645998119258],[121.56307849412782,25.03681557878232],[121.56445157163141,25.03664559997873],[121.56502411510556,25.035657561278438],[121.56614853211235,25.035221453954723],[121.56709727497856,25.034553943374515],[121.56873241920155,25.034991777086656],[121.56947721187866,25.036090998596944],[121.5705255051604,25.036198503828125],[121.57119269398423,25.035575803212218],[121.57219290426372,25.035461668867537],[121.57344623221202,25.03450016820937],[121.57449491023178,25.03407896956048],[121.5748441079773,25.03347763861437],[121.5746195693732,25.032978082557044],[121.5739756613344,25.032581428435265],[121.57349275632197,25.031621207387868],[121.5730719300106,25.031423402609374],[121.57196682987748,25.031448751178985],[121.5713864241614,25.030978296099228],[121.57097008805631,25.03000971981592],[121.57060589779918,25.029733985159996],[121.56927916796292,25.029793755977337],[121.56872824532502,25.03095943111213],[121.56717573077562,25.031435633075947],[121.56636513057836,25.031168830459567],[121.56585377351098,25.03062750257898],[121.56527015309362,25.030389531565255],[121.56471485854765,25.029467257657384],[121.56358120394269,25.029219520613232],[121.56270465867351,25.029540661170085],[121.5615105541331,25.03037338304647],[121.56054041993735,25.031582923227724],[121.55954986823501,25.032289018094165]]],[[[121.54948168427315,25.032469047410686],[121.54956645028058,25.03432882543043],[121.55063620146997,25.034812810426278],[121.55192313467144,25.036660215325],[121.55287701275455,25.03697743785169],[121.55338543107979,25.03667741160876],[121.55362622880392,25.035988838221957],[121.55448772909219,25.035110421342825],[121.55610915817113,25.03399318589542],[121.55657514685245,25.03284361759282],[121.55622160630229,25.03236581712723],[121.55518389780764,25.032103830268795],[121.5529679177847,25.02981805603715],[121.55227859835185,25.029630760902073],[121.5516002906374,25.030067656592887],[121.55088436250658,25.030982845566264],[121.55058954531346,25.031759692225798],[121.54948168427315,25.032469047410686]]],[[[121.57111785595134,25.04138079433383],[121.57223641219966,25.04211940388703],[121.57309497327898,25.042288175194706],[121.57353819766169,25.043090694960668],[121.5743779249742,25.043409271109265],[121.57487664586675,25.044003372368493],[121.57560652930526,25.044110613019804],[121.57628978356031,25.04362360533405],[121.57667994675784,25.042956427722416],[121.5778632531393,25.042173126455314],[121.57792053382573,25.04119602899265],[121.57844779320632,25.040563689745614],[121.57849567137329,25.040080304962736],[121.57826635440122,25.0397028339813],[121.57752858504959,25.039337366193323],[121.57689246988036,25.038479963077425],[121.57569004798485,25.03875043608019],[121.57382468670401,25.038604284525288],[121.57332207455138,25.038913055644525],[121.57311804017199,25.039628638570147],[121.57266459370668,25.040056289795917],[121.5712728470953,25.04036177681647],[121.57106543817268,25.040735329040107],[121.57111785595134,25.04138079433383]]],[[[121.57839849831144,25.04519769903623],[121.57886153936258,25.045716117061946],[121.58021048101763,25.046033807665218],[121.58100894236264,25.045860208090186],[121.58267159340771,25.044724635419673],[121.58288529078798,25.044072781746678],[121.58225170130288,25.043203691859492],[121.58203576662133,25.04210967583194],[121.58099524138757,25.04171229324442],[121.57947022464101,25.04262745415451],[121.57920901614641,25.043972962739527],[121.5785142276183,25.04456327986723],[121.57839849831144,25.04519769903623]]],[[[121.57344076021586,25.05026097370512],[121.57382359754197,25.051011621845383],[121.57526262611273,25.051248317726106],[121.57601988303425,25.052136924824172],[121.57820846024319,25.052331645827653],[121.57917098357004,25.05263870801143],[121.58065816473253,25.05177107722329],[121.58040064333706,25.05035709421324],[121.58095882157846,25.049262288762833],[121.58072728363169,25.04887172501889],[121.5793540602418,25.04799564008963],[121.57841508515372,25.046929333375157],[121.5775164319323,25.046619389758124],[121.57699941952161,25.04693017339808],[121.57664541348677,25.047816745680997],[121.57549267201954,25.04810807713541],[121.5736602164876,25.049426132744482],[121.57344076021586,25.05026097370512]]],[[[121.59057103765302,25.050353557721245],[121.59235535522131,25.050879086810426],[121.59291466071495,25.051818920912154],[121.59399934729142,25.052130481332423],[121.59621783665702,25.051584161823982],[121.59671476581897,25.050701156107525],[121.59524607218836,25.048009577608195],[121.59426735136282,25.047479318303232],[121.59315886888389,25.047530163381484],[121.59251247373227,25.048131480851463],[121.59179035361674,25.048282677690178],[121.5912138831345,25.048765385941618],[121.59004398627111,25.04900395548424],[121.5898603487304,25.049787486994926],[121.59057103765302,25.050353557721245]]],[[[121.55985522883249,25.05160654420284],[121.56025502689883,25.05225528195464],[121.56102495394522,25.05246602509164],[121.56157283027638,25.053117585814668],[121.56238717168529,25.053400624355277],[121.56292103399119,25.054161129891444],[121.5630722865659,25.05508188516331],[121.56373240074072,25.055400076896106],[121.56448666823141,25.055109504065232],[121.5669238373093,25.052715950602533],[121.56813486857294,25.05201189044413],[121.56836452464177,25.051500771113712],[121.56782827741168,25.05065040775897],[121.56662822410104,25.049596896526673],[121.56614516272188,25.048598734238183],[121.56482049383384,25.04826012261643],[121.56341813844662,25.048695736934736],[121.56200806171897,25.04982688783538],[121.56151647420612,25.050556715615627],[121.56019469239187,25.0507353904274],[121.55990441792875,25.051060324540604],[121.55985522883249,25.05160654420284]]],[[[121.60321345636542,25.051903849289967],[121.6034876360547,25.052556361376],[121.60413916124959,25.05312450837169],[121.60436214908323,25.053783971769416],[121.60511276362456,25.05420627658033],[121.60551556455184,25.054976735639016],[121.60704514344174,25.056289223386553],[121.6076248505617,25.05617716461493],[121.60823299252046,25.055543225592636],[121.60923454986737,25.05529763118395],[121.61023322015377,25.05324087559874],[121.61068682547878,25.053148066825365],[121.61167064848651,25.053454269764384],[121.61229227423813,25.052871656341242],[121.61193719386371,25.052138663211288],[121.6104720747389,25.051989006896875],[121.61028651563825,25.051066816185784],[121.60998820782729,25.050731728803594],[121.60836952203964,25.050636449064708],[121.6076305487564,25.050256375854214],[121.6070508693701,25.05036843421284],[121.60631959991004,25.05114989530979],[121.60371710318934,25.051053486691995],[121.60335549134842,25.051332087412572],[121.60321345636542,25.051903849289967]]],[[[121.61279873922082,25.05947743666475],[121.61252832451066,25.062590399306995],[121.6128391788265,25.06293224029351],[121.61395534233637,25.062933637943594],[121.61568030622364,25.06352286934271],[121.6162129136628,25.06346536604874],[121.61851291917192,25.062132994241864],[121.61899565020302,25.060935788975794],[121.61814459312845,25.05994644902009],[121.6180899836521,25.05924017117366],[121.61874377074207,25.058666439687133],[121.61907038308199,25.057737129362042],[121.62012469577107,25.057669381169777],[121.62061316950789,25.05736373145781],[121.62078038800507,25.056183879700903],[121.6217162599579,25.055210387817095],[121.62153135314003,25.054311430438283],[121.62044927544737,25.053972349702434],[121.61879979916706,25.053810051318383],[121.61773399651443,25.05299163482155],[121.61746790307723,25.05245667471559],[121.6166918782202,25.051772909711232],[121.6161111042136,25.051665631759715],[121.61569213542764,25.051866795509],[121.61483561605787,25.053000034397588],[121.6137895672756,25.053745640243804],[121.61326015858458,25.05513187296483],[121.61361519718642,25.055730382722576],[121.61547565189714,25.05636201520797],[121.61568798435077,25.05715660411995],[121.61521497022835,25.0581331327751],[121.61375800784373,25.05830875601388],[121.61279873922082,25.05947743666475]]],[[[121.61060230286807,25.067090271871113],[121.61145289545688,25.068864402921314],[121.61257616252064,25.069504826894676],[121.614917188758,25.068637703377583],[121.61526627397947,25.06815713857561],[121.61436208261563,25.06573108747394],[121.61264513429596,25.065137672889346],[121.61205374587568,25.06525769248598],[121.61138691433494,25.06611217201308],[121.61072010721247,25.066561228385886],[121.61060230286807,25.067090271871113]]],[[[121.60428276409351,25.071212945936725],[121.60424755663716,25.07270857390704],[121.60467910345726,25.073280517541164],[121.60533264721293,25.073430869774775],[121.6060526847733,25.073273948703385],[121.60708055070103,25.07358117275472],[121.6087453023357,25.072633659909343],[121.60926272566404,25.070968541826037],[121.60891107024618,25.070503971883284],[121.60804025460126,25.07038649681098],[121.60735576859749,25.07001686273693],[121.60628960848867,25.07029654124345],[121.60541966172434,25.070162925161245],[121.60428276409351,25.071212945936725]]],[[[121.58438579722957,25.078458733348256],[121.58492396932176,25.079044140720082],[121.58691497753132,25.079224607094417],[121.58803064680494,25.079673171447567],[121.58867927378522,25.07936054827354],[121.58891693448628,25.078593159848317],[121.58868239801883,25.078083850886937],[121.58793249667049,25.077788737298],[121.5874621985995,25.07704795539474],[121.58690096012656,25.076838828200955],[121.58558347355651,25.076993872133393],[121.58451484390991,25.077766435903918],[121.58438579722957,25.078458733348256]]],[[[121.57118471276462,25.08131666007116],[121.57348798892441,25.08208931067726],[121.57433910794998,25.081288665687502],[121.57505369364414,25.081035033703508],[121.5761867032868,25.081213307892792],[121.5777822317926,25.08070876614719],[121.57931494546108,25.07971298992585],[121.57991473065817,25.078923081801864],[121.57985488569558,25.078166508168717],[121.57942426100874,25.077777670411326],[121.57863915713885,25.077755856967794],[121.57781011331723,25.07742212708867],[121.57502912592385,25.07902109013833],[121.57458228294138,25.078941939451504],[121.57387919264751,25.078344381112583],[121.57313599576132,25.078398624257964],[121.57270902448876,25.078790792182524],[121.57253514819178,25.07962893509898],[121.57140958005665,25.080725384889845],[121.57118471276462,25.08131666007116]]],[[[121.56661573770666,25.08223268434844],[121.56744521436782,25.08320722932686],[121.56815014181669,25.083393117090868],[121.56994698008702,25.082634017865406],[121.57038757380165,25.082212561273877],[121.57067477662625,25.08148059200861],[121.57011287138779,25.08109594454404],[121.56949560854352,25.079861144910897],[121.56772576397721,25.079645782242036],[121.56722297083623,25.079954534245267],[121.5670289088708,25.080625743095222],[121.56659242343508,25.08112126205108],[121.56661573770666,25.08223268434844]]],[[[121.59122702345853,25.08224717911355],[121.59193438426767,25.08496860706173],[121.59320139748395,25.086428856303428],[121.59380783262849,25.086426430722604],[121.59503999499553,25.085748870596795],[121.59653010474636,25.085952907660655],[121.5970913642579,25.085522289070905],[121.59718038270982,25.084649223118777],[121.59629181356233,25.08373611135748],[121.59569245231278,25.08254447413494],[121.59446077118005,25.082080250939313],[121.5939656504906,25.081090681738242],[121.59360879049214,25.08082634326918],[121.59266330096553,25.080774109946077],[121.5922344718112,25.080985065245155],[121.59122702345853,25.08224717911355]]],[[[121.59877141013469,25.083881266375723],[121.59911721971915,25.08511628968547],[121.59984208335122,25.085509965929187],[121.60031612568781,25.086438144350147],[121.60258068089298,25.08689721166264],[121.60305200828647,25.08636941487107],[121.6028942294442,25.08550895761844],[121.60306044637083,25.084900124457675],[121.60360925378876,25.084546599556194],[121.60492878913833,25.08421088666748],[121.60578020759539,25.08305805154136],[121.60575534710506,25.082064781446075],[121.60502115315602,25.08162233105047],[121.60387784059832,25.08203876963538],[121.60302826480347,25.08184103080593],[121.60224129851836,25.082142531399615],[121.60139933446153,25.082148385888974],[121.60064092840798,25.082995117623017],[121.5995589585634,25.082953717606287],[121.59913985639126,25.083154836303724],[121.59877141013469,25.083881266375723]]],[[[121.55304518090311,25.086232318899686],[121.55412520338807,25.087347777022547],[121.55521761848617,25.087409332251667],[121.55604261312322,25.087919069208766],[121.55651378162487,25.087964030093556],[121.5570892917311,25.0875302880687],[121.55741525276332,25.086124875186695],[121.5592415717368,25.085828291195554],[121.55964931874894,25.08545387617478],[121.55969867751605,25.08502479873412],[121.5592079501052,25.084163459440653],[121.55812600807751,25.083631099324435],[121.55782254865647,25.082516364565894],[121.55677607240283,25.0818893053455],[121.5560591276633,25.0818410689284],[121.55367079378358,25.08357137368492],[121.55351423805556,25.08444038630259],[121.5530165484184,25.085107425799258],[121.55304518090311,25.086232318899686]]]]},"properties":{"city":"taipei","minutes":5,"minutes_label":"5分鐘"}},{"type":"Feature","geometry":{"type":"MultiPolygon","coordinates":[[[[121.43584183052111,24.96666923743955],[121.43563720605763,24.96731105051785],[121.43611251759222,24.96783555851717],[121.43673150473052,24.967828079290808],[121.43737741775351,24.967231197784226],[121.43737546554321,24.966678909507852],[121.43694567746054,24.966289640397306],[121.43633981743673,24.966291416949346],[121.43584183052111,24.96666923743955]]],[[[121.44377394191532,24.973056777322807],[121.44407080092567,24.973965520957755],[121.44458320238972,24.974282194003578],[121.44555587319351,24.973996422200926],[121.44644615304622,24.97402446135732],[121.44691773593722,24.973497148021703],[121.44680508914125,24.97296716990986],[121.44624342789788,24.97237191072228],[121.44510829369895,24.972012605523737],[121.4440288363327,24.97224979347632],[121.44377394191532,24.973056777322807]]],[[[121.40481209711376,25.02138119786079],[121.4054888693759,25.021960285795043],[121.40586647978412,25.022925275969772],[121.40719458282751,25.023519264341633],[121.4078237807809,25.02410495812161],[121.40745162598441,25.025099772867115],[121.40780984596631,25.026746351735074],[121.40748734839416,25.02705134333463],[121.40659731595237,25.02724181878081],[121.4062620626644,25.02770194860469],[121.40638538926176,25.028311555207335],[121.40685385110437,25.02864066901738],[121.40808268651395,25.028767196182535],[121.40900575580903,25.028598752774617],[121.40966377874871,25.02910637574199],[121.41057797426922,25.029363685893895],[121.41308530696618,25.028988563164074],[121.41364423695325,25.029501615676597],[121.41420891583562,25.030804833598786],[121.41472835764841,25.031112165282863],[121.41738940272437,25.030949337066488],[121.4182260523185,25.03016106717755],[121.418918471408,25.030054280814547],[121.42019487685953,25.031404237837382],[121.4204548754549,25.03205565231382],[121.42054543111014,25.03272902011033],[121.42014340197095,25.03339745946212],[121.42019266173882,25.033839072819937],[121.4204917155592,25.034156905866904],[121.42144790091031,25.03445866743096],[121.42204207997781,25.034349234840317],[121.42256170392619,25.033587539237505],[121.42440429827673,25.032495111659504],[121.42505304379597,25.03244648190116],[121.42600120553621,25.033063745406896],[121.42696139105935,25.034544496375773],[121.427124149846,25.035837193291552],[121.42660735300399,25.03677037590935],[121.4269497306348,25.03736148891395],[121.42741642398109,25.03748900164944],[121.42863049993483,25.03725093752208],[121.42987834833198,25.038876256457915],[121.43087384835074,25.039052238894357],[121.43179365434645,25.039833276809418],[121.43319024103788,25.03953571185603],[121.43364702940806,25.040521018881208],[121.43413804767067,25.04082320081006],[121.43474636436461,25.040716895407613],[121.43531974297711,25.040170259798845],[121.43685189773619,25.039896585761234],[121.43739959959738,25.040732080570205],[121.43743319787237,25.041547997554424],[121.43787696274113,25.041941681022287],[121.43871360793845,25.04192247347747],[121.43915456485696,25.041526180255005],[121.43919457407424,25.041096288091122],[121.43878180040325,25.040383999328423],[121.43898261280586,25.039525970650516],[121.44013349034239,25.039245397888482],[121.44194875463415,25.03919470599463],[121.44259917961656,25.038607859424875],[121.44267887168184,25.037891780526067],[121.44211420421355,25.037465090862113],[121.43871055626079,25.037944996952742],[121.4378965226692,25.037530389950934],[121.43786186060285,25.03710806305374],[121.43844204239201,25.0362313652816],[121.4383348390997,25.035310192919148],[121.43788111821152,25.0347010534907],[121.43781881791946,25.034213270078467],[121.43839311503564,25.033463984980244],[121.43842069514645,25.03278846215429],[121.43703209842155,25.03181254899519],[121.4359996229426,25.031617911970443],[121.43562336828523,25.030984813623355],[121.43591602604313,25.02983558564596],[121.43795195018984,25.02971177256566],[121.43837301517128,25.029331981321587],[121.43842277804734,25.028902934945886],[121.4378776177548,25.02828184207795],[121.43628384901214,25.028179832722095],[121.43589946589589,25.027979135732263],[121.43573764489042,25.027024825493164],[121.43589521666068,25.025980748231873],[121.43566221092047,25.02548441584239],[121.4351014557859,25.025274706063982],[121.43440028869831,25.02550590300478],[121.43360254239633,25.02648745809317],[121.43291939131389,25.026834788082706],[121.43249341687101,25.027414200047325],[121.4321051517259,25.027504012242794],[121.43112245060856,25.026615655158487],[121.43010193569644,25.026762507980873],[121.42967301911222,25.02662407641835],[121.42837550812816,25.02452480734262],[121.42774286308524,25.024099061609228],[121.42713671883915,25.024100804472564],[121.42583837603921,25.024848333985826],[121.42507040238337,25.024877943573685],[121.42454423452612,25.02465826699909],[121.42404445070868,25.023442558811304],[121.42328239411475,25.023133696341826],[121.422826146715,25.02252749603902],[121.4218494555888,25.022001237807718],[121.4218728185502,25.0215385232196],[121.42262920525697,25.02073726462488],[121.42266556007571,25.020009798647802],[121.423065876105,25.019229917052776],[121.42273493222442,25.018336353182814],[121.4219944029232,25.018037127015347],[121.42138774630091,25.017468401338007],[121.41975690207875,25.017239139038985],[121.41884381117397,25.016412813487086],[121.41752715187644,25.016469803879648],[121.41704050056622,25.01744390707702],[121.41622066466572,25.018059895791044],[121.41622738347888,25.018599692980832],[121.41691639917597,25.01949356066996],[121.41647668490292,25.02012325688798],[121.41604869391543,25.02029525633774],[121.41434544062832,25.019343518410217],[121.41312760423389,25.01950702531899],[121.41253287182504,25.018889294145744],[121.41035786174919,25.017975822471914],[121.40988632691048,25.018014967095276],[121.40920272555606,25.01844023755076],[121.4081830663107,25.018267650537368],[121.40761657833816,25.018710052954777],[121.40775064221071,25.019601735288532],[121.40757778432172,25.019985243804314],[121.40715793715684,25.020145052279567],[121.40587054935503,25.020044606588897],[121.40513879842801,25.020316767796963],[121.40473179856454,25.02085097773147],[121.40481209711376,25.02138119786079]],[[121.4373161731168,25.03702373183342],[121.43753503855758,25.037441819643348],[121.43731914246855,25.037861187216595],[121.43667472584617,25.037980877797747],[121.43627269827034,25.03778662153265],[121.43614757120193,25.03733766579972],[121.43643586910285,25.036959875019853],[121.4373161731168,25.03702373183342]],[[121.4332369597165,25.038614983116958],[121.43350472864434,25.038303826271363],[121.43429255435208,25.038042968549103],[121.43470189196456,25.038172074619325],[121.43491267339867,25.03855054040773],[121.43455957088854,25.039280288233687],[121.43375350489522,25.039511464574396],[121.43320924993452,25.03923650393775],[121.4332369597165,25.038614983116958]],[[121.40906401055786,25.02592143041577],[121.40974583064622,25.025515179454374],[121.41021858641017,25.02552445240206],[121.41072010361978,25.025997187074964],[121.41076607752895,25.02640965681015],[121.41037093541205,25.026771870264803],[121.40923205766981,25.026861947109342],[121.40884282940391,25.026432473923744],[121.40906401055786,25.02592143041577]]],[[[121.45523096628632,25.032128838919164],[121.45592218582168,25.032012381941886],[121.45740226749629,25.03098168748972],[121.457399958303,25.029528836094716],[121.456937482731,25.029010029502526],[121.45604152716386,25.02893206094196],[121.45466124284002,25.02971140247669],[121.45489044185236,25.030770334106396],[121.45471612753401,25.031550054104553],[121.45523096628632,25.032128838919164]]],[[[121.45045920840927,25.060414493325588],[121.45049509365863,25.061941640879816],[121.4524909979816,25.062331134031318],[121.45287807319393,25.06334840354535],[121.45338335164563,25.06365369533965],[121.45500652876576,25.06361053202476],[121.45560756169037,25.062915719818886],[121.45602748857463,25.062755774232823],[121.45644315967138,25.062872465402148],[121.45685141367629,25.063466264399967],[121.45725777397655,25.06366249898944],[121.45780322670339,25.063607808677258],[121.45857514062733,25.063128531259878],[121.45967958404577,25.06358330081607],[121.46080217453596,25.06338938679014],[121.46152901873364,25.06418391959549],[121.46267309998917,25.06422795259233],[121.46358350529304,25.06488050400679],[121.46460012196471,25.064551223513885],[121.46651723221285,25.064583372800524],[121.46712342847914,25.064017732313243],[121.46700308453418,25.06347643745985],[121.46591406010556,25.062432041764442],[121.46472340738205,25.062348154897375],[121.46408836648443,25.061675046997504],[121.46318674756651,25.061392694935776],[121.46292339367088,25.060558122528914],[121.46251262907312,25.060186519791078],[121.46175642980312,25.060249890803007],[121.46108606616515,25.060990356513344],[121.46036196381611,25.060824355681284],[121.46022230557641,25.060373946771403],[121.46051256007844,25.05947507633406],[121.45967772922907,25.058439327494085],[121.46045716009841,25.05756678246598],[121.46049283906191,25.05610837666671],[121.46003383122886,25.055602424598735],[121.45889176767892,25.05539436805477],[121.45872287401527,25.053751861233653],[121.45813901087452,25.053309599575723],[121.45742506841594,25.053509285655235],[121.45707922138293,25.054747007670976],[121.45598880425767,25.05544788944482],[121.45553429399806,25.055469627142852],[121.45488685755866,25.054989735051354],[121.45441584659045,25.054944448901306],[121.45358152796102,25.05564706306088],[121.45262887671032,25.055925367546592],[121.45239939453386,25.056423079454053],[121.45250469326454,25.057460211939294],[121.45376471059302,25.058253460947153],[121.45390271649781,25.05952490287838],[121.45307315910352,25.059953082815976],[121.45102416996096,25.05998226460345],[121.45045920840927,25.060414493325588]]],[[[121.4365440109391,25.17035522064959],[121.43623457626971,25.1717460369498],[121.43680665167646,25.172573451398552],[121.4387559499214,25.173889974247263],[121.43932391228297,25.173785412805575],[121.43980665539833,25.17325638770875],[121.44083274540499,25.172860432406676],[121.44130710338867,25.172099665598505],[121.44258842158854,25.17121264349668],[121.4430299999955,25.171260866773356],[121.44450878231632,25.17224886339062],[121.44536943603231,25.17216309503712],[121.44701915870836,25.171023525810398],[121.44710844372744,25.17042757603861],[121.44672451946124,25.1696861793075],[121.4468221596505,25.169231588711405],[121.44823986380142,25.16886993342011],[121.44866754693058,25.168478117894566],[121.4487075568154,25.168048230390063],[121.44820702314712,25.166927546837698],[121.44840581156642,25.16626893392745],[121.4493646704462,25.165714069019703],[121.45035068717992,25.165837031334952],[121.45086852264357,25.16552668152644],[121.45096697706929,25.16461820710781],[121.45138834669856,25.163974104297303],[121.45127549261032,25.163444145826087],[121.45050766451438,25.162988890907943],[121.45001890845664,25.16232574775942],[121.44956625481466,25.16219762079356],[121.44863813639795,25.16271340183854],[121.44797551024571,25.162804270646674],[121.44738992105788,25.163248095411056],[121.44658218521622,25.163402608791525],[121.44596822312297,25.164067161399437],[121.44594176081159,25.165166060412297],[121.4446012379554,25.16625832856658],[121.4436762913017,25.16679806234639],[121.44250552964935,25.166956245989187],[121.44064928647614,25.168535494583544],[121.43852374117719,25.169048134089838],[121.43795369722098,25.169789838803656],[121.43719478969186,25.16993034381107],[121.4365440109391,25.17035522064959]]],[[[121.52329135005878,24.978925656609647],[121.52353832146562,24.981039171949075],[121.52480758469564,24.98184974181876],[121.52515927199838,24.982338345227745],[121.52480894392721,24.983259378669377],[121.52495923220168,24.983971616364204],[121.52607601378537,24.984695007471515],[121.52666310965671,24.98540793576893],[121.52774166991904,24.985617918097187],[121.5285550828233,24.986485051525047],[121.52907077094018,24.986507904178918],[121.52973300709941,24.986098264965044],[121.5307328806592,24.985880786517683],[121.53159288897865,24.986201274177255],[121.53218673102339,24.986091405805315],[121.53247693028209,24.985766524329158],[121.53249099233437,24.98495027271156],[121.53314846930331,24.983659055731763],[121.53420783054747,24.983332800019124],[121.53492694513305,24.9825431265236],[121.53552028354417,24.982676324914195],[121.53603366244403,24.983476062589226],[121.53706886535822,24.983724997634774],[121.53733514228061,24.984124660691567],[121.53726860727393,24.98449301098805],[121.53604939885598,24.98521494182195],[121.53582359531096,24.98559412308798],[121.53583205293792,24.98635917473676],[121.5365343875667,24.987271281362517],[121.53516454412701,24.988567793050727],[121.53517093454388,24.989231371693037],[121.53560110760506,24.989620349985096],[121.53620707297141,24.989618167682913],[121.537478087173,24.98873263062666],[121.53819145085474,24.98852914944741],[121.53861048274632,24.988853255144637],[121.53888584552126,24.990325677272796],[121.53971403748972,24.99062629041487],[121.54026891000576,24.990207884942873],[121.54026640868577,24.989405396798425],[121.54056752911619,24.989032255056475],[121.54134804575843,24.988844234324993],[121.54196816563353,24.988336091665694],[121.5438692104544,24.988280751413903],[121.54590065537018,24.98722047823684],[121.54590793754879,24.986254332138508],[121.54480510208111,24.98555068878898],[121.54493353161489,24.984545394963448],[121.54604656643384,24.983887525207177],[121.548287755708,24.983923056482844],[121.54877260221052,24.983390913416095],[121.54828867751648,24.982219335794852],[121.54890551428268,24.98133287832933],[121.54894203295021,24.980002564029604],[121.54832025775194,24.97917430579817],[121.54846957218537,24.97808716779381],[121.54764031222354,24.977200108696756],[121.54809995728807,24.976375917821834],[121.54769508937281,24.975307522037376],[121.54830538457816,24.973602866074938],[121.54784055564413,24.97307124279781],[121.54702787480721,24.973023640199386],[121.5465936722194,24.97340824747891],[121.54640568394763,24.974166758122],[121.54588892851297,24.97436409058454],[121.5445011842328,24.97340990980018],[121.54503017030378,24.971983652189316],[121.54573767235118,24.971368060527322],[121.54595047543599,24.970239426097844],[121.54674046233569,24.969334955834455],[121.54699763813464,24.96812283019733],[121.54642651120537,24.966992793563293],[121.54577227503452,24.966285334765242],[121.54548910455584,24.965123997711522],[121.54405778861371,24.96440867718756],[121.54424562831032,24.962300489956917],[121.54336483397262,24.961342197166157],[121.54338874149548,24.960712893842523],[121.54362594677966,24.960418873711458],[121.54435124071247,24.960148892390464],[121.54517712280382,24.960260887160683],[121.54573800352676,24.959830462107597],[121.54572930167778,24.959266227686886],[121.54484435882277,24.958170397987466],[121.54558158611835,24.956966363275416],[121.54565878025971,24.956461781389663],[121.54531800165748,24.95599071159477],[121.54472336808577,24.95588514112502],[121.5443092508419,24.956093958884818],[121.54345617271152,24.957176404497627],[121.54264923501525,24.957137248505692],[121.5419806881385,24.955746675962097],[121.5419930850616,24.954916602285692],[121.54168868404103,24.954259079074536],[121.54186103487594,24.95387541913297],[121.54222225072796,24.95371805562608],[121.54446015476272,24.954022992021624],[121.54500911916261,24.953871147871535],[121.54548144292296,24.953221439891387],[121.54512769099149,24.952609512068502],[121.54245155703117,24.95228340783646],[121.54161851574344,24.952426879882932],[121.53859717951687,24.950957407626692],[121.53792031417193,24.951004531700264],[121.5370351869287,24.95166790847035],[121.53635855042458,24.951879508484527],[121.53597944532068,24.95165053774126],[121.53552733158944,24.950681139413614],[121.53398721596245,24.95045375803108],[121.53322386313432,24.94998902181689],[121.53243024607814,24.94998741980647],[121.53174318267907,24.95056135602956],[121.53127851154144,24.951487824785193],[121.5318813404378,24.95246367868302],[121.53165279578559,24.95403648780603],[121.53394245618786,24.957341182409298],[121.53335191178225,24.958955270370122],[121.5323117000892,24.959552460383176],[121.53210145800259,24.960217090632952],[121.53296699265482,24.962018404251054],[121.53396299382084,24.962438691449393],[121.53501411888128,24.962178880419827],[121.53543807771028,24.962695722100445],[121.53523549475358,24.96368706220653],[121.53450699944521,24.964384670384003],[121.5334693201227,24.966176408364383],[121.53351616329678,24.9665931622565],[121.53396817487615,24.96716424043639],[121.5342460886012,24.96875862668222],[121.53347558514498,24.96988026601132],[121.53203203057902,24.97072001303226],[121.53175638766824,24.971457489778995],[121.53240498004782,24.972190819434704],[121.53393939481852,24.972313390931376],[121.53505784291411,24.97311614974525],[121.5360365434299,24.973061881575166],[121.53910220072748,24.973837028160258],[121.53936517857876,24.97423337899138],[121.5390527171468,24.975077032547393],[121.53927008397159,24.97592213646121],[121.53889547551377,24.97630189751746],[121.53759793340218,24.976399245680202],[121.53692106361963,24.97756245474335],[121.53547949055437,24.97760573297553],[121.53436908565435,24.97806554628634],[121.53306768300986,24.977925205909372],[121.53243307931803,24.97757274146016],[121.53167089264007,24.977480935994038],[121.53075962108473,24.976705495171984],[121.52906641462336,24.977084561170308],[121.52812740562537,24.976422064379356],[121.52740035161413,24.976434392857154],[121.52628777615455,24.97702650382086],[121.52572365928472,24.97773069158824],[121.52490036377499,24.977776289899833],[121.52373458104324,24.97826079436667],[121.52329135005878,24.978925656609647]]],[[[121.44320325647807,24.98337209742013],[121.44330454911622,24.9841452237125],[121.44443101453993,24.986044179803166],[121.44423637419769,24.98656218587177],[121.44349804730851,24.987149138521403],[121.44349632671667,24.98803652482027],[121.44392621181798,24.988425772562444],[121.44484447617758,24.988503654844774],[121.44552181886587,24.98911887562758],[121.446689262992,24.989260191848807],[121.4474062101173,24.991455784581603],[121.44724876779424,24.99183424075254],[121.44665029232434,24.992255167378705],[121.4464301640261,24.99300987950911],[121.44551203468183,24.993987750868737],[121.44563221170523,24.994529070449122],[121.4465070878916,24.994999115511888],[121.44677335422098,24.995663778804705],[121.44605591685013,24.996725854007625],[121.44631414023789,24.997846285793926],[121.44542747185993,24.998401232334494],[121.44499626332042,24.999054953625887],[121.44409937274676,24.999375527371605],[121.44393055650492,25.000162427476557],[121.44460065236652,25.00092120007345],[121.44544219493275,25.001334597424908],[121.44629892063722,25.001410704701044],[121.44708377044113,25.002001617216973],[121.44855263364079,25.001679379209786],[121.4501084291128,25.002303794768473],[121.45112363396001,25.001731766445708],[121.45177490572671,25.00195651735946],[121.45196852823173,25.002539592246958],[121.4519546122196,25.00450383819132],[121.45233524906092,25.005370053720874],[121.45166968935708,25.006108184900498],[121.45162217333487,25.0069649371308],[121.45099564121547,25.00784230330322],[121.45161477617626,25.00880347626711],[121.45133112951608,25.00967270525355],[121.45171266910064,25.011420824505656],[121.45255856437342,25.012042420402114],[121.45291273745401,25.012706194154706],[121.45293486023243,25.0134534305071],[121.4538970192381,25.01453325370572],[121.45627368982215,25.01594910654402],[121.45643174919394,25.0168088475734],[121.45734541884593,25.017884666430867],[121.45872597315332,25.018291823797963],[121.45987799377886,25.018924190837296],[121.46061356247343,25.020017679121544],[121.46177211678668,25.01990725798841],[121.46220903787497,25.020144035131025],[121.46214445261953,25.021937109773496],[121.46140728178017,25.02256133813162],[121.46117800275105,25.023595187708132],[121.46201167569642,25.024409681837493],[121.46214370399133,25.025458743279557],[121.46289501584702,25.025997512316465],[121.463336996594,25.027620048546524],[121.46437930860992,25.02799203615215],[121.46467038031831,25.028300396742782],[121.46432030839682,25.029230566024122],[121.46444832365506,25.030028823777226],[121.46388046568626,25.031236187697527],[121.46392361802599,25.03166582653535],[121.46436743001951,25.03205943072611],[121.465411312138,25.032073077608352],[121.46608424723158,25.032934160869097],[121.46758326547862,25.03338544726911],[121.4677792462261,25.033759616088037],[121.46768410800291,25.034447563104244],[121.46801904997926,25.034892866374353],[121.46965426958042,25.034887957058572],[121.46987323990967,25.035305995859062],[121.46958260199936,25.036642954416013],[121.46988805194744,25.036972643799103],[121.4708902823936,25.03730541383854],[121.47170219122911,25.03699600451622],[121.47204733607882,25.035821512638726],[121.47317032725451,25.035847467868933],[121.47406295889282,25.03527339799556],[121.47526178024478,25.03563348896423],[121.47631821458106,25.03535910711802],[121.47797139617691,25.03627418861685],[121.4796804325134,25.035208433505932],[121.47989100101957,25.03417036651227],[121.48028894935119,25.033562166574477],[121.48027242470177,25.031782968307823],[121.48075934134042,25.0308944760609],[121.48062721716502,25.029992143579],[121.48142783510536,25.02849282499373],[121.48130340860351,25.02749657542621],[121.48172057529675,25.02653063554515],[121.48139495388547,25.02519745115506],[121.48091495731086,25.024375591938263],[121.48084014160607,25.02291345400414],[121.47993800619842,25.021395252203014],[121.47923712748575,25.021198082913113],[121.47803615253197,25.021857419274436],[121.4768027910569,25.02161170661093],[121.47581245625123,25.02209159383949],[121.47498210159844,25.021977906278053],[121.47276941083534,25.022285222187396],[121.47160413860871,25.020783782973474],[121.47023847467753,25.019986184333302],[121.47027944258949,25.019414446773474],[121.47107819643776,25.01866802462688],[121.47102361947401,25.01780359959271],[121.47125617555416,25.017447255743544],[121.47272042708798,25.01709469336978],[121.47381528578654,25.016226136802388],[121.47419288596637,25.01634789098962],[121.47483531294611,25.017053831061332],[121.47614601720252,25.016844515354425],[121.47741494215906,25.017632521461977],[121.47952284147301,25.017447985456606],[121.4800508100662,25.01711566967714],[121.48024493782972,25.016312032133705],[121.48088073019062,25.015681519802346],[121.48241015769901,25.015788023850245],[121.4832103925512,25.015232021945533],[121.48433575791762,25.015015518369623],[121.48456569780699,25.014504521542367],[121.48432105763345,25.01361868129459],[121.4852000847426,25.012324326621464],[121.48564989375303,25.01226202515766],[121.48635518967949,25.012608827252258],[121.48764017485324,25.012612352632488],[121.48812019001664,25.01231780458756],[121.48851456250772,25.011572637463328],[121.48960772384763,25.011291531865872],[121.48997611113948,25.010518043904643],[121.49080128598445,25.00989012788851],[121.49064653800768,25.00884219923942],[121.49104160048205,25.008409813870717],[121.49149420585609,25.008367681785504],[121.49284715485109,25.008954887676648],[121.49406864051598,25.008573289908494],[121.49566522429535,25.00921140942709],[121.49616791642407,25.008902898456036],[121.4963658480896,25.007964375819864],[121.4967099057579,25.007638298850967],[121.49799052890351,25.0077302904866],[121.49873085635927,25.007540860642756],[121.49948433762401,25.007747590174674],[121.50109800489138,25.007354421334057],[121.50233316000805,25.00751760197466],[121.50283582824251,25.007209068761046],[121.50313138736175,25.00643238244041],[121.50375809553977,25.00625692481519],[121.50453749863217,25.00677628915658],[121.50557435720012,25.006846737567855],[121.50678508949072,25.00778384292458],[121.50721942880278,25.00830276183668],[121.50733144074769,25.009190440271475],[121.50830005660008,25.009882093950914],[121.50825075066167,25.01028598764515],[121.50780076165789,25.010791722506983],[121.50669924751804,25.01135015383081],[121.50637605977964,25.0118025718681],[121.50632620721261,25.013217121307598],[121.50681824609606,25.013948460336408],[121.50673160996243,25.01487192479579],[121.50716880166628,25.01652063978048],[121.50874809955481,25.017403876210714],[121.50991101377521,25.018357555809985],[121.51192040694832,25.019011176937106],[121.51250202081029,25.02011176296663],[121.51429705862579,25.020180315606353],[121.51519200569459,25.02213608694966],[121.51567443813491,25.022427386337533],[121.51614595030264,25.02238790645913],[121.51661741253191,25.021860377312233],[121.51631902660536,25.020992015964374],[121.51647617713846,25.020542057478895],[121.518267889379,25.020078243600743],[121.51937869374994,25.018480575349617],[121.5202532918573,25.01816663780023],[121.52078914090532,25.017606586708173],[121.52121663504819,25.016516312453785],[121.52290917826205,25.013925768034813],[121.52321082500909,25.012848351872552],[121.52306762125819,25.012424082209307],[121.52233671691806,25.01180333240316],[121.52174631935054,25.009964299652164],[121.52071036364288,25.009507310716323],[121.5196706186914,25.008087937920696],[121.51856064532885,25.007656216952196],[121.5180157919248,25.00773736726269],[121.51756657075482,25.008289958133577],[121.51700119670173,25.00848065182553],[121.51629505182869,25.00797281684163],[121.51644159159876,25.007431532878854],[121.51752319797077,25.00695353566428],[121.51802000895488,25.006078281845063],[121.51926381854707,25.005250620833415],[121.51948970813622,25.004871464280047],[121.51952392219269,25.004302914811607],[121.51903719542186,25.00361642230335],[121.51898423624506,25.0026945677737],[121.51834103639324,25.001967818866728],[121.51847401016897,25.00000808054063],[121.51760023684803,24.999063612815853],[121.5181304827174,24.99759899879992],[121.51888003694918,24.997117336906342],[121.5193549568415,24.99627054768857],[121.5207642125917,24.99593159786263],[121.52125770610226,24.99604241897222],[121.52191185007217,24.996815804495757],[121.52320735564314,24.996977375317037],[121.5240810604957,24.997387287289065],[121.52592214386804,24.996701649306633],[121.52849934954102,24.996497783320283],[121.52917515904633,24.99553801462957],[121.5290621389578,24.995008106104645],[121.52848794777005,24.994418931093545],[121.52833035367524,24.992282322543446],[121.52777519460996,24.99157765166952],[121.52818613644992,24.990164091796498],[121.52788618423911,24.989164562185824],[121.5269142424326,24.988766930526356],[121.52608180893205,24.988897858021865],[121.52541993175006,24.988635694515477],[121.52403668032075,24.987915856270078],[121.52332674996988,24.98698875866032],[121.5227481709055,24.98699079214797],[121.52200260551295,24.987396447802094],[121.52119944083005,24.987278328901183],[121.52089512996274,24.986907345335187],[121.52097163299631,24.985976259032146],[121.52053656816467,24.985574779473318],[121.51872770982284,24.985630905784628],[121.51819623345571,24.98607690026746],[121.51788095149399,24.986855991425774],[121.51736409594403,24.98705322613942],[121.51494959952436,24.985989790278065],[121.5142465094813,24.98588078316919],[121.5128145087227,24.984950194348293],[121.51215222534786,24.984932174872664],[121.5107369748451,24.98565199490246],[121.51015408354897,24.987220282134466],[121.50930473746449,24.9882110042523],[121.5078516813091,24.988744745649566],[121.50696888059485,24.988639955686693],[121.50641103717547,24.98770439341018],[121.50532150450125,24.987393966543234],[121.50504865941393,24.986520622397606],[121.50463802051745,24.986149130560786],[121.50221486829474,24.986155195703695],[121.50172089967909,24.9864530550821],[121.50158048147684,24.98686507053036],[121.50216016061592,24.987712274952763],[121.50224055736425,24.988258512194758],[121.50078390836742,24.99000402273988],[121.50073145504108,24.990668091535532],[121.50100132497123,24.99141629236158],[121.50029870146152,24.993038728391348],[121.5004331003573,24.993452409706514],[121.50109646406617,24.994077035246036],[121.50058462800484,24.99519386606099],[121.50074627892077,24.99591356080058],[121.50132900469553,24.996584188615422],[121.50120496225618,24.99709362644433],[121.50049624081446,24.997503458564662],[121.49942217924594,24.997578197247385],[121.49891067499792,24.998358535057786],[121.49805394525877,24.99888014054064],[121.49747373009099,24.9998369906651],[121.49568359776686,25.000710392534653],[121.49529229658681,25.000481935846633],[121.49381673000147,24.99833913511085],[121.49375355627001,24.995448261944393],[121.49307190264962,24.995119107325458],[121.49235669305679,24.9955662816707],[121.49153557807306,24.99892814327911],[121.49176455424501,24.999305755665027],[121.4930594540727,25.000103540708906],[121.49352319101102,25.000949781690718],[121.49359738441065,25.00163217615768],[121.49324478818217,25.002908177466335],[121.49318136426855,25.00428558514985],[121.4925866628807,25.0055931385358],[121.49192618162076,25.00559532444703],[121.4915060048686,25.00496960302827],[121.49190802626605,25.003482183516695],[121.49155916617939,25.002738347062],[121.49070643352904,25.00259363729633],[121.48973509958071,25.00361711149402],[121.48917296824787,25.00370898622933],[121.48854095241728,25.003107229482115],[121.48778715680275,25.002763222403146],[121.48769846448961,25.001997539591926],[121.48729598807732,25.001244610325625],[121.48658541082786,25.001037688341064],[121.48552449455413,25.00162908659385],[121.48515472829882,25.002502081047282],[121.4841313159377,25.003273737261694],[121.48291607904564,25.003122308760783],[121.48214173537998,25.003260385233563],[121.48110348968801,25.002697208526623],[121.48005340514993,25.00328232680301],[121.47926805428496,25.003440336626824],[121.47893105520468,25.00391374005475],[121.47908534725003,25.004786789176052],[121.47893382374693,25.00567809513408],[121.47848636381006,25.005897875771172],[121.47770033369224,25.00568931193842],[121.47724635527814,25.005811730786274],[121.47654222526822,25.007040228412077],[121.47608727146003,25.007041685412275],[121.47523162349286,25.006608408286038],[121.47436035420307,25.00702510125958],[121.47348974793691,25.00712275555601],[121.47219411128117,25.006677663705844],[121.47094722004826,25.00779825700695],[121.4701435075873,25.0079539005429],[121.46953820734177,25.008531084186437],[121.4690922967199,25.008613374193075],[121.46761734500912,25.007562963501304],[121.46726737277058,25.00614282158308],[121.46683951073359,25.005649075414315],[121.466536874883,25.0046521258519],[121.46563026233711,25.003905168237377],[121.46406896655408,25.003395502771195],[121.46315117065365,25.00166520433645],[121.46268457832088,25.001537801788842],[121.46192770172603,25.001790798303176],[121.46120250606486,25.001637006353345],[121.4604254877489,25.00184696457656],[121.4590947497925,25.001634767092607],[121.45777923895088,25.00076341461663],[121.457683268243,24.99999197297305],[121.4585456252495,24.999374337250398],[121.45867264620132,24.998834731217336],[121.45724638383292,24.996018971100472],[121.45485014396732,24.995035205070568],[121.45439905558166,24.995166088325586],[121.45377006651142,24.995830056938285],[121.45268675392735,24.995885241973426],[121.4521544626223,24.995435876131296],[121.451963871855,24.99459800474493],[121.45118794448727,24.994017946678873],[121.4504516754785,24.991101254570538],[121.45138124236348,24.989652422933812],[121.45140920897269,24.988539170107945],[121.45102755684802,24.987697689157574],[121.45273169760821,24.98637274347371],[121.45296171782779,24.985861792419236],[121.4527744354654,24.984714733629847],[121.45198995730667,24.983923055246663],[121.45142936530073,24.983713403630514],[121.45060162659905,24.983882041250997],[121.45014931295098,24.983494971285698],[121.45048767326655,24.98198225686515],[121.45096323114174,24.9813988288537],[121.45100476688133,24.98066255147358],[121.4513119673454,24.98011261165377],[121.45125705078556,24.979696982562455],[121.45062469218584,24.978942317304796],[121.44917602298135,24.978143033512456],[121.44866885818213,24.97755141465742],[121.44780169981357,24.977560837521636],[121.44731021139862,24.978286725807926],[121.4462284893872,24.97911265108789],[121.44613626043416,24.979842806104394],[121.44639033309245,24.980430705498936],[121.44623767412988,24.980821863691276],[121.44516433257309,24.98101933751212],[121.44409862236621,24.981880241859358],[121.44328441114429,24.981993429181195],[121.44291639082165,24.98226476236001],[121.44280011804214,24.98280678877348],[121.44320325647807,24.98337209742013]],[[121.5127332341093,25.009912286799953],[121.51242257805504,25.009476858685936],[121.51265677610749,25.00900337192801],[121.51357116538487,25.008784055128043],[121.51403149091516,25.008980509663363],[121.51416521010775,25.00937678549682],[121.51389181061957,25.00999323671098],[121.51345693940837,25.01011508793869],[121.5127332341093,25.009912286799953]],[[121.50906322089365,24.995330824550145],[121.5089031241235,24.994955164076128],[121.50910088094098,24.993808511646566],[121.50943679400085,24.993528939430348],[121.5100150107602,24.993550909355996],[121.51031930614067,24.993921915104423],[121.51037357088012,24.995228397764905],[121.50977856558212,24.995600055874668],[121.50906322089365,24.995330824550145]],[[121.50525494878094,24.997469782825185],[121.506029529455,24.996726438877438],[121.50654804632747,24.996920111275458],[121.5067903790131,24.997788681550514],[121.50659763121163,24.998217282834304],[121.50599867371524,24.998327980309316],[121.50540980223025,24.997859612707245],[121.50525494878094,24.997469782825185]]],[[[121.45888261905533,25.04966597707461],[121.45926772674429,25.05051358847469],[121.45925582312196,25.05178557971705],[121.45947617513677,25.05216747416124],[121.46002256336733,25.052376483783014],[121.46097592283503,25.05227082040934],[121.46150487527399,25.053022494844917],[121.46190689147099,25.053225328707985],[121.46263494587863,25.053028796615326],[121.46286504435197,25.052517833619145],[121.46286481050464,25.047250534103636],[121.46263089200711,25.0467410162158],[121.46221018552515,25.04654289586928],[121.46073252921424,25.04664722985149],[121.46006940719425,25.04649261059176],[121.45952083489597,25.04669676162312],[121.45929259986842,25.047088941495712],[121.45926959487997,25.048593990573732],[121.45892199081348,25.049121112564276],[121.45888261905533,25.04966597707461]]],[[[121.44086900091779,25.033842243192918],[121.4410803749704,25.034469717973646],[121.44195983749871,25.034978245795934],[121.44226017371193,25.03582182241169],[121.44339958966688,25.03656943062338],[121.44435477246566,25.038004830292365],[121.44560271471089,25.038978673622218],[121.44600837325012,25.039808535553824],[121.4457518761166,25.040944677910414],[121.44629446148821,25.041558135765932],[121.446411614616,25.04226984146973],[121.44756095729477,25.044043679868],[121.44808053661829,25.044350892545772],[121.4491980753774,25.044224857053784],[121.45017781258504,25.04525348156919],[121.45310063043614,25.04504595397174],[121.45380823707526,25.044749252558248],[121.45456103850188,25.044837852332737],[121.45552944509261,25.044391306659374],[121.45675888507016,25.0445589022473],[121.45730790508425,25.045529530767126],[121.45814722217281,25.045678933370674],[121.45851539509518,25.045407562616994],[121.45887402483179,25.04459119340505],[121.45997462502889,25.044263060586353],[121.46100875594495,25.042299707441398],[121.461443973419,25.042060222281048],[121.46256000494367,25.042204610745312],[121.46462419471291,25.043801009774075],[121.46629661739158,25.043915225754304],[121.46645936046221,25.044498568568088],[121.4657838452461,25.045088960912008],[121.46570169387462,25.0461478674409],[121.4649467732297,25.046723369445314],[121.46483054157181,25.0472654078914],[121.46545503917626,25.047830407925378],[121.46663028755381,25.047440291925742],[121.46802880364326,25.047817972191787],[121.4678489171243,25.04903676498021],[121.46859700001755,25.049801918247617],[121.46867867041506,25.05057189122315],[121.46915537705098,25.05124548064377],[121.46843042808113,25.052266613814147],[121.4686364052723,25.052920021698714],[121.4693472543377,25.05312702408009],[121.47010478678237,25.05265956957042],[121.4707188309596,25.05266186565247],[121.47164300989334,25.05364852289208],[121.47303304624052,25.05362506221198],[121.4739888760111,25.054454913592345],[121.47538905641812,25.054000359460055],[121.47677229466774,25.054995207445696],[121.4767859868991,25.055817411794592],[121.47727470052016,25.056650312240105],[121.47697451789313,25.057437235681896],[121.47697956076142,25.059058146505144],[121.47658750566707,25.060510304929203],[121.47610249447759,25.061254131511728],[121.47653926505153,25.062141921310516],[121.47690083107445,25.06240035222716],[121.47772074082907,25.06249884984148],[121.47823380290279,25.06301389494325],[121.47868892985282,25.063133388979846],[121.47922301572844,25.06292986400175],[121.4802275858308,25.061867068721895],[121.4806740848667,25.061784911168644],[121.48206488166545,25.062171491656823],[121.48298463851263,25.063104823726125],[121.48353483220072,25.063305485400715],[121.48419227132557,25.062982644957113],[121.48444337571019,25.06198024345775],[121.48501205544564,25.061804797542663],[121.48591011304538,25.062349042764037],[121.48626836173123,25.063375909876207],[121.487125642227,25.064329220474175],[121.4891750504632,25.064464867597298],[121.4898832741048,25.065795551658283],[121.48900107197505,25.06716477411829],[121.48896122986157,25.067594675791018],[121.48929634008499,25.068039926614077],[121.49020255825097,25.068276899565276],[121.49047351077814,25.068706473679477],[121.49032171915793,25.06909732780332],[121.4894267558809,25.06969897655619],[121.48948274808933,25.070712053391688],[121.4905588570655,25.071617029624484],[121.49230423638653,25.070967292221564],[121.49339560233926,25.071398073407813],[121.49340731602942,25.072970058724596],[121.49402708313089,25.07488821731118],[121.49503744097558,25.075964542906714],[121.49758402729488,25.076719032877808],[121.49840591248199,25.076105310019248],[121.49939113819646,25.076174397483445],[121.50014213634438,25.07569959970764],[121.50078593326664,25.07560692339978],[121.50147260316967,25.074822227908296],[121.50355239136975,25.073857756416402],[121.50450640811074,25.071221965619323],[121.50491472718375,25.070632797281405],[121.50492527706638,25.06938051971294],[121.50550536807258,25.067087717105412],[121.50528678003046,25.066278891392308],[121.5055196453173,25.064018774020635],[121.50514920273861,25.062098784963702],[121.50267692645845,25.057714968790705],[121.50154774893352,25.057281276956715],[121.50093817256757,25.056237974655165],[121.49967921782937,25.05563023700455],[121.49876987118886,25.05469684708966],[121.49821968548409,25.054469466273023],[121.49762822736182,25.054589031338846],[121.49726399539361,25.05508872909605],[121.49727396995911,25.056062781808624],[121.49661750214229,25.05655914281473],[121.49612109661857,25.056591629522597],[121.49455704284941,25.05494215437615],[121.49408601973414,25.054896994248505],[121.49336837465398,25.055212142358695],[121.49293236070137,25.055093241398538],[121.49198211289152,25.05389305231895],[121.491633300981,25.052239993896745],[121.489428454194,25.051595803634083],[121.48861586482604,25.05078576622872],[121.48761594006872,25.050863068435046],[121.48714265627005,25.051607103617762],[121.48652855750046,25.051953097341617],[121.48607279696967,25.052580360791794],[121.4855404945555,25.05271026299487],[121.48514381261587,25.052433483078474],[121.48476740827347,25.051319313036824],[121.48512562738605,25.050275415120172],[121.4849829410978,25.049534073260855],[121.48468992166764,25.04921118738927],[121.48365544431736,25.048925610704032],[121.48247636100263,25.04939297256205],[121.48107519465451,25.04866175136056],[121.47940203267694,25.04874771710354],[121.47804513352023,25.047964645418748],[121.47682808601981,25.0479637069938],[121.47655166188399,25.047478625591513],[121.47683824966168,25.04534939267975],[121.47649074595604,25.044897339231717],[121.47552256955215,25.04478765395654],[121.4751655915426,25.044514176427167],[121.47536360457752,25.042965740821714],[121.47478680816155,25.041769107868618],[121.4740822524879,25.04158276982409],[121.47319270071407,25.042033322213292],[121.47148884556566,25.042093477151674],[121.47036796361073,25.04239261160388],[121.46812748965723,25.04212905618869],[121.46479225209025,25.040048348080525],[121.46420828845585,25.039343345990765],[121.46336921548966,25.03910982776242],[121.46295645392188,25.038500514980914],[121.46111249627258,25.037197654831655],[121.45979837218616,25.03721509760358],[121.45831690715455,25.036173489676308],[121.45743606740052,25.03595541843218],[121.4569786503725,25.035520601627738],[121.45649566419222,25.034476068565265],[121.45545096089275,25.033739720119],[121.45477123302526,25.032799690554235],[121.4536273463381,25.032906614833777],[121.45221287530623,25.032489793623096],[121.45150592516468,25.031940325453853],[121.451393144553,25.031281917608727],[121.4524420812653,25.029573100509662],[121.45232726990191,25.029056244219856],[121.45196334223857,25.028780214662394],[121.45122049566888,25.028849154595388],[121.45033520969758,25.029812765457095],[121.44916712381092,25.029703688144657],[121.44766220747984,25.03028864395542],[121.44705951854871,25.0308694846718],[121.4458155013065,25.0308777450544],[121.44406531225303,25.03217984021267],[121.44282358786818,25.032200442947975],[121.44213786975503,25.032895903428024],[121.44111252791183,25.033355220360665],[121.44086900091779,25.033842243192918]],[[121.48382931400042,25.05435063311283],[121.4841877410713,25.053260025510408],[121.4845894800361,25.052871130464887],[121.48504040973387,25.05277113457084],[121.4854328877163,25.052996759983444],[121.48552014091149,25.053652336697365],[121.484910756798,25.05496063111778],[121.48440745474609,25.055038394204548],[121.48391970165018,25.054756961339482],[121.48382931400042,25.05435063311283]],[[121.47573425930864,25.05356363853466],[121.47527611839004,25.05364073756798],[121.47489757589577,25.05339333836661],[121.4747297293889,25.05290589168558],[121.4750035803511,25.05250539451351],[121.47546120664285,25.05243702743376],[121.47598793397445,25.052711773743642],[121.47607528812884,25.053158078287442],[121.47573425930864,25.05356363853466]]],[[[121.4567864039521,25.091886120497175],[121.45799983411831,25.09408031812439],[121.45802761785531,25.09475111717811],[121.4583513298282,25.095297343403836],[121.45922716870669,25.09590107231052],[121.45982475367383,25.096005729234772],[121.46358593473167,25.092542848953183],[121.46415794913564,25.09265871367918],[121.46486779554401,25.09346892817319],[121.46633229194866,25.093298384393183],[121.46710781921539,25.094332802253724],[121.46780909771375,25.094530021050396],[121.46822846012486,25.09432926956672],[121.46875982956584,25.093620029460997],[121.46994642766346,25.09352558124001],[121.4706736625241,25.09271471116405],[121.47166599602153,25.092914787459623],[121.47324293700912,25.092413724826557],[121.47481941440707,25.092562586856364],[121.47588884555421,25.092270976805473],[121.47653020721354,25.091305650447477],[121.47742687517746,25.090846241509993],[121.47761962324046,25.09003506772083],[121.4780105868104,25.08975518705638],[121.47881715503517,25.0898213100459],[121.4794705725837,25.089605465107535],[121.48024544550587,25.089779186028583],[121.481175198935,25.089483727921255],[121.48206316144594,25.08997264680359],[121.4831977336642,25.090032682838647],[121.48434988339885,25.089504099780758],[121.48550614721064,25.090104882584747],[121.48651829356825,25.089769131116874],[121.48708287541626,25.08886890095755],[121.48675132012164,25.088121386100322],[121.48664469421874,25.086601238824866],[121.48621845631861,25.08585857918403],[121.48678298129114,25.084941626660537],[121.4865852724965,25.08394750951262],[121.48696805844078,25.083371098121912],[121.48780427516193,25.083243067992903],[121.48816386792996,25.082982294868025],[121.48896482589632,25.08121169164959],[121.488610311134,25.08061287697219],[121.48766257923437,25.080498325250584],[121.48730122259029,25.08018533825442],[121.48748282513816,25.07803297581506],[121.48697759185582,25.077374973695406],[121.48660788590928,25.076183951305243],[121.48573774065021,25.07538717331694],[121.48308943928379,25.07456154528613],[121.48261823628809,25.073825327781655],[121.48176379716702,25.073220878925664],[121.48088650413628,25.073229725236054],[121.48031352775963,25.073706121643262],[121.47886185199543,25.074341058058916],[121.47802497104637,25.074177212051417],[121.47715001470411,25.074552323555647],[121.47639570809811,25.074411214992395],[121.47587350932965,25.074553735764272],[121.47530081846203,25.07556858212637],[121.47473874847381,25.076018505636224],[121.47406253867506,25.07762124344211],[121.47291750570989,25.07778511553434],[121.4712388433979,25.078903990107918],[121.4708293802012,25.079953415643892],[121.47133047304173,25.081492058396137],[121.47015272109326,25.082368482313775],[121.47039690208553,25.08348085889919],[121.47003874626566,25.084116204256457],[121.46868440746978,25.08445501513486],[121.46795041730846,25.08537025508571],[121.46691561202799,25.085529109878074],[121.46516144743013,25.08738110246648],[121.46470220825017,25.087308960130734],[121.46394726048426,25.086644737932968],[121.46364331384414,25.085829751671408],[121.46315204356739,25.085527672660728],[121.46254353268236,25.085634096548883],[121.46186080732666,25.08625399082968],[121.46095993105858,25.086061819503612],[121.46050564046686,25.08618419040307],[121.45957561432668,25.08775567141343],[121.45958420287594,25.089162217726535],[121.45914881680602,25.089401698343305],[121.45825677604779,25.08926662010564],[121.45770117991744,25.089684724757365],[121.45778896982642,25.09101244852183],[121.4567864039521,25.091886120497175]]],[[[121.45292820747822,25.15931887685885],[121.45259740064034,25.160073493352225],[121.45292091657564,25.16051096227241],[121.45337356729532,25.160639079049353],[121.45597963487175,25.159584785061497],[121.45734116550314,25.159413620556677],[121.45792990335919,25.160157864384725],[121.45865061158129,25.16057232035464],[121.45896387046415,25.16159928506436],[121.45954964162986,25.161817983074112],[121.46045997176049,25.161308551309954],[121.46045652985912,25.15978460313448],[121.46135239913134,25.15883886561019],[121.46345994486862,25.15892889439815],[121.46463657553599,25.16004739708646],[121.46524385857816,25.16016112707918],[121.46574723902042,25.159852715181106],[121.4659410798096,25.159015263242903],[121.4668242250193,25.15804832357062],[121.4668178709331,25.15714311616368],[121.46620343350504,25.15627597499021],[121.46708551963775,25.155511209715733],[121.46715620482675,25.154833955282534],[121.4664735582405,25.15432339327038],[121.46534456986063,25.154077291862805],[121.46498763710686,25.15350558937347],[121.4653541154509,25.153033176114473],[121.46685537396961,25.152712398643136],[121.4670349878346,25.151916556017806],[121.46659072820431,25.151522972493616],[121.46537693980774,25.151445516411933],[121.4640982452583,25.149562211174153],[121.46300283456797,25.149168036818423],[121.46286653502281,25.14873042528411],[121.46325386937451,25.148067206746287],[121.46326139171154,25.147425391692654],[121.46280646208164,25.146150094952482],[121.46193846797298,25.14530665569743],[121.46023108791577,25.1446907926906],[121.45993145904379,25.144204480681545],[121.46014642889678,25.143203139849742],[121.46002963030313,25.13961284498336],[121.46056672071201,25.137892111244966],[121.46016041591383,25.13717449728068],[121.460106334915,25.13519407326954],[121.45885311007932,25.132350088755913],[121.45893190926664,25.130852779673187],[121.45831059741029,25.130300605392705],[121.4575864730238,25.13051014383758],[121.45725256572368,25.131440839744812],[121.45751282298255,25.13360229227556],[121.45725784828721,25.13417754006412],[121.45723552938306,25.135977199658644],[121.45675333230948,25.136759337675603],[121.45694553488389,25.137926051057423],[121.45660549368172,25.139661845123605],[121.45703685354835,25.14080168247202],[121.45646607748529,25.142167644604708],[121.45748734605066,25.143691679520618],[121.45825430363426,25.144011311279996],[121.45850530813834,25.14437184761552],[121.4584917756727,25.14539822959183],[121.45804627826857,25.14583733548228],[121.45717769168549,25.146119566002206],[121.45693664865583,25.14663944752815],[121.4572041801389,25.14841801654489],[121.45779463195889,25.149225274076596],[121.45786348090557,25.15082637886415],[121.4582522227669,25.151527739559523],[121.45821966934491,25.152405658377155],[121.45768871352568,25.15321453187077],[121.45771178693583,25.154418500552115],[121.45677389195029,25.155150528165095],[121.45609207131352,25.157417210775993],[121.4551686027354,25.15834067231129],[121.45292820747822,25.15931887685885]]]]},"properties":{"city":"newtaipei","minutes":15,"minutes_label":"15分鐘"}},{"type":"Feature","geometry":{"type":"MultiPolygon","coordinates":[[[[121.4357621178364,24.966758360778435],[121.43568272934606,24.967446285822152],[121.43626116187075,24.967876186665098],[121.43685500766293,24.967766698390292],[121.43742198580959,24.96709569838948],[121.43730187325899,24.966554369332812],[121.43679703488293,24.966249012901226],[121.43621563926632,24.96635165266078],[121.4357621178364,24.966758360778435]]],[[[121.44377394191532,24.973056777322807],[121.44407080092567,24.973965520957755],[121.44458320238972,24.974282194003578],[121.44555587319351,24.973996422200926],[121.44644615304622,24.97402446135732],[121.44691773593722,24.973497148021703],[121.44680508914125,24.97296716990986],[121.44624342789788,24.97237191072228],[121.44510829369895,24.972012605523737],[121.4440288363327,24.97224979347632],[121.44377394191532,24.973056777322807]]],[[[121.4439203941575,24.984815641564108],[121.44507434929372,24.987029667863872],[121.44571448171641,24.987516426848657],[121.44583358810821,24.98829057584164],[121.44630430082869,24.989004525798965],[121.44858103734332,24.989584944945715],[121.44921549721322,24.98937415655297],[121.45007487159171,24.988003649009222],[121.4526236989782,24.986454919839424],[121.45296171782779,24.985861792419236],[121.45261175558946,24.984490940608065],[121.4515979827614,24.983729976948766],[121.45057988412952,24.98400785937085],[121.45011073331615,24.983862031024287],[121.44981842827072,24.98216065638844],[121.44892778222656,24.98166979149719],[121.44854005807419,24.9808316679633],[121.44797948580315,24.980622002988238],[121.4467523462338,24.981115535142877],[121.44641515856434,24.982159420280727],[121.44565584396753,24.982570031133253],[121.44531557388407,24.983249490181453],[121.44467407753153,24.983702470412467],[121.4439203941575,24.984815641564108]]],[[[121.40599744358094,25.021330243099182],[121.40668773064789,25.021943998011004],[121.40760008400925,25.021880202959284],[121.40801199659694,25.02205633460528],[121.40820856461066,25.022445117356728],[121.40801273853974,25.023151875698563],[121.40822452899495,25.024531207301816],[121.41036728331115,25.025592892198016],[121.41094709220971,25.026185594580717],[121.4110232136089,25.02664357697987],[121.41052001023449,25.027601289418147],[121.4107381124987,25.028485366539368],[121.41104338658958,25.02881517961594],[121.41222657512604,25.0292156020745],[121.41264116488676,25.029007147220636],[121.41324286217983,25.0280837428204],[121.41492054551227,25.027810304706755],[121.41582012204627,25.028030018040457],[121.41631635462174,25.028608332723973],[121.41684039278879,25.030355616526002],[121.41754122891722,25.03055308043684],[121.41851830331613,25.030037499392996],[121.41902142975357,25.030104048251125],[121.42019487685953,25.031404237837382],[121.42067942835223,25.032520861962077],[121.4211845012591,25.032826267309968],[121.42217603222673,25.03263286504007],[121.42337254416367,25.033124589043734],[121.42479816023861,25.032294724663654],[121.42596565815604,25.032514686177503],[121.42684229145365,25.031721875870577],[121.42800701423198,25.03160405724407],[121.4286429151662,25.032097934757804],[121.4294437515846,25.033260258748577],[121.4292923023918,25.034404290561376],[121.42884489266008,25.03505876777655],[121.42889827307242,25.035521815058438],[121.43113032679545,25.036991692760353],[121.43173355117224,25.03812120305982],[121.43237340260053,25.038238678279537],[121.43303897493082,25.03785093941918],[121.43377464843988,25.037767780466954],[121.43594291488921,25.036518030797314],[121.43752144161375,25.037251971110955],[121.43751005795836,25.03767496289453],[121.43682726262688,25.038499110008367],[121.4370609379955,25.03930519129973],[121.4377762352165,25.03950057201091],[121.43883783448427,25.038965865195017],[121.43883506244187,25.038186803768415],[121.43800118679926,25.037662033963684],[121.43783201116345,25.037322440509236],[121.43842941123897,25.036359073488367],[121.4383348390997,25.035310192919148],[121.43781555925506,25.03426900538227],[121.43839311503564,25.033463984980244],[121.43842069514645,25.03278846215429],[121.43703209842155,25.03181254899519],[121.43583505968766,25.03146894255255],[121.43535092839784,25.02897460572308],[121.4346258955914,25.028769423470393],[121.43327625009358,25.0294686752733],[121.43222844955777,25.029220098536477],[121.43091076988071,25.02963931285374],[121.42938500102889,25.029307494423914],[121.4287085418634,25.028900055303957],[121.42828695503866,25.02833161610621],[121.42814242459994,25.02750120831328],[121.42701507295158,25.026611163173396],[121.42640891630903,25.026612903232063],[121.42492562023537,25.0273750162049],[121.42359997073308,25.026815614817092],[121.42316146581537,25.02612595163],[121.42258122337815,25.025728996677397],[121.42215365228148,25.024839726247716],[121.4210171318986,25.024687677556],[121.4193813052605,25.023932058404267],[121.41869784240153,25.021654889395194],[121.41886798530322,25.021324471113843],[121.41973333944685,25.02078223965735],[121.41984502416967,25.020116932414343],[121.41876504558171,25.018845599615943],[121.41780964201607,25.01885630501535],[121.4164335776292,25.02015907714402],[121.41599260234753,25.020296088815712],[121.41446631801524,25.019376561744405],[121.41312760423389,25.01950702531899],[121.41253287182504,25.018889294145744],[121.41035786174919,25.017975822471914],[121.40988632691048,25.018014967095276],[121.40920272555606,25.01844023755076],[121.40819716092628,25.018264392418853],[121.40761657833816,25.018710052954777],[121.40775064221071,25.019601735288532],[121.40757778432172,25.019985243804314],[121.40647257331824,25.02011504865425],[121.40598370177908,25.02042000170994],[121.40599744358094,25.021330243099182]]],[[[121.44446315435088,25.034097003211535],[121.44423489369126,25.034489160959872],[121.44435719419707,25.035017365666445],[121.44551399357134,25.035509986703104],[121.44595478803654,25.036484324224936],[121.44659661200981,25.03681237379587],[121.44706062807454,25.0374499484501],[121.44780509484572,25.037763454817547],[121.44835338258476,25.039750783250817],[121.44952003388286,25.040338674192316],[121.45007157841947,25.041629190809456],[121.45091819170986,25.042166919357186],[121.45118927596187,25.042803395725816],[121.45203155803897,25.0437027604046],[121.4530195934781,25.04364843379372],[121.45369332821622,25.04284633118893],[121.45457492112476,25.042534859722075],[121.45485898252548,25.041149992932816],[121.4558057459299,25.040569282339348],[121.45692692404694,25.041485389213005],[121.45721133817189,25.042562294260552],[121.45765516889867,25.0429559176699],[121.4588157043734,25.042787062469344],[121.4594363783133,25.043113520962777],[121.46028386896158,25.043188946000058],[121.46077816461488,25.042891221700156],[121.46122219296713,25.042122264420996],[121.46234129975626,25.04213408764851],[121.46341999925035,25.042993552910783],[121.46438909538028,25.043147636370904],[121.46505749724092,25.043729910620833],[121.46618301209466,25.043790557445202],[121.46687130587918,25.04426181411993],[121.46816613822749,25.044501698775782],[121.46884183559803,25.04535953023338],[121.46803503274839,25.046112771263907],[121.46796689138729,25.046766187526007],[121.46868414399052,25.047389111829816],[121.46900033250945,25.04830970939582],[121.4701178834551,25.048827465526124],[121.47044804344392,25.051049575526175],[121.47017020113628,25.05210027722952],[121.47162983961438,25.05364289977779],[121.47264519372608,25.05358977830516],[121.4729405595062,25.05325252059669],[121.47313455029112,25.0523286482718],[121.47471531833463,25.051626401999428],[121.47492303947045,25.051252979914526],[121.47472883425827,25.05044898548281],[121.47490670539399,25.050078660121017],[121.47589655333115,25.04946471525812],[121.47683320943975,25.049449087172064],[121.4772542191258,25.049069187502194],[121.47709544327812,25.04828114859958],[121.47586450213318,25.047544895368684],[121.47547944874638,25.046511538304696],[121.47553855328546,25.04564689939477],[121.47483166512288,25.044186770971542],[121.4742393272992,25.04407108025022],[121.47353470169838,25.04431222699814],[121.47274638167808,25.044139480258856],[121.4716779539407,25.042517502888582],[121.47116702940869,25.04222098798612],[121.47058725319414,25.042332515354186],[121.47009501196196,25.042884400263777],[121.46908896077647,25.043398606501157],[121.46854154397117,25.043362438355828],[121.46805052883747,25.042747891762072],[121.46778123819969,25.04176703324384],[121.46656758024652,25.041494201142534],[121.46611174114875,25.04080253928661],[121.4647431033589,25.040010747456677],[121.46420828845585,25.039343345990765],[121.46336921548966,25.03910982776242],[121.46295645392188,25.038500514980914],[121.46111249627258,25.037197654831655],[121.45979837218616,25.03721509760358],[121.45831690715455,25.036173489676308],[121.45743606740052,25.03595541843218],[121.4569786503725,25.035520601627738],[121.45641526587376,25.034387426423898],[121.4545995048776,25.032891234466568],[121.45368460995974,25.03291681082448],[121.45202783352062,25.03247719611301],[121.45114092792981,25.0317298095688],[121.44977138358293,25.031357853300317],[121.44920972854491,25.031668528530073],[121.44873306993374,25.032544047618433],[121.44741295239295,25.03301197087627],[121.44659049158061,25.033048046973647],[121.44446315435088,25.034097003211535]]],[[[121.45888261905533,25.04966597707461],[121.45926772674429,25.05051358847469],[121.45925582312196,25.05178557971705],[121.45947617513677,25.05216747416124],[121.46002256336733,25.052376483783014],[121.46097592283503,25.05227082040934],[121.46150487527399,25.053022494844917],[121.46190689147099,25.053225328707985],[121.46263494587863,25.053028796615326],[121.46286504435197,25.052517833619145],[121.46286481050464,25.047250534103636],[121.46263089200711,25.0467410162158],[121.46133599977799,25.046517210723003],[121.4607874295488,25.046721366402487],[121.4600150631864,25.04802978115514],[121.45899214470077,25.048995030592152],[121.45888261905533,25.04966597707461]]],[[[121.45189801293499,25.061774359171746],[121.452537801419,25.061868940427406],[121.45328851892407,25.062397861973153],[121.45451723707176,25.062810020322726],[121.45628418802525,25.06279224659107],[121.45725777397655,25.06366249898944],[121.45780322670339,25.063607808677258],[121.45857514062733,25.063128531259878],[121.45967958404577,25.06358330081607],[121.46080217453596,25.06338938679014],[121.46152901873364,25.06418391959549],[121.46267309998917,25.06422795259233],[121.46358350529304,25.06488050400679],[121.46427236191018,25.064687820200874],[121.46524420830099,25.063511729531164],[121.46518920296299,25.063096111433453],[121.46458585996477,25.06255914454778],[121.46421855784754,25.06177419708552],[121.46310830632912,25.061318162072517],[121.46263666868984,25.060247151134117],[121.46188001164951,25.060188488754697],[121.46102857337746,25.061007346051376],[121.46040130301644,25.060863621693375],[121.46021964033059,25.060427049669205],[121.46046429256282,25.059340734500193],[121.4594703418485,25.058687025908668],[121.45851935861288,25.05844366987479],[121.45838576125436,25.058047344706317],[121.458682730113,25.057157827475805],[121.45804381981077,25.056590900181742],[121.45758754398885,25.056640978768087],[121.45717957522315,25.05701511819995],[121.45720746536594,25.05800896511102],[121.45632206191819,25.059238398214365],[121.45640390213643,25.059647666335323],[121.45612452487315,25.06001454071758],[121.45568114534028,25.060096712839233],[121.45530358073209,25.059878018987146],[121.45521169486909,25.059430315784503],[121.45550773290996,25.05905851182175],[121.45536130979977,25.058511777553413],[121.45460831195267,25.058056805758458],[121.45389877379436,25.058491802217308],[121.45393333602948,25.059419398601225],[121.45368475823022,25.059779629145563],[121.451337361684,25.060303263162623],[121.45108716765986,25.06123860513951],[121.45189801293499,25.061774359171746]]],[[[121.45664009191881,25.13928916167431],[121.45676569168842,25.139853937387073],[121.45759442534612,25.140446524814614],[121.45763458537132,25.14163424118526],[121.45843265270919,25.142097699186397],[121.45892482964128,25.142935336953578],[121.45981732256323,25.142924676808178],[121.46015505866553,25.14234477544289],[121.45996795664742,25.141522195825196],[121.460108571968,25.138899874166093],[121.46057953154923,25.138006506869033],[121.46016041591383,25.13717449728068],[121.460106334915,25.13519407326954],[121.4595177301877,25.13372383577175],[121.45909354918435,25.133346606535305],[121.4583625353066,25.13340873990676],[121.45730993680917,25.134310024753407],[121.45723552938306,25.135977199658644],[121.45675333230948,25.136759337675603],[121.45696228958444,25.137594453584523],[121.45664009191881,25.13928916167431]]],[[[121.45614672122093,25.157323393048166],[121.45516213611475,25.158627103591247],[121.45529657477628,25.159040816156217],[121.45635152637696,25.15949201490443],[121.45729284785452,25.15922326125376],[121.4589385320179,25.1581788896029],[121.45939586780946,25.158359585184236],[121.4599386556308,25.159190383158457],[121.46054593039051,25.159304132554453],[121.46134433201041,25.15883058745672],[121.46175777221268,25.158139346787912],[121.46322223131637,25.15753909332258],[121.4640282097501,25.15681614271961],[121.4639742106121,25.155755894203498],[121.46468908417948,25.154115922690796],[121.46451100009962,25.15298396834938],[121.46356443720032,25.151592849208903],[121.46258085212602,25.150983424419458],[121.46151828329806,25.15071380703945],[121.46097171963306,25.149703826831797],[121.46106720467407,25.148881808571737],[121.46055755675728,25.148142240631046],[121.46049162690255,25.147370747908703],[121.46005617603738,25.14696910540538],[121.45907666095646,25.147049422915952],[121.45816625036281,25.148381430725],[121.45775382884293,25.149720552181314],[121.45786706583203,25.150839220158936],[121.45824247130327,25.151470844177307],[121.45822804250326,25.152353049802365],[121.45768871352568,25.15321453187077],[121.45773127598758,25.154368389706228],[121.45683306966166,25.155048934449706],[121.45614672122093,25.157323393048166]]],[[[121.4382500176958,25.17016591929928],[121.43929803291198,25.171450879297197],[121.44112496563594,25.17198997641899],[121.44169291705083,25.171885406006716],[121.44323322550892,25.170912795255955],[121.44441278850994,25.170715837100825],[121.44506214647599,25.16990562517594],[121.44588611890246,25.16956814566271],[121.44639560549643,25.168795730738445],[121.44679986035064,25.16873241029465],[121.44763137331532,25.16904368472172],[121.44858609846652,25.168613759583675],[121.44871114132069,25.168061071883084],[121.44821501333016,25.16676875215865],[121.44840581156642,25.16626893392745],[121.44929146133634,25.165673201646676],[121.44934853864055,25.164995383860013],[121.44862066009526,25.164564120930415],[121.44637011307832,25.164941567335223],[121.44378160421739,25.166752345508822],[121.44250552964935,25.166956245989187],[121.44104870090268,25.16834242630886],[121.43866104006321,25.169170134525253],[121.43826856527166,25.169633734084435],[121.4382500176958,25.17016591929928]]],[[[121.53233190393853,24.955022151610475],[121.53391619272364,24.957184032011035],[121.53339962012183,24.958952200765225],[121.53371338799222,24.959843253684735],[121.534512909685,24.960149166106557],[121.53553595846483,24.95964151103137],[121.53605119689627,24.96000247231349],[121.53603824167367,24.961024127553042],[121.53532316116944,24.96319753144732],[121.53552408683228,24.964095654434168],[121.53608472587818,24.964304989090813],[121.53692552519823,24.964081357247455],[121.53784573765391,24.963047887606553],[121.53980148473894,24.963269903498624],[121.54038748880663,24.962998527289884],[121.5414282568796,24.963224188559835],[121.5419870502811,24.9630108041785],[121.54221665756614,24.962499720122263],[121.54194928046459,24.961553069566513],[121.54293443834293,24.9602164759443],[121.54309743811001,24.959475515766727],[121.54244762774445,24.958539595165053],[121.54260479973718,24.95739149889751],[121.5419676814752,24.955698268519757],[121.54195240181242,24.954793858138796],[121.54142418294988,24.9539735038549],[121.54181474145925,24.952978259390314],[121.54158134080303,24.95245562544105],[121.54044883979863,24.952152823367726],[121.53960392323462,24.95220775186401],[121.53861602388574,24.95139136405314],[121.53770443111567,24.951182202743706],[121.53673360065689,24.95185702868631],[121.53591664110559,24.953034070463477],[121.5354618901206,24.953035705779527],[121.5347227731808,24.95258802811525],[121.53339764197862,24.95281542923331],[121.53250255514321,24.954141175203834],[121.53233190393853,24.955022151610475]]],[[[121.53973666112324,24.964213776709663],[121.5386658504125,24.96475748554365],[121.53775662770036,24.965992305304535],[121.53649213270276,24.96651972985309],[121.53624768155319,24.967717802612817],[121.5356099286711,24.968118626636528],[121.53530190524117,24.96878286000942],[121.53433754603793,24.969476869589904],[121.53410789359582,24.96998794178112],[121.53458628201147,24.970647231287312],[121.53610055424565,24.970420643410495],[121.53681640774319,24.971419165082597],[121.53791623620526,24.971436620847165],[121.53854906495772,24.971797256530675],[121.53923420475225,24.971880349403236],[121.53969966495256,24.972430935420935],[121.5397997097902,24.973053166456506],[121.53938398186433,24.973649404651653],[121.53937783441211,24.974369203104388],[121.5390527171468,24.975077032547393],[121.53967051297764,24.976659458981047],[121.53933875998896,24.977781511481027],[121.53869846115533,24.97833498282708],[121.53788852130927,24.97860934781354],[121.5373755480441,24.979348159474466],[121.5360743244779,24.979552341102906],[121.53582572660757,24.980489452032227],[121.53608890867818,24.98118624112565],[121.5359968783948,24.98208207527722],[121.53701175696861,24.982758742101645],[121.53709787142236,24.98371388073791],[121.53777662669475,24.98438616354257],[121.53826367915858,24.985439214014544],[121.53819749703581,24.98627717359941],[121.53764638453283,24.987010432815605],[121.53762599665725,24.987852826366442],[121.53859513086506,24.988555878883833],[121.53878745530064,24.989604487457438],[121.53943844910425,24.989912186210667],[121.53999736575327,24.989698807973383],[121.54049726352224,24.989016439163542],[121.54122389793353,24.98890455701069],[121.54185442077629,24.98837575999429],[121.54303533804473,24.988204366725302],[121.54339453838708,24.987943462996682],[121.54365758822449,24.987243587863386],[121.54442046081506,24.98665316496604],[121.54490374858588,24.984591099802334],[121.5461176833458,24.98352545707943],[121.54624651434752,24.9823724369235],[121.54683637831492,24.981464793511],[121.54657675082356,24.98088148822393],[121.54574067274433,24.980444543525387],[121.54554978916373,24.98005626185982],[121.54596826331115,24.979103198384088],[121.54552805703813,24.97806959098816],[121.54579726647533,24.976915634228792],[121.54653860222957,24.976091355907858],[121.54654111387201,24.975551534304536],[121.54610761963718,24.974605508640423],[121.54414040769151,24.973461884351124],[121.543717140576,24.972887314800804],[121.54352930016633,24.972081263524167],[121.54351564522109,24.97033945611071],[121.54401155875095,24.969699169313774],[121.54446427791933,24.968315124048658],[121.54415711872211,24.96722488946391],[121.54266615412297,24.964897169524242],[121.54221413819334,24.96476931175418],[121.54135330441655,24.964934154684006],[121.54028697501118,24.964242657597886],[121.53973666112324,24.964213776709663]]],[[[121.52446914340749,24.981522814147926],[121.52517398587618,24.982387952272074],[121.52480894392721,24.983259378669377],[121.52496793692528,24.983982227883864],[121.52607601378537,24.984695007471515],[121.52665139986756,24.985400084399355],[121.52769220924992,24.985586313051275],[121.52870445995646,24.986523064486008],[121.53070002304202,24.985853910377223],[121.53122211698395,24.98457667079405],[121.53250722631086,24.98439220506352],[121.53318842579101,24.983426364204224],[121.53420309100589,24.983200656341154],[121.53455225999942,24.98272027433159],[121.5335133546009,24.98074729668296],[121.53292127164417,24.980631834779985],[121.53226576265635,24.980964402141826],[121.53162419693862,24.98096593419984],[121.53130026746123,24.980609029279414],[121.53136274364392,24.97988715377414],[121.53114230443818,24.9795053636233],[121.52938053021529,24.97905363454983],[121.5285899239859,24.979257148902075],[121.52825759231061,24.980027629384427],[121.5274500990201,24.980774007197024],[121.52585613837978,24.980635217883655],[121.52524805534472,24.980381438067294],[121.52468106051975,24.980486316367884],[121.52433393621388,24.980953562317037],[121.52446914340749,24.981522814147926]]],[[[121.50340770208787,24.99300296027524],[121.50284323184182,24.994637878024722],[121.50321005778419,24.995243437813052],[121.50590414204363,24.995454721810564],[121.50693967816989,24.996031089776128],[121.50886548656685,24.994837576356062],[121.50928327737692,24.993604400432005],[121.51070297671458,24.993349732419976],[121.51167776277372,24.99290682552977],[121.51238855575107,24.993151410599566],[121.51311313734018,24.99448906505097],[121.51361827605284,24.994794156911414],[121.51542978083769,24.99406885668697],[121.51763902981712,24.99486678584409],[121.51913419913673,24.994403844494656],[121.52002442975035,24.993433734071534],[121.52044049967097,24.99328967454411],[121.52088787649365,24.993487863000077],[121.52125954323695,24.99437236236249],[121.52162351985535,24.994648222783276],[121.52468316364119,24.99473088747695],[121.52513417203734,24.994599792294107],[121.52576069604487,24.993979789297562],[121.52712983559245,24.993914520156945],[121.52810701599951,24.99298073004993],[121.5282465819486,24.992555460275614],[121.52776369624767,24.991755519524947],[121.52785411633897,24.99082767111508],[121.52751477117684,24.990067759523754],[121.52622106915904,24.989804304759783],[121.52572285917218,24.988803223738586],[121.52360217570707,24.987833903269298],[121.52208425284618,24.988027264736257],[121.5207287433443,24.98737381235253],[121.52008827359899,24.987646092454327],[121.51960786906173,24.988158574858183],[121.51865504526377,24.98847571728715],[121.51696467629371,24.98844543517125],[121.51658679433706,24.988292991934326],[121.51601405435514,24.987545695999284],[121.51512570852296,24.987248541318134],[121.51414111063154,24.987227377612385],[121.51274537712403,24.987827571114064],[121.51159399661135,24.987314010415155],[121.51059371801773,24.987747062773277],[121.50995250153878,24.988508897101056],[121.50882319960652,24.988370510252885],[121.5078516813091,24.988744745649566],[121.50691874130648,24.988612797334692],[121.50643164784579,24.98772303856997],[121.50584663006835,24.98750450922816],[121.50428988182274,24.988246466705444],[121.50379060239598,24.98984348364178],[121.50331900073452,24.990381735357794],[121.50327564370878,24.990798803667122],[121.50362924073379,24.991537975248644],[121.50326448641735,24.992243553261765],[121.50340770208787,24.99300296027524]]],[[[121.50624463482524,25.00345666107952],[121.50635974694006,25.004565261136115],[121.50723059790033,25.00637177090711],[121.5072529635641,25.007183536702627],[121.50754593936944,25.007506380542107],[121.50985139807473,25.00759168802365],[121.51208871856787,25.00728292780597],[121.5127837567174,25.00669172417739],[121.51321422774511,25.00582570860502],[121.51465929995113,25.00596121176036],[121.51675175763522,25.00455540665957],[121.5168699119079,25.00402642726489],[121.51656634319909,25.00294653265465],[121.51691912848014,25.00059447803719],[121.51486665635008,24.998299723434368],[121.51381397780005,24.99804376224534],[121.51316500202942,24.99746201387085],[121.51210279113312,24.997223711500784],[121.51109901638537,24.997605489165295],[121.51034786323457,24.99728361749592],[121.50989011464443,24.99731856710292],[121.50952219849452,24.997590062942294],[121.50865409049639,24.999165054681537],[121.50851409793447,25.000038008747506],[121.50868984127641,25.000965093666586],[121.50761494190702,25.001481536836508],[121.50653248026504,25.002702050229097],[121.50624463482524,25.00345666107952]]],[[[121.44706690864308,24.997861359424544],[121.44744283119729,24.99897620331681],[121.44798301300204,24.999467002241136],[121.44856165690634,24.999465258610865],[121.4501954628915,24.998825054181726],[121.45073229457616,24.998971728309893],[121.4516854008009,25.0003841128422],[121.45236117112356,25.000912370697655],[121.45245759509962,25.002011100428483],[121.4532632239302,25.00248582705956],[121.45386313075785,25.00348137346166],[121.45420147725474,25.004850836920728],[121.4540100658667,25.006171890346433],[121.45478304469962,25.006861784696934],[121.45491640295872,25.007258395675198],[121.45459470318416,25.008224065002075],[121.45350170955689,25.008554987281688],[121.45317936516862,25.00928884455858],[121.45370743832571,25.010063753027097],[121.4546333945289,25.010547529045496],[121.4545818692404,25.011686219947453],[121.4556270318437,25.013129172794926],[121.45618304076534,25.01334798751633],[121.45714538041167,25.013203842151928],[121.45833906508074,25.01393967481514],[121.45939094858548,25.014272393314577],[121.45950334942764,25.015310564493507],[121.45907679020982,25.01592260934431],[121.45907400765496,25.016606517272194],[121.46048747218781,25.01776854522885],[121.4617430732641,25.018200387034057],[121.46280981425639,25.017955178951844],[121.46343328415156,25.018501253673772],[121.46417935556114,25.01874570816329],[121.46553613877282,25.01840052554561],[121.46622953907453,25.018879325357627],[121.46821738279016,25.017818146190226],[121.46926448562762,25.017962138616234],[121.47023408468492,25.01733192931632],[121.47118611994753,25.017438926155243],[121.47284396045528,25.01703328255472],[121.47339234922606,25.01628836834518],[121.47342022783877,25.01493576149254],[121.47439745315951,25.01420172212001],[121.47539957325,25.014314867801296],[121.47615903215065,25.015221153484983],[121.47785127758488,25.015156867552097],[121.47862882639825,25.014372777435195],[121.47804786665284,25.012440185548535],[121.47859289959244,25.011857930583293],[121.48079016113812,25.012435570061903],[121.48153486614181,25.01317916352993],[121.48283065688571,25.012897074425766],[121.48367916943155,25.01348474840989],[121.48429837885008,25.013477068089227],[121.48589299827184,25.011528144209148],[121.48646948018954,25.01044651893952],[121.48758787983239,25.010398918541576],[121.48833609124473,25.010106859537007],[121.48868472796944,25.00983424291625],[121.48921268310303,25.008737030453357],[121.49032329321636,25.00878231559504],[121.49107756314284,25.008389196921694],[121.49200652075943,25.006544419900717],[121.49244797911643,25.006492405876834],[121.49331068205358,25.00687378982525],[121.49448234815539,25.00647685116457],[121.4955069948712,25.00677138959541],[121.4963384472898,25.006461864291616],[121.49749193093905,25.00647230764663],[121.49898750056624,25.005703290710482],[121.50078284473274,25.005432432431935],[121.50153952077976,25.004695291342127],[121.50255355710831,25.004571093684415],[121.50288712500723,25.004192177170957],[121.5029927235341,25.003264224532362],[121.50266046773294,25.002334682866138],[121.50328774843537,25.000845359127865],[121.50288901475233,24.999292751803438],[121.501358503181,24.998598242507057],[121.50074371350232,24.997759575466127],[121.50015110015138,24.9975046018435],[121.49941053377978,24.997586129157334],[121.49891067499792,24.998358535057786],[121.49805394525877,24.99888014054064],[121.49751435662999,24.9998017483619],[121.49580248618393,25.00071774342313],[121.49532838049622,25.00052522869911],[121.4936299450599,24.998114701685285],[121.49278010524415,24.99795663214808],[121.49223814859592,24.998373285501017],[121.49212207889002,24.99891534632723],[121.49340766384273,25.00068740008167],[121.4935975968033,25.001685334373306],[121.49324852948968,25.0028846020001],[121.49318136426855,25.00428558514985],[121.4925866628807,25.0055931385358],[121.49192618162076,25.00559532444703],[121.49132204466457,25.00480171860303],[121.49168543641181,25.003302258676314],[121.49107298036266,25.002727437658006],[121.49013516947436,25.003017904490047],[121.48943208676621,25.004405116080232],[121.48895402159145,25.004786433253226],[121.48850749867891,25.004707017648652],[121.48791938897824,25.004186943498087],[121.48689436513727,25.004234948960526],[121.48621476289931,25.00377116873487],[121.4857298472208,25.003729244270996],[121.48467505946341,25.00445923280576],[121.48409903924916,25.005428967275172],[121.48329570732167,25.005533760128188],[121.48229215562142,25.00524307507476],[121.48159996225095,25.005673223292835],[121.48031548052896,25.005941415521963],[121.47908986594159,25.00650165757088],[121.47827834222738,25.008164048589364],[121.47859704363898,25.009376414808326],[121.47977489540128,25.010274961919894],[121.47969393986979,25.010723098891795],[121.47925370084303,25.011026291440178],[121.47880108089063,25.011068386466032],[121.47806285769522,25.010664479709785],[121.47674133735987,25.010730922529955],[121.47534112956343,25.009278613130085],[121.47398893045494,25.00897340838524],[121.47225126581593,25.00946821606209],[121.4712365815299,25.010991488639302],[121.47072776556902,25.011172193569834],[121.46989429511633,25.010828585253744],[121.46879335631951,25.010897095024955],[121.46770380548446,25.0096402973448],[121.46724732515882,25.00942606270122],[121.46582187815493,25.009131307553126],[121.4648898529803,25.009565809201934],[121.46429807927262,25.009450700444656],[121.46403282942809,25.00907695224547],[121.46410253182242,25.0083658595466],[121.46494374621813,25.00784579378901],[121.46517299079196,25.00732159412864],[121.4647096079919,25.0062201899884],[121.46394160255976,25.005419111221105],[121.46310376034722,25.005093149074785],[121.46245262186841,25.00439717182016],[121.46072220010578,25.004397968764472],[121.45973883984733,25.00313639812663],[121.45913280113044,25.003138269986383],[121.4582135756046,25.00376336165631],[121.4569745517098,25.0031552185842],[121.45680465208588,25.00225597349498],[121.45740581447313,25.00113290447782],[121.457683268243,24.99999197297305],[121.4585456252495,24.999374337250398],[121.45867046428435,24.99882163163773],[121.45801036774031,24.997650078262286],[121.45749096281601,24.997342895944023],[121.45689973513757,24.997462296423357],[121.45639818729587,24.998290061068232],[121.455848271171,24.99856296432455],[121.45524663027386,24.998640974183306],[121.45486008346415,24.99843985755137],[121.45473515612782,24.99805052117867],[121.45501056220677,24.996746901771875],[121.45569327122803,24.995908386983977],[121.45535177914839,24.9951817701242],[121.45456101827303,24.99508655375053],[121.45382129072058,24.995808881005498],[121.45279836736687,24.99591572773565],[121.4521544626223,24.995435876131296],[121.45187480391475,24.99449874340498],[121.45100072886602,24.993946639724566],[121.448853851173,24.994216542016492],[121.44756548732806,24.995751159692436],[121.44784066266087,24.996960155935298],[121.44706690864308,24.997861359424544]]],[[[121.5090442132589,25.012798935410107],[121.5096622912696,25.0144869230983],[121.50914665119211,25.015974200234716],[121.50930341111729,25.017189461454834],[121.50978581046924,25.017480780672372],[121.51180203446647,25.017768997504902],[121.5124576468668,25.018237084362685],[121.51323284016479,25.01839609550935],[121.51416268457251,25.018952894355618],[121.5145594463218,25.01962189422816],[121.51497555591078,25.019827756286755],[121.51573014143108,25.019814007682065],[121.51615092983057,25.019433999737505],[121.51629530794271,25.017928980854066],[121.51680563730177,25.016601555877227],[121.51728946182739,25.016500214296173],[121.51823105950236,25.0169804893488],[121.51923288102967,25.0169808119118],[121.52003180910359,25.01647018094772],[121.52091417630336,25.01543515554058],[121.52066065063657,25.014399301056397],[121.52013544794345,25.013704729224933],[121.52021447156451,25.01218084774585],[121.51991521879933,25.011863217411772],[121.51887021201637,25.011521562189706],[121.51857835602834,25.010604951832367],[121.51806561731323,25.010288540325174],[121.51641662003374,25.010167914778247],[121.51467511772272,25.00958571274624],[121.51363275743851,25.01011624937864],[121.51269138477736,25.009984478457923],[121.51171182720418,25.010456669392987],[121.51020755697166,25.011716947316497],[121.50931038709783,25.01200834470532],[121.5090442132589,25.012798935410107]]],[[[121.46621156159128,25.019307074818354],[121.46450208318514,25.02056945190701],[121.46375804806742,25.02304906240124],[121.46381302838711,25.02346468358807],[121.4642856983794,25.024032396542754],[121.46444641421397,25.02497895333795],[121.46544197468576,25.025524598113925],[121.46615439520775,25.026522526224554],[121.46605753967248,25.026940144320577],[121.4652827287409,25.027366760188237],[121.46476250417021,25.028310939222425],[121.46497999038783,25.0298405557822],[121.4653501397546,25.030109632655943],[121.46655879978246,25.030273939461658],[121.4668665905874,25.03099986405956],[121.46802210543494,25.032135309407835],[121.46828118955854,25.032748785038642],[121.46915228101827,25.033199997204267],[121.47052417945925,25.034940498495047],[121.47114354158795,25.034944201152268],[121.47205729054437,25.03441566899981],[121.47329127961072,25.034912541856155],[121.47454018556917,25.034972927212984],[121.47545151088846,25.035337318265015],[121.47659564456599,25.035045268727487],[121.47760310271315,25.034120490332114],[121.47807244224602,25.031617170154203],[121.47850941398428,25.030936163283197],[121.47782721718077,25.029153288957463],[121.47843056980632,25.02832218694815],[121.47873388007447,25.027220951392117],[121.47804144154881,25.024389790104067],[121.47753626608673,25.024084579115684],[121.47656316233775,25.02412847067559],[121.47500650521468,25.025172387079767],[121.47359080211947,25.025288168718113],[121.47315813741356,25.024795420429424],[121.47335891639918,25.023706031335813],[121.47260284984743,25.022634682596678],[121.47240676614018,25.02183505554678],[121.47159333028691,25.020774919330258],[121.46929192616837,25.01965586135614],[121.46791361347154,25.019955261066087],[121.4668978736555,25.019845460304847],[121.46621156159128,25.019307074818354]]],[[[121.47715218846368,25.053480061485388],[121.47697781251792,25.05478899144827],[121.47762036788326,25.055692968284713],[121.47766640445616,25.056432194896356],[121.4784221195774,25.057257694663416],[121.47756054757063,25.05861891618572],[121.47755773942127,25.059158735373238],[121.47785571323811,25.05949409395468],[121.47867650177673,25.05977545093379],[121.47941881628601,25.06083979841203],[121.48002800370986,25.060942356494806],[121.48096948961668,25.060445683294134],[121.48187891511682,25.06087031971392],[121.48366192417522,25.060793452007413],[121.48415075768031,25.06048824547743],[121.48447548026463,25.059656120807542],[121.48545164499242,25.059391488019077],[121.48580427890134,25.059638512572285],[121.48620430697244,25.06056142931294],[121.48610036000754,25.061659093309167],[121.48749224846482,25.06305112156258],[121.4883216871235,25.063216702275273],[121.48922815817329,25.063821728975622],[121.49049394739609,25.06356207768427],[121.49125281980783,25.064250639120473],[121.49225086829529,25.064260229221322],[121.493024155798,25.064753459981727],[121.49416945645501,25.064617856204],[121.49548373538246,25.06545679688829],[121.495521094374,25.06610125770909],[121.49481895633271,25.066512631251236],[121.49395138185928,25.06745915519931],[121.49351025097931,25.06756135878754],[121.49287179504483,25.06721751906125],[121.49229283694963,25.067219439878567],[121.49160451927831,25.068175689617394],[121.49216480975292,25.069687780756382],[121.4921674418264,25.070709636214865],[121.49357086244599,25.07138214336226],[121.49340731602942,25.072970058724596],[121.49464262479599,25.0753332881273],[121.49534901413126,25.075505402204442],[121.4963038242447,25.0749209621231],[121.49787808746325,25.074677638918953],[121.50113750027752,25.072546090821646],[121.50248765596359,25.072071232722678],[121.50294435089901,25.0707961981432],[121.50366262167171,25.070336186169744],[121.50388285089637,25.069835013143933],[121.50320720491106,25.067646383244046],[121.50250239176698,25.067067083356648],[121.5024127372825,25.066599610848904],[121.50275743694604,25.066192252353545],[121.50429873115598,25.06552746890733],[121.50524744692898,25.064259975447293],[121.50505430815348,25.063561018288535],[121.50408250288619,25.062163431578522],[121.50418359411036,25.060789422651347],[121.5032117487907,25.060158923755026],[121.50238753950764,25.058464082740482],[121.5014042228818,25.057451352600577],[121.50001707342534,25.056845260616296],[121.49930318207636,25.057045147204146],[121.4989228876988,25.057725625669597],[121.49787912734399,25.05849484790365],[121.49757789008473,25.05912023295455],[121.49674357101834,25.05969041351948],[121.49673962676779,25.060254688303527],[121.49733038635951,25.06105060749423],[121.49711398710683,25.0615310770077],[121.49664401132587,25.061675473695946],[121.49566885836728,25.061363874959028],[121.49463748138638,25.060575653211075],[121.49460587319253,25.059468502844688],[121.49500393811189,25.05886310958823],[121.49499686931657,25.05832332387172],[121.49407670605054,25.057246100000047],[121.49328675761944,25.056849839757387],[121.49302755888894,25.05618632374484],[121.49190870310129,25.055019496537245],[121.49146609716902,25.054906812899155],[121.49068939834689,25.055086443924576],[121.49001824437973,25.05575394280629],[121.48952459899425,25.055811566859344],[121.48913169968412,25.05545097303781],[121.4890636628461,25.054416741132545],[121.4881942545337,25.054099087400157],[121.4875366266095,25.054594060945835],[121.48728003006579,25.055644733411235],[121.48678654004502,25.05588709318435],[121.4862200303737,25.055760180646573],[121.48564112073375,25.055256050610524],[121.48399397700301,25.054838804618562],[121.48382095775182,25.054403243568004],[121.4841877410713,25.053260025510408],[121.4849177497861,25.05250755431418],[121.48507196394638,25.051892190355897],[121.48461384284006,25.05130714225514],[121.48323812292081,25.050590955030223],[121.48263185315537,25.05059292611048],[121.48120046938098,25.051269948911678],[121.48049636783115,25.052235158633778],[121.47913017563124,25.052274442729587],[121.47816634148298,25.053182080886515],[121.47715218846368,25.053480061485388]]],[[[121.45964566986025,25.09313596258932],[121.45997392493665,25.09425324010897],[121.4607156583137,25.094741799215406],[121.46140468596998,25.09454912703956],[121.46364469847826,25.092530455015467],[121.46420073501476,25.09268988350468],[121.4648540793968,25.09346450751556],[121.46616497624095,25.09323950002554],[121.46686123973637,25.09384786131783],[121.46747058144881,25.0939504682547],[121.46816026202985,25.093359226816922],[121.46811358809514,25.09239301385898],[121.46853511884052,25.0919519438897],[121.47078237411439,25.090768544188894],[121.47186841502472,25.090548158861175],[121.47320440821814,25.090629725866144],[121.47482308505418,25.08999871825399],[121.47598558517197,25.088764878429092],[121.47628520697609,25.08806339685385],[121.47722104078358,25.087855774396342],[121.47802147240208,25.08723033754573],[121.47924036598404,25.086906350845325],[121.48061438419484,25.087264380333743],[121.48150246566803,25.08708861149287],[121.48238339178005,25.08765292074467],[121.48318586896082,25.087441341612404],[121.48378836966997,25.086224329354604],[121.48353169018505,25.085124686074817],[121.48498632954694,25.08248104941362],[121.48551420606188,25.081959045027236],[121.48617311824611,25.079971906672938],[121.48581862062383,25.079373084968747],[121.48467736638231,25.079021034868337],[121.48324322980655,25.07916904900862],[121.48282575632489,25.07833916013484],[121.483794107495,25.077504041768155],[121.4854833455142,25.078014383762707],[121.48660184880872,25.07751073250949],[121.48695159844607,25.07690960281263],[121.48660788590928,25.076183951305243],[121.48573774065021,25.07538717331694],[121.48281234293928,25.074531413062445],[121.48043852921255,25.075679080357098],[121.47973803373374,25.076831266795807],[121.47910565059352,25.07691820825879],[121.47823212992645,25.07653061869232],[121.4767141974931,25.07667133861318],[121.47637907723879,25.077131621872184],[121.47641318429962,25.078233200125148],[121.47550189007097,25.078485821379424],[121.47365448195777,25.079509251554683],[121.47322984546327,25.080361442068444],[121.47315524812164,25.081263890074865],[121.4707708242874,25.082653088472124],[121.47075758755462,25.08414620450014],[121.47036793078729,25.084360580802656],[121.46898400667172,25.084344379266696],[121.46856467927626,25.084545132644518],[121.46774331777134,25.085736913949376],[121.46791982946914,25.08686286115309],[121.4669248192688,25.08736179500309],[121.4665233959021,25.087976500861387],[121.46393587650655,25.088760106016714],[121.46294932116923,25.087913196516322],[121.46187929153945,25.087665514777235],[121.46131979326776,25.087878605210204],[121.46094017907927,25.088693438214968],[121.45970497515081,25.089731634646643],[121.46003500459517,25.091135844923432],[121.45890628726073,25.0921635683928],[121.45902313859634,25.09271773109991],[121.45964566986025,25.09313596258932]]]]},"properties":{"city":"newtaipei","minutes":10,"minutes_label":"10分鐘"}},{"type":"Feature","geometry":{"type":"MultiPolygon","coordinates":[[[[121.43575349686832,24.966769028344547],[121.43568272934606,24.967446285822152],[121.43626116187075,24.967876186665098],[121.43685500766293,24.967766698390292],[121.43742198580959,24.96709569838948],[121.43730187325899,24.966554369332812],[121.43679703488293,24.966249012901226],[121.43621563926632,24.96635165266078],[121.43575349686832,24.966769028344547]]],[[[121.44376815399396,24.973074376423373],[121.44407831459839,24.973976863257633],[121.44459758784329,24.974284095189287],[121.44555587319351,24.973996422200926],[121.44644615304622,24.97402446135732],[121.44691982141447,24.973484035396364],[121.44680508914125,24.97296716990986],[121.44624342789788,24.97237191072228],[121.44508283931032,24.97200924148313],[121.4440288363327,24.97224979347632],[121.44376815399396,24.973074376423373]]],[[[121.44643030875744,24.985823544054934],[121.44615687819498,24.986382975638534],[121.4463808124946,24.986882738101954],[121.44683690407349,24.987324081112913],[121.44788049959696,24.98765472560319],[121.44850340900588,24.988591654126424],[121.44909545744085,24.98870745237233],[121.45100105842586,24.987457503780213],[121.45157823668515,24.9864010854751],[121.45166236891059,24.98525066875093],[121.45101296354859,24.98440345885521],[121.45003234921246,24.983847894950575],[121.44972115967485,24.982757551465703],[121.44901074903954,24.98255044708249],[121.44732547224801,24.98313198221157],[121.44663450620793,24.98416114351192],[121.44643030875744,24.985823544054934]]],[[[121.45046433423389,24.99615799823792],[121.44974099433675,24.99742641018361],[121.44985019194132,24.99796924703958],[121.45034859377394,24.998282720882294],[121.45115162574773,24.998200439330247],[121.45172382086267,24.998431313959706],[121.45257209373939,24.99971784911052],[121.45255431952026,25.000487140697043],[121.45287967491372,25.00105415001408],[121.45344034844899,25.001263794536968],[121.4545718788196,25.001240557237605],[121.45497657440457,25.001041832928284],[121.45525219673057,25.000116307620914],[121.4543600836904,24.99895476898552],[121.45499689393404,24.997238003181124],[121.45477780186579,24.996587645018128],[121.45258917788716,24.99600810035185],[121.45174934782342,24.996130501962472],[121.45101864770562,24.99593579892217],[121.45046433423389,24.99615799823792]]],[[[121.45678291111035,25.00708429826058],[121.45699469743967,25.00822999032893],[121.4566192837576,25.00988096291773],[121.45725226498226,25.01059755782127],[121.45746326372894,25.01133443795582],[121.45797402698692,25.011631003501662],[121.45893308461596,25.011405347282217],[121.4603810721152,25.011621902084567],[121.46081321022768,25.011933747464287],[121.46080570946181,25.012389158224885],[121.46021077183207,25.013215317071293],[121.4602362416508,25.01444848163613],[121.46057795251264,25.014955542815137],[121.46148435295248,25.015446506698332],[121.46251750799688,25.015330883420866],[121.46405885755905,25.01608860827216],[121.46537851319027,25.015737267136497],[121.46682369317116,25.016017130869194],[121.46743892050338,25.015732135250722],[121.46765844081686,25.01521778019526],[121.46710165095226,25.01354125017419],[121.46740968784916,25.012643613077547],[121.46715181822674,25.011983099389997],[121.46636371307206,25.011785768405986],[121.46513990433155,25.01222307206998],[121.4640040364425,25.01159769029994],[121.4629769678067,25.01166590422932],[121.46254438470504,25.011370368869578],[121.46232329860126,25.01073753815736],[121.46250186963145,25.009716539480323],[121.46235909776578,25.00872692803073],[121.46266566367022,25.007342539207713],[121.46242100876665,25.00682415244702],[121.46017354667399,25.006508757810092],[121.45927169640872,25.005743059180844],[121.45883131942867,25.005622806499108],[121.45737880146936,25.005824699016006],[121.45695030464893,25.00625060746359],[121.45678291111035,25.00708429826058]]],[[[121.40883450246194,25.020085275958866],[121.40885520887142,25.021520695476784],[121.40933499802833,25.02210408882324],[121.41073753128568,25.022476810905832],[121.41127103066982,25.022958375586022],[121.41127536089249,25.02348208877774],[121.41063029483915,25.02399265681149],[121.41049028829477,25.024417820667626],[121.41071339297191,25.024904403607117],[121.41153580011755,25.02552978111787],[121.41329157643987,25.02570510126262],[121.41415310809865,25.025032292265255],[121.41536738764054,25.025217598973132],[121.41648998733731,25.024581668254715],[121.41668156608259,25.023992682270425],[121.41653234458465,25.02276514954441],[121.41610405648451,25.022096875097866],[121.41606773568283,25.021225011255723],[121.41565098554857,25.02084131324126],[121.41492571688926,25.020695204221074],[121.41442977162278,25.0201790117956],[121.41288324285424,25.01975633554643],[121.40941842949421,25.019662110204656],[121.40883450246194,25.020085275958866]]],[[[121.46606537631271,25.026242887555156],[121.46620654991173,25.0271546374664],[121.46662347651186,25.027538190948913],[121.46709438645084,25.02758344000127],[121.46780490918854,25.027298175442574],[121.4688454428276,25.027469364791553],[121.46883676334167,25.02865692741388],[121.46946864741436,25.02970397889603],[121.46940460009709,25.030656610979317],[121.46981528520908,25.031028197256227],[121.47081363607222,25.031292115800174],[121.47147152314167,25.03239408215506],[121.4724217963296,25.03277681562293],[121.47337653708459,25.032671060600325],[121.47430360657478,25.03330151734604],[121.4750372323084,25.03308490324618],[121.47551620875218,25.03163076811991],[121.47514045516857,25.030684028136132],[121.47551193807502,25.030028655728163],[121.47548346695105,25.029422647534663],[121.47604214134797,25.02782479805836],[121.47540210158563,25.02713164914608],[121.47228456280111,25.027041334586606],[121.47123270055555,25.02667910024848],[121.47009003083339,25.025955719686106],[121.47016605296106,25.024707023672253],[121.47102067839846,25.023842816281633],[121.4714250836015,25.0218814266308],[121.47118103455988,25.021349820825332],[121.4706165272901,25.021149805314472],[121.46945653878188,25.021480960710832],[121.46877923258545,25.021056581534797],[121.46731479423379,25.02073591330285],[121.46668858143393,25.02096541689097],[121.46647115632945,25.021348676480674],[121.46655626375785,25.02211733689169],[121.46619050996733,25.022891516900017],[121.46687061727141,25.02374576904099],[121.46691994645545,25.02411971397691],[121.46666642540646,25.024567719583498],[121.46587334004028,25.02483769867596],[121.46553623209984,25.025311071994242],[121.46559121953699,25.025726692296402],[121.46606537631271,25.026242887555156]]],[[[121.41877722148465,25.027794959927594],[121.41870633114921,25.02847220548374],[121.41958990802631,25.029658237029064],[121.42078198789982,25.02992966075177],[121.42150919820521,25.030716851255637],[121.42210166773867,25.03071070615407],[121.42338179111587,25.030056030624568],[121.42620046557225,25.03085598583607],[121.4269828281867,25.03036745283298],[121.4270180208836,25.029950051907292],[121.42672418564995,25.029465778386854],[121.42566353291227,25.028870504683354],[121.42537316464234,25.027821953933508],[121.42411824649034,25.027013284938356],[121.42289086218973,25.026673286109048],[121.42208149150471,25.0261500479813],[121.42148904386421,25.02615619271965],[121.42083389113465,25.026751068098196],[121.41989290318729,25.02692361218904],[121.41907218979502,25.027382306768803],[121.41877722148465,25.027794959927594]]],[[[121.43176416433555,25.032763258319076],[121.43183173244418,25.0334545698325],[121.4323607320028,25.03403307948237],[121.43255344011558,25.034682071269756],[121.43331107770766,25.035233222694877],[121.43393044278723,25.03523708044577],[121.43474553526747,25.034556197010385],[121.43568914023227,25.03435864341809],[121.43612606418547,25.034595496756694],[121.43628209208671,25.03534055081735],[121.43685569107598,25.035906651579502],[121.43745222432415,25.036002611885113],[121.43800765141458,25.03558458237928],[121.43782835433132,25.03415813613859],[121.43847702197434,25.033051965371513],[121.43799889331693,25.032392368264823],[121.4352969225987,25.032070431801802],[121.43467994310492,25.03166264850527],[121.43273324619435,25.031002698809676],[121.43174102984294,25.031343647768736],[121.4313797831505,25.03169638816153],[121.43137059551817,25.03224820673493],[121.43176416433555,25.032763258319076]]],[[[121.44816181243176,25.0355859205891],[121.4485149485768,25.036063984159437],[121.44980322236745,25.036462350964747],[121.45032783685959,25.03775635018646],[121.45039347649141,25.038724250373154],[121.45156999561567,25.040093244974244],[121.45214207093102,25.040371095979992],[121.45302022428169,25.04005425644764],[121.45385514461312,25.038437428005246],[121.45477586252315,25.038326535658836],[121.45547343452652,25.03763504773392],[121.45703362512496,25.037285481680048],[121.45650567327768,25.036230068488905],[121.4557233073084,25.035777055618972],[121.4551788473251,25.03517659075774],[121.45494966946343,25.034470975237284],[121.45419691166089,25.033979101786517],[121.452778489152,25.034198907061445],[121.4519991879153,25.034541482955806],[121.45081636280341,25.03438840848581],[121.4500179297178,25.034697671857593],[121.44878031116093,25.034692502192474],[121.44829148925243,25.03499759317345],[121.44816181243176,25.0355859205891]]],[[[121.45734566160768,25.037418530814364],[121.4585032232051,25.03971701140244],[121.4585884527991,25.04062560089873],[121.45935068281108,25.0419242142306],[121.4599940867291,25.042036635087396],[121.4606980876156,25.04179483138605],[121.46155299558673,25.041970733468478],[121.46277586664945,25.041590725968735],[121.46420164005225,25.042187393972238],[121.46467286486727,25.042038974934478],[121.46521812901734,25.04146114520748],[121.46534190697214,25.041057990180875],[121.46512363388953,25.04039577073972],[121.46433845601692,25.039442496608654],[121.46336921548966,25.03910982776242],[121.46295645392188,25.038500514980914],[121.46109999671785,25.037190881939296],[121.45829422758474,25.037041762810528],[121.45734566160768,25.037418530814364]]],[[[121.46952959889971,25.044389642051666],[121.46897356325515,25.04586633380444],[121.46933581304506,25.046626860369347],[121.46931380185606,25.047461011323296],[121.47010813607957,25.048095273524],[121.4703113121156,25.048984694140678],[121.47166591832857,25.05010212312783],[121.47274397258592,25.049935458173945],[121.47328893470021,25.048673700434172],[121.47448969487075,25.04867299227908],[121.47570268073089,25.047839198060423],[121.47579444613382,25.047198239034152],[121.47550793739231,25.046676668609166],[121.4750378057058,25.046441283172552],[121.47330835068615,25.04625005339084],[121.47236899226428,25.0457128208692],[121.47197386962115,25.044845916139263],[121.47108737375767,25.044011178288894],[121.4703447765504,25.04394524954148],[121.46952959889971,25.044389642051666]]],[[[121.45899214470077,25.048995030592152],[121.45905396331577,25.05018613030832],[121.45974165159767,25.050838799887785],[121.46096991311431,25.050757294013046],[121.461935409249,25.05161620366895],[121.46250278741806,25.051511559893438],[121.46280577318745,25.05117996169578],[121.46285017567506,25.049319606313578],[121.46237443246238,25.048795195497227],[121.46109390310326,25.049062214763563],[121.46028171398524,25.048656272856377],[121.459514629347,25.048653617018207],[121.45899214470077,25.048995030592152]]],[[[121.455746743083,25.0611377615371],[121.45666931711409,25.06252336373035],[121.45747864852231,25.062917082786093],[121.45842474499183,25.062784224830516],[121.45930719028942,25.062189200871096],[121.4623153074618,25.0627496414708],[121.46272992206438,25.0625410473861],[121.46294964153988,25.06205316799902],[121.46275516188574,25.061184581322184],[121.46246217168267,25.060861651654815],[121.46186709597268,25.060755758051577],[121.46114811241125,25.061071669866664],[121.46054183057387,25.06095788071013],[121.45998655147264,25.060044961607815],[121.45867219942835,25.05983082314145],[121.45825158548466,25.058947660519006],[121.45761495076258,25.058640216875027],[121.45678585826397,25.058947465630844],[121.45665950768026,25.060038628361564],[121.45579645638514,25.06070871183589],[121.455746743083,25.0611377615371]]],[[[121.46179232433,25.092867802179533],[121.46261445105871,25.09318343768311],[121.46376483933835,25.092522187319265],[121.46477095833457,25.09291892868634],[121.46525589053286,25.092873900415725],[121.46598769014238,25.092136885616267],[121.46801444540456,25.091345870791486],[121.46829955196468,25.089887595122892],[121.4679584440653,25.089521736673305],[121.46732423000164,25.089340811386823],[121.46554983835425,25.090104059625773],[121.46346023870042,25.090602215697228],[121.46222042868364,25.09044679331416],[121.46180618819633,25.090832941847523],[121.46153459774457,25.0920901454852],[121.46179232433,25.092867802179533]]],[[[121.45760573053188,25.136913842192037],[121.45854156845118,25.139741183513316],[121.45911269852887,25.139960580485585],[121.45986578576817,25.13975732683009],[121.46058029537761,25.13801973800098],[121.46017049805887,25.137229850040523],[121.4602468191795,25.13607680881909],[121.46000268220072,25.135571662059252],[121.45931199789152,25.13538327486158],[121.45812774594127,25.13578034665887],[121.45760573053188,25.136913842192037]]],[[[121.45672773441915,25.155592414551666],[121.45769070912752,25.156581496280435],[121.45801029809537,25.15748436826324],[121.45872631768829,25.157679634820237],[121.4598694185212,25.156788507265336],[121.46061547804749,25.1565794725038],[121.46107653197235,25.155935113872058],[121.46210249670638,25.155335752500015],[121.46207110768253,25.153294380305642],[121.46150486894713,25.15239592081384],[121.4607089142978,25.15196145117192],[121.46031319593878,25.150612789056844],[121.45988268466462,25.150223605923813],[121.45915157088331,25.150285744464412],[121.45830373407475,25.151040031732627],[121.45851365903704,25.15253671663555],[121.45765713949157,25.154512318859155],[121.45676771257108,25.15516252457634],[121.45672773441915,25.155592414551666]]],[[[121.44136304628181,25.16886199376977],[121.44195015046536,25.170187387015872],[121.44359387293558,25.17069337772173],[121.44439964786524,25.170721541411552],[121.44506214647599,25.16990562517594],[121.44598432851735,25.16945850304159],[121.44603705501004,25.1682144147367],[121.44735862002887,25.16709619714795],[121.44743741900378,25.16626955153653],[121.44699316849726,25.165875909821764],[121.44525575735467,25.165609860525084],[121.44391563737628,25.166807395949128],[121.44285015910157,25.166820948337396],[121.44238570247455,25.167046342742985],[121.44141604999356,25.16796555377111],[121.44136304628181,25.16886199376977]]],[[[121.53433530652127,24.95670295628386],[121.5355733786103,24.957072746849303],[121.53587218074568,24.95741860305646],[121.5363319948326,24.960984375983813],[121.53682834670832,24.96127878085546],[121.53754867017783,24.96121718651126],[121.53825633813018,24.961437089111076],[121.53870721061651,24.961305954472014],[121.53989488863849,24.959400791123144],[121.5398928127681,24.95862979499415],[121.54039536778004,24.957091966479986],[121.54026339843297,24.956399754204895],[121.53957272231793,24.955809336462515],[121.53929966937157,24.955181514231697],[121.53893829378214,24.954923228378874],[121.53770945918622,24.954743862110433],[121.53699840555025,24.954048146199682],[121.5363795011383,24.95405604101641],[121.53597210795665,24.954430392651044],[121.53566142344602,24.95536984067821],[121.53469171960502,24.955577925377902],[121.53426504052133,24.955969984182467],[121.53433530652127,24.95670295628386]]],[[[121.53822617389773,24.968593894440204],[121.53874748550157,24.96938492509824],[121.5401038822715,24.970066373542497],[121.54187436651084,24.969717145462543],[121.5423463442917,24.969067654809],[121.54217941301104,24.968474944901455],[121.5423694543047,24.967672097515813],[121.54207495442891,24.966816844849916],[121.54148804791949,24.966397423599098],[121.54056993141211,24.96655982497688],[121.53896325431279,24.96640974840346],[121.53854482461854,24.96680859954203],[121.53822617389773,24.968593894440204]]],[[[121.53448952738844,24.969333022433958],[121.53412249632804,24.969847112236383],[121.53424303451207,24.97038835635359],[121.53474812432428,24.97069337824039],[121.53542848943374,24.97055499807612],[121.5359587859739,24.969947116647013],[121.53587785853179,24.969282839409995],[121.53521827839036,24.968964511328462],[121.53448952738844,24.969333022433958]]],[[[121.53775347245421,24.982057526399686],[121.53823501652849,24.983100781263264],[121.53805760541377,24.98384506426148],[121.53823097439155,24.984403274211488],[121.53897155549323,24.984892785219216],[121.53931390696711,24.98575906851663],[121.54064034249498,24.986401659847694],[121.54190857836352,24.986326076081887],[121.54284185817784,24.985584097627306],[121.54354974710368,24.984664969557276],[121.54357726352862,24.98380589155753],[121.54327210479468,24.98304158948684],[121.54374933373443,24.982355268883104],[121.54394443874232,24.981433688090373],[121.54297487542716,24.979998490059323],[121.54289331892903,24.979172598722432],[121.54370680790309,24.978043269683656],[121.54387706473112,24.97716189953275],[121.54479789792973,24.975986464554353],[121.54478679490259,24.97519374061958],[121.54522113308363,24.974365202869997],[121.54498702104844,24.97385581276445],[121.54422311241045,24.973536669446723],[121.54382348246062,24.97306821624426],[121.54337544690522,24.971723492985852],[121.54294531323804,24.971334535596693],[121.54247367389213,24.9712984110578],[121.54159437267994,24.971676022337657],[121.54110570199731,24.97248276437531],[121.54043573473508,24.972930998201182],[121.54030811385813,24.974869450278234],[121.53979265424299,24.975614142649615],[121.53991322327353,24.97615538124903],[121.54052729233648,24.976591961072955],[121.54104609607289,24.97772974901537],[121.54157688521994,24.97819938547322],[121.54162017774755,24.97895891738487],[121.54033887460169,24.979686094129203],[121.54001143936479,24.98031844852864],[121.53901827793291,24.9812273690374],[121.53798247543523,24.98155968533891],[121.53775347245421,24.982057526399686]]],[[[121.52483991522641,24.983711915129742],[121.52607601378537,24.984695007471515],[121.52667560741041,24.985414703223],[121.5278160924099,24.985576461736446],[121.52840421476637,24.986414440723372],[121.52919135926851,24.986474095383198],[121.53035631897423,24.985371974624048],[121.53030625467485,24.984868055801524],[121.52985790764534,24.984311404746272],[121.52993051249784,24.983852955846086],[121.53148265981694,24.983409373983225],[121.53180220549953,24.98296976737559],[121.53176378848808,24.982552606308428],[121.53015306630817,24.981484588228344],[121.52943614866601,24.981422805155557],[121.52878352228282,24.98199684720166],[121.52847606363532,24.982695892705422],[121.52735317187154,24.983563913151002],[121.52682566993289,24.983526590543843],[121.52578135713017,24.982863300687423],[121.52516176724949,24.982977907679633],[121.52483991522641,24.983711915129742]]],[[[121.52083850267057,24.99076141758466],[121.52253936312493,24.991134822793903],[121.52308006896172,24.99210462537184],[121.52463176306208,24.992730787676862],[121.5257420061967,24.992047885338952],[121.52745348899194,24.991771475203635],[121.52786774155858,24.99095529340769],[121.52738460671041,24.98996866353466],[121.52549858330883,24.990001861804537],[121.5248931730637,24.989050286561074],[121.52346034427433,24.988307311829004],[121.52290140408992,24.988520628357517],[121.5222873299392,24.989478326498205],[121.52123446690766,24.989555086710073],[121.52073857914378,24.98987180282944],[121.52062787976391,24.990389395227304],[121.52083850267057,24.99076141758466]]],[[[121.51321962565135,24.990864763901982],[121.5138318214814,24.992002267408],[121.51499530611704,24.992071088187956],[121.51557653023514,24.99262060389408],[121.51603143035244,24.99273998818795],[121.51797818642515,24.992449348291444],[121.51895279373203,24.991452298605065],[121.51908377438025,24.9910377091211],[121.51894072258914,24.990639900605334],[121.5182351566723,24.99006790327226],[121.51716874133535,24.990113834567634],[121.51604990148518,24.98940888832602],[121.51526007472503,24.98933751138792],[121.51335924085116,24.990439507183204],[121.51321962565135,24.990864763901982]]],[[[121.50468881082044,24.993498458820856],[121.50433949477508,24.993978772415925],[121.50456092115692,24.994615940646597],[121.50590035416278,24.994894133134988],[121.50660876950681,24.995972273611713],[121.50735210646883,24.99591553430758],[121.50807795573883,24.995195289703624],[121.50789749913224,24.994397770997182],[121.50816091951988,24.993274143449437],[121.50898756891517,24.993064436434196],[121.51052161449151,24.993186587645578],[121.51103857657378,24.992876033920886],[121.51106558821101,24.991790999923232],[121.51165400969947,24.990537407063147],[121.51154106947004,24.990007483589324],[121.51101423271304,24.989305037652137],[121.51046804266252,24.989096210733944],[121.50811092418552,24.990063324284762],[121.50712275721332,24.98964754891959],[121.50654131523282,24.989750463807066],[121.50619757591164,24.990204803944803],[121.50626121921971,24.990892421750363],[121.5059892519247,24.991563094456925],[121.50672680462743,24.992676812835793],[121.50671774317868,24.993149751753027],[121.50608148310864,24.99349655091662],[121.50534824932431,24.993350510260683],[121.50468881082044,24.993498458820856]]],[[[121.4932528661781,25.00344995356005],[121.49375092932672,25.00432251604796],[121.49460198275399,25.00485911360848],[121.49615882121405,25.004937609350108],[121.49691833399102,25.004413999972346],[121.50012664105117,25.003363701249214],[121.50042181301704,25.003026389625408],[121.50047443385765,25.00233011400711],[121.49967684457232,25.000701296239974],[121.49858672041142,24.999677822606493],[121.49683140737345,25.000023450063118],[121.4958450719753,25.00073604188486],[121.49544548017147,25.000653878109873],[121.49486090734277,25.000129551034185],[121.49439009369961,25.000084388329707],[121.49357321241024,25.000590379599192],[121.49358205964572,25.00196633151914],[121.4932528661781,25.00344995356005]]],[[[121.50879820675448,25.00397258364639],[121.50959965586604,25.005321055295713],[121.5104103032535,25.00546269293588],[121.51150010198543,25.005124566316802],[121.51211048345886,25.00438063123355],[121.51311380703783,25.004274021976478],[121.51359372786247,25.003979392839863],[121.51381745117698,25.003304645022688],[121.51440332440939,25.00284258940933],[121.51454294825538,25.002417332110326],[121.51420438919482,25.00134753328432],[121.51333552115628,25.000086056392327],[121.5110704389565,24.999577911739085],[121.51040749996515,24.999889595415134],[121.51028070478236,25.00042924212134],[121.51061394382077,25.00128974276881],[121.51033762130062,25.00234314790163],[121.50985030655846,25.003215462776087],[121.50912136557533,25.003520160334602],[121.50879820675448,25.00397258364639]]],[[[121.48054429952211,25.009269486907442],[121.48116414430986,25.010829766918334],[121.48173667421887,25.011247525992005],[121.48261896928824,25.01116238765745],[121.48376745420182,25.010612354727925],[121.48459970670993,25.010797387585235],[121.48505369566868,25.01067494620735],[121.48558024532863,25.009724865810593],[121.48690298747589,25.0089416400244],[121.48697687920946,25.00796138542341],[121.48752575958947,25.00713834916039],[121.4890355573433,25.007016687132822],[121.49061536205838,25.005564494444712],[121.49164469927427,25.003693733346104],[121.49156398394543,25.003029431588544],[121.49089065671315,25.002706111776096],[121.49024315695497,25.002935701232175],[121.48909802478858,25.004858607185596],[121.48740063246483,25.005979648424805],[121.4858033333602,25.005845941600825],[121.48467801426945,25.00543147375891],[121.4840069238265,25.00555275134424],[121.4837117005254,25.005890031052964],[121.4836364259999,25.0066656049882],[121.48307519949624,25.00718233436855],[121.48276312288046,25.008030454521116],[121.4818694915302,25.0084016962497],[121.48101477030738,25.008460517333088],[121.48066042910435,25.00872743495503],[121.48054429952211,25.009269486907442]]],[[[121.46971709836622,25.014649327669602],[121.46924304486271,25.015733628591914],[121.46958152240983,25.016191771406504],[121.47132489501236,25.016454903084558],[121.4729622054312,25.014931336002505],[121.47434259455645,25.014219805828986],[121.47554191771181,25.014023552277017],[121.47624590949019,25.012771257115865],[121.47624364211448,25.012218917829166],[121.47567897979202,25.011792354176603],[121.47457085009462,25.012034550532423],[121.47358778399158,25.011472071680128],[121.47257438992112,25.011230984358626],[121.47107941515655,25.011707396531712],[121.47019889136095,25.012667182264707],[121.4705459839869,25.013568907369855],[121.4704450907455,25.01415223035515],[121.46971709836622,25.014649327669602]]],[[[121.51229213392266,25.014041724392282],[121.51287995714122,25.015688887901064],[121.51356075786866,25.016167886693733],[121.51427305082237,25.01633142324779],[121.51566386251248,25.01746535710283],[121.51647552490893,25.017155706147385],[121.51701797715114,25.015742998186404],[121.51815642872644,25.01546899956146],[121.51850367111444,25.015001768236978],[121.51838315425091,25.01446051418505],[121.51764599374573,25.013925930510478],[121.51735511100729,25.01298761421144],[121.51651434271167,25.01268599701593],[121.51594635506031,25.01220028967532],[121.5152046898121,25.012072023692987],[121.5143922396886,25.011393143813496],[121.51379825924737,25.011502943004793],[121.511860608879,25.01280867554352],[121.51178528704375,25.01347350111659],[121.51229213392266,25.014041724392282]]],[[[121.48006340307884,25.056439987924563],[121.4808409379319,25.057379273729765],[121.48217496984763,25.057996862232525],[121.48381562890889,25.058301221540574],[121.48541596982332,25.057600638805447],[121.48575308671505,25.057127222255176],[121.48515728280674,25.055719758188353],[121.48388962716997,25.05476163596203],[121.48376056911455,25.053804679013233],[121.4831671713693,25.053373078787057],[121.48177092754791,25.05355951659933],[121.4806924709348,25.05416247519412],[121.48047503301136,25.054545753789426],[121.48054331404646,25.05539581053215],[121.48010825812402,25.055948728509893],[121.48006340307884,25.056439987924563]]],[[[121.48773235420099,25.058980224438354],[121.48753127540981,25.059996067813348],[121.48815680396844,25.06095455793802],[121.48901932015016,25.061382936391055],[121.48966208841348,25.062088857455876],[121.49094408435255,25.062228244418343],[121.49159599757071,25.062685161179104],[121.4923988987852,25.06276009883592],[121.49399630228707,25.061626405435234],[121.49403280837102,25.060763142992382],[121.4936734753672,25.059722420822506],[121.49316811581541,25.059417267202765],[121.49228899366508,25.059609076364694],[121.49181847951,25.059433376030135],[121.49115459311058,25.058455597074595],[121.49110247167322,25.05716864296244],[121.49067219685429,25.056779540922626],[121.48877300377116,25.056968240060364],[121.48768652563501,25.057812302600006],[121.48745652127151,25.058323302312203],[121.48773235420099,25.058980224438354]]],[[[121.4941570508393,25.069399839140416],[121.49483342348044,25.071575536115358],[121.49535830468939,25.072097154328663],[121.49557016628926,25.072810990702443],[121.49608998492059,25.073118030660122],[121.49665743043224,25.073013255632812],[121.49840353740262,25.071927465376103],[121.49904019150776,25.071022751382714],[121.50011963531949,25.071088997229225],[121.50062999791595,25.07076908044886],[121.50071374588607,25.070036106217078],[121.50038504107124,25.069299685660937],[121.50077430963965,25.068592519191352],[121.50073101378375,25.068162895318036],[121.49973071006575,25.06729734465489],[121.49900176652797,25.067028171633126],[121.49885099919085,25.066488406439827],[121.49988648303314,25.06527089950297],[121.50115450736376,25.065251323909806],[121.50150326885307,25.06497867726575],[121.50194326597605,25.06400554647597],[121.50327981878273,25.06373527300826],[121.50363100550359,25.06277241519286],[121.50340669762913,25.062272749577563],[121.5026110041486,25.061897846986355],[121.50076117506562,25.059821172000152],[121.50001700995668,25.059769473643406],[121.49880628987076,25.060867540582237],[121.49792134424827,25.06101416017109],[121.49728705903365,25.06148360618165],[121.49722007471395,25.06242715475901],[121.49680968072738,25.063355275713363],[121.49736872127146,25.064286763623286],[121.49744856832048,25.064993548445017],[121.49821665192826,25.06602489336457],[121.49824066100494,25.066438901094212],[121.4973405141297,25.067269102601703],[121.49438704705648,25.06888882991649],[121.4941570508393,25.069399839140416]]],[[[121.48309054679376,25.0768607635587],[121.48351264603897,25.07725672273572],[121.4854833455142,25.078014383762707],[121.4866135025719,25.077502801560712],[121.48695159844607,25.07690960281263],[121.4865187303636,25.07608471308932],[121.48587352270911,25.07545563913321],[121.48542115508758,25.075327616039893],[121.48347976862887,25.07567525913968],[121.48314816095879,25.076122693502022],[121.48309054679376,25.0768607635587]]],[[[121.46986990789004,25.08614898483456],[121.46964310564026,25.0882009920837],[121.47079276076859,25.088839884261183],[121.47179352248217,25.08824655551467],[121.47290462219446,25.088173872917675],[121.4739380207905,25.086990156519047],[121.47438208172672,25.0870362720003],[121.47502486454053,25.087578947344763],[121.47575433344495,25.087505464304403],[121.47608948361805,25.08704518264694],[121.47602808005738,25.086220892843073],[121.47664467405222,25.085445979906403],[121.47652304922607,25.08469156029377],[121.47677778026457,25.08400652531832],[121.47640406411678,25.08312458735174],[121.47682046233973,25.082641828707473],[121.47756452466245,25.082584797866126],[121.4781024380036,25.08301346530689],[121.47982954780791,25.083709867398255],[121.48059878617296,25.08461143864974],[121.48157205020695,25.084457546942364],[121.48191787001694,25.083952652350796],[121.48198002870032,25.082361113013235],[121.48281065560649,25.081534247929937],[121.48235946415261,25.08041546999934],[121.48301713814072,25.079487566960008],[121.48293641215679,25.078823267313975],[121.48145570449925,25.078137579591473],[121.48047601957892,25.078376995593604],[121.47949115415919,25.078128789575892],[121.47898238195766,25.078428566692565],[121.47854581139774,25.079247937291644],[121.47729678481667,25.07935384074991],[121.47607993123182,25.080763867728216],[121.47522565305073,25.081376420197213],[121.47510719864866,25.08241553318759],[121.47343894292837,25.08428471254637],[121.47316458155936,25.08486612620924],[121.47235841490622,25.085372870368502],[121.47142566973348,25.08515951946899],[121.47095973790125,25.085289851964024],[121.46986990789004,25.08614898483456]]]]},"properties":{"city":"newtaipei","minutes":5,"minutes_label":"5分鐘"}}]}