{"type":"FeatureCollection","features":[{"type":"Feature","geometry":{"type":"MultiPolygon","coordinates":[[[[121.43584183052111,24.96666923743955],[121.43563720605763,24.96731105051785],[121.43611251759222,24.96783555851717],[121.43673150473052,24.967828079290808],[121.43737741775351,24.967231197784226],[121.43737546554321,24.966678909507852],[121.43694567746054,24.966289640397306],[121.43633981743673,24.966291416949346],[121.43584183052111,24.96666923743955]]],[[[121.44377394191532,24.973056777322807],[121.44407080092567,24.973965520957755],[121.44458320238972,24.974282194003578],[121.44555587319351,24.973996422200926],[121.44644615304622,24.97402446135732],[121.44691773593722,24.973497148021703],[121.44680508914125,24.97296716990986],[121.44624342789788,24.97237191072228],[121.44510829369895,24.972012605523737],[121.4440288363327,24.97224979347632],[121.44377394191532,24.973056777322807]]],[[[121.40481209711376,25.02138119786079],[121.4054888693759,25.021960285795043],[121.40586647978412,25.022925275969772],[121.40719458282751,25.023519264341633],[121.4078237807809,25.02410495812161],[121.40745162598441,25.025099772867115],[121.40780984596631,25.026746351735074],[121.40748734839416,25.02705134333463],[121.40659731595237,25.02724181878081],[121.4062620626644,25.02770194860469],[121.40638538926176,25.028311555207335],[121.40685385110437,25.02864066901738],[121.40808268651395,25.028767196182535],[121.40900575580903,25.028598752774617],[121.40966377874871,25.02910637574199],[121.41057797426922,25.029363685893895],[121.41308530696618,25.028988563164074],[121.41364423695325,25.029501615676597],[121.41420891583562,25.030804833598786],[121.41472835764841,25.031112165282863],[121.41738940272437,25.030949337066488],[121.4182260523185,25.03016106717755],[121.418918471408,25.030054280814547],[121.42019487685953,25.031404237837382],[121.4204548754549,25.03205565231382],[121.42054543111014,25.03272902011033],[121.42014340197095,25.03339745946212],[121.42019266173882,25.033839072819937],[121.4204917155592,25.034156905866904],[121.42144790091031,25.03445866743096],[121.42204207997781,25.034349234840317],[121.42256170392619,25.033587539237505],[121.42440429827673,25.032495111659504],[121.42505304379597,25.03244648190116],[121.42600120553621,25.033063745406896],[121.42696139105935,25.034544496375773],[121.427124149846,25.035837193291552],[121.42660735300399,25.03677037590935],[121.4269497306348,25.03736148891395],[121.42741642398109,25.03748900164944],[121.42863049993483,25.03725093752208],[121.42987834833198,25.038876256457915],[121.43087384835074,25.039052238894357],[121.43179365434645,25.039833276809418],[121.43319024103788,25.03953571185603],[121.43364702940806,25.040521018881208],[121.43413804767067,25.04082320081006],[121.43474636436461,25.040716895407613],[121.43531974297711,25.040170259798845],[121.43685189773619,25.039896585761234],[121.43739959959738,25.040732080570205],[121.43743319787237,25.041547997554424],[121.43787696274113,25.041941681022287],[121.43871360793845,25.04192247347747],[121.43915456485696,25.041526180255005],[121.43919457407424,25.041096288091122],[121.43878180040325,25.040383999328423],[121.43898261280586,25.039525970650516],[121.44013349034239,25.039245397888482],[121.44194875463415,25.03919470599463],[121.44259917961656,25.038607859424875],[121.44267887168184,25.037891780526067],[121.44211420421355,25.037465090862113],[121.43871055626079,25.037944996952742],[121.4378965226692,25.037530389950934],[121.43786186060285,25.03710806305374],[121.43844204239201,25.0362313652816],[121.4383348390997,25.035310192919148],[121.43788111821152,25.0347010534907],[121.43781881791946,25.034213270078467],[121.43839311503564,25.033463984980244],[121.43842069514645,25.03278846215429],[121.43703209842155,25.03181254899519],[121.4359996229426,25.031617911970443],[121.43562336828523,25.030984813623355],[121.43591602604313,25.02983558564596],[121.43795195018984,25.02971177256566],[121.43837301517128,25.029331981321587],[121.43842277804734,25.028902934945886],[121.4378776177548,25.02828184207795],[121.43628384901214,25.028179832722095],[121.43589946589589,25.027979135732263],[121.43573764489042,25.027024825493164],[121.43589521666068,25.025980748231873],[121.43566221092047,25.02548441584239],[121.4351014557859,25.025274706063982],[121.43440028869831,25.02550590300478],[121.43360254239633,25.02648745809317],[121.43291939131389,25.026834788082706],[121.43249341687101,25.027414200047325],[121.4321051517259,25.027504012242794],[121.43112245060856,25.026615655158487],[121.43010193569644,25.026762507980873],[121.42967301911222,25.02662407641835],[121.42837550812816,25.02452480734262],[121.42774286308524,25.024099061609228],[121.42713671883915,25.024100804472564],[121.42583837603921,25.024848333985826],[121.42507040238337,25.024877943573685],[121.42454423452612,25.02465826699909],[121.42404445070868,25.023442558811304],[121.42328239411475,25.023133696341826],[121.422826146715,25.02252749603902],[121.4218494555888,25.022001237807718],[121.4218728185502,25.0215385232196],[121.42262920525697,25.02073726462488],[121.42266556007571,25.020009798647802],[121.423065876105,25.019229917052776],[121.42273493222442,25.018336353182814],[121.4219944029232,25.018037127015347],[121.42138774630091,25.017468401338007],[121.41975690207875,25.017239139038985],[121.41884381117397,25.016412813487086],[121.41752715187644,25.016469803879648],[121.41704050056622,25.01744390707702],[121.41622066466572,25.018059895791044],[121.41622738347888,25.018599692980832],[121.41691639917597,25.01949356066996],[121.41647668490292,25.02012325688798],[121.41604869391543,25.02029525633774],[121.41434544062832,25.019343518410217],[121.41312760423389,25.01950702531899],[121.41253287182504,25.018889294145744],[121.41035786174919,25.017975822471914],[121.40988632691048,25.018014967095276],[121.40920272555606,25.01844023755076],[121.4081830663107,25.018267650537368],[121.40761657833816,25.018710052954777],[121.40775064221071,25.019601735288532],[121.40757778432172,25.019985243804314],[121.40715793715684,25.020145052279567],[121.40587054935503,25.020044606588897],[121.40513879842801,25.020316767796963],[121.40473179856454,25.02085097773147],[121.40481209711376,25.02138119786079]],[[121.4373161731168,25.03702373183342],[121.43753503855758,25.037441819643348],[121.43731914246855,25.037861187216595],[121.43667472584617,25.037980877797747],[121.43627269827034,25.03778662153265],[121.43614757120193,25.03733766579972],[121.43643586910285,25.036959875019853],[121.4373161731168,25.03702373183342]],[[121.4332369597165,25.038614983116958],[121.43350472864434,25.038303826271363],[121.43429255435208,25.038042968549103],[121.43470189196456,25.038172074619325],[121.43491267339867,25.03855054040773],[121.43455957088854,25.039280288233687],[121.43375350489522,25.039511464574396],[121.43320924993452,25.03923650393775],[121.4332369597165,25.038614983116958]],[[121.40906401055786,25.02592143041577],[121.40974583064622,25.025515179454374],[121.41021858641017,25.02552445240206],[121.41072010361978,25.025997187074964],[121.41076607752895,25.02640965681015],[121.41037093541205,25.026771870264803],[121.40923205766981,25.026861947109342],[121.40884282940391,25.026432473923744],[121.40906401055786,25.02592143041577]]],[[[121.45523096628632,25.032128838919164],[121.45592218582168,25.032012381941886],[121.45740226749629,25.03098168748972],[121.457399958303,25.029528836094716],[121.456937482731,25.029010029502526],[121.45604152716386,25.02893206094196],[121.45466124284002,25.02971140247669],[121.45489044185236,25.030770334106396],[121.45471612753401,25.031550054104553],[121.45523096628632,25.032128838919164]]],[[[121.45045920840927,25.060414493325588],[121.45049509365863,25.061941640879816],[121.4524909979816,25.062331134031318],[121.45287807319393,25.06334840354535],[121.45338335164563,25.06365369533965],[121.45500652876576,25.06361053202476],[121.45560756169037,25.062915719818886],[121.45602748857463,25.062755774232823],[121.45644315967138,25.062872465402148],[121.45685141367629,25.063466264399967],[121.45725777397655,25.06366249898944],[121.45780322670339,25.063607808677258],[121.45857514062733,25.063128531259878],[121.45967958404577,25.06358330081607],[121.46080217453596,25.06338938679014],[121.46152901873364,25.06418391959549],[121.46267309998917,25.06422795259233],[121.46358350529304,25.06488050400679],[121.46460012196471,25.064551223513885],[121.46651723221285,25.064583372800524],[121.46712342847914,25.064017732313243],[121.46700308453418,25.06347643745985],[121.46591406010556,25.062432041764442],[121.46472340738205,25.062348154897375],[121.46408836648443,25.061675046997504],[121.46318674756651,25.061392694935776],[121.46292339367088,25.060558122528914],[121.46251262907312,25.060186519791078],[121.46175642980312,25.060249890803007],[121.46108606616515,25.060990356513344],[121.46036196381611,25.060824355681284],[121.46022230557641,25.060373946771403],[121.46051256007844,25.05947507633406],[121.45967772922907,25.058439327494085],[121.46045716009841,25.05756678246598],[121.46049283906191,25.05610837666671],[121.46003383122886,25.055602424598735],[121.45889176767892,25.05539436805477],[121.45872287401527,25.053751861233653],[121.45813901087452,25.053309599575723],[121.45742506841594,25.053509285655235],[121.45707922138293,25.054747007670976],[121.45598880425767,25.05544788944482],[121.45553429399806,25.055469627142852],[121.45488685755866,25.054989735051354],[121.45441584659045,25.054944448901306],[121.45358152796102,25.05564706306088],[121.45262887671032,25.055925367546592],[121.45239939453386,25.056423079454053],[121.45250469326454,25.057460211939294],[121.45376471059302,25.058253460947153],[121.45390271649781,25.05952490287838],[121.45307315910352,25.059953082815976],[121.45102416996096,25.05998226460345],[121.45045920840927,25.060414493325588]]],[[[121.4365440109391,25.17035522064959],[121.43623457626971,25.1717460369498],[121.43680665167646,25.172573451398552],[121.4387559499214,25.173889974247263],[121.43932391228297,25.173785412805575],[121.43980665539833,25.17325638770875],[121.44083274540499,25.172860432406676],[121.44130710338867,25.172099665598505],[121.44258842158854,25.17121264349668],[121.4430299999955,25.171260866773356],[121.44450878231632,25.17224886339062],[121.44536943603231,25.17216309503712],[121.44701915870836,25.171023525810398],[121.44710844372744,25.17042757603861],[121.44672451946124,25.1696861793075],[121.4468221596505,25.169231588711405],[121.44823986380142,25.16886993342011],[121.44866754693058,25.168478117894566],[121.4487075568154,25.168048230390063],[121.44820702314712,25.166927546837698],[121.44840581156642,25.16626893392745],[121.4493646704462,25.165714069019703],[121.45035068717992,25.165837031334952],[121.45086852264357,25.16552668152644],[121.45096697706929,25.16461820710781],[121.45138834669856,25.163974104297303],[121.45127549261032,25.163444145826087],[121.45050766451438,25.162988890907943],[121.45001890845664,25.16232574775942],[121.44956625481466,25.16219762079356],[121.44863813639795,25.16271340183854],[121.44797551024571,25.162804270646674],[121.44738992105788,25.163248095411056],[121.44658218521622,25.163402608791525],[121.44596822312297,25.164067161399437],[121.44594176081159,25.165166060412297],[121.4446012379554,25.16625832856658],[121.4436762913017,25.16679806234639],[121.44250552964935,25.166956245989187],[121.44064928647614,25.168535494583544],[121.43852374117719,25.169048134089838],[121.43795369722098,25.169789838803656],[121.43719478969186,25.16993034381107],[121.4365440109391,25.17035522064959]]],[[[121.52329135005878,24.978925656609647],[121.52353832146562,24.981039171949075],[121.52480758469564,24.98184974181876],[121.52515927199838,24.982338345227745],[121.52480894392721,24.983259378669377],[121.52495923220168,24.983971616364204],[121.52607601378537,24.984695007471515],[121.52666310965671,24.98540793576893],[121.52774166991904,24.985617918097187],[121.5285550828233,24.986485051525047],[121.52907077094018,24.986507904178918],[121.52973300709941,24.986098264965044],[121.5307328806592,24.985880786517683],[121.53159288897865,24.986201274177255],[121.53218673102339,24.986091405805315],[121.53247693028209,24.985766524329158],[121.53249099233437,24.98495027271156],[121.53314846930331,24.983659055731763],[121.53420783054747,24.983332800019124],[121.53492694513305,24.9825431265236],[121.53552028354417,24.982676324914195],[121.53603366244403,24.983476062589226],[121.53706886535822,24.983724997634774],[121.53733514228061,24.984124660691567],[121.53726860727393,24.98449301098805],[121.53604939885598,24.98521494182195],[121.53582359531096,24.98559412308798],[121.53583205293792,24.98635917473676],[121.5365343875667,24.987271281362517],[121.53516454412701,24.988567793050727],[121.53517093454388,24.989231371693037],[121.53560110760506,24.989620349985096],[121.53620707297141,24.989618167682913],[121.537478087173,24.98873263062666],[121.53819145085474,24.98852914944741],[121.53861048274632,24.988853255144637],[121.53888584552126,24.990325677272796],[121.53971403748972,24.99062629041487],[121.54026891000576,24.990207884942873],[121.54026640868577,24.989405396798425],[121.54056752911619,24.989032255056475],[121.54134804575843,24.988844234324993],[121.54196816563353,24.988336091665694],[121.5438692104544,24.988280751413903],[121.54590065537018,24.98722047823684],[121.54590793754879,24.986254332138508],[121.54480510208111,24.98555068878898],[121.54493353161489,24.984545394963448],[121.54604656643384,24.983887525207177],[121.548287755708,24.983923056482844],[121.54877260221052,24.983390913416095],[121.54828867751648,24.982219335794852],[121.54890551428268,24.98133287832933],[121.54894203295021,24.980002564029604],[121.54832025775194,24.97917430579817],[121.54846957218537,24.97808716779381],[121.54764031222354,24.977200108696756],[121.54809995728807,24.976375917821834],[121.54769508937281,24.975307522037376],[121.54830538457816,24.973602866074938],[121.54784055564413,24.97307124279781],[121.54702787480721,24.973023640199386],[121.5465936722194,24.97340824747891],[121.54640568394763,24.974166758122],[121.54588892851297,24.97436409058454],[121.5445011842328,24.97340990980018],[121.54503017030378,24.971983652189316],[121.54573767235118,24.971368060527322],[121.54595047543599,24.970239426097844],[121.54674046233569,24.969334955834455],[121.54699763813464,24.96812283019733],[121.54642651120537,24.966992793563293],[121.54577227503452,24.966285334765242],[121.54548910455584,24.965123997711522],[121.54405778861371,24.96440867718756],[121.54424562831032,24.962300489956917],[121.54336483397262,24.961342197166157],[121.54338874149548,24.960712893842523],[121.54362594677966,24.960418873711458],[121.54435124071247,24.960148892390464],[121.54517712280382,24.960260887160683],[121.54573800352676,24.959830462107597],[121.54572930167778,24.959266227686886],[121.54484435882277,24.958170397987466],[121.54558158611835,24.956966363275416],[121.54565878025971,24.956461781389663],[121.54531800165748,24.95599071159477],[121.54472336808577,24.95588514112502],[121.5443092508419,24.956093958884818],[121.54345617271152,24.957176404497627],[121.54264923501525,24.957137248505692],[121.5419806881385,24.955746675962097],[121.5419930850616,24.954916602285692],[121.54168868404103,24.954259079074536],[121.54186103487594,24.95387541913297],[121.54222225072796,24.95371805562608],[121.54446015476272,24.954022992021624],[121.54500911916261,24.953871147871535],[121.54548144292296,24.953221439891387],[121.54512769099149,24.952609512068502],[121.54245155703117,24.95228340783646],[121.54161851574344,24.952426879882932],[121.53859717951687,24.950957407626692],[121.53792031417193,24.951004531700264],[121.5370351869287,24.95166790847035],[121.53635855042458,24.951879508484527],[121.53597944532068,24.95165053774126],[121.53552733158944,24.950681139413614],[121.53398721596245,24.95045375803108],[121.53322386313432,24.94998902181689],[121.53243024607814,24.94998741980647],[121.53174318267907,24.95056135602956],[121.53127851154144,24.951487824785193],[121.5318813404378,24.95246367868302],[121.53165279578559,24.95403648780603],[121.53394245618786,24.957341182409298],[121.53335191178225,24.958955270370122],[121.5323117000892,24.959552460383176],[121.53210145800259,24.960217090632952],[121.53296699265482,24.962018404251054],[121.53396299382084,24.962438691449393],[121.53501411888128,24.962178880419827],[121.53543807771028,24.962695722100445],[121.53523549475358,24.96368706220653],[121.53450699944521,24.964384670384003],[121.5334693201227,24.966176408364383],[121.53351616329678,24.9665931622565],[121.53396817487615,24.96716424043639],[121.5342460886012,24.96875862668222],[121.53347558514498,24.96988026601132],[121.53203203057902,24.97072001303226],[121.53175638766824,24.971457489778995],[121.53240498004782,24.972190819434704],[121.53393939481852,24.972313390931376],[121.53505784291411,24.97311614974525],[121.5360365434299,24.973061881575166],[121.53910220072748,24.973837028160258],[121.53936517857876,24.97423337899138],[121.5390527171468,24.975077032547393],[121.53927008397159,24.97592213646121],[121.53889547551377,24.97630189751746],[121.53759793340218,24.976399245680202],[121.53692106361963,24.97756245474335],[121.53547949055437,24.97760573297553],[121.53436908565435,24.97806554628634],[121.53306768300986,24.977925205909372],[121.53243307931803,24.97757274146016],[121.53167089264007,24.977480935994038],[121.53075962108473,24.976705495171984],[121.52906641462336,24.977084561170308],[121.52812740562537,24.976422064379356],[121.52740035161413,24.976434392857154],[121.52628777615455,24.97702650382086],[121.52572365928472,24.97773069158824],[121.52490036377499,24.977776289899833],[121.52373458104324,24.97826079436667],[121.52329135005878,24.978925656609647]]],[[[121.44320325647807,24.98337209742013],[121.44330454911622,24.9841452237125],[121.44443101453993,24.986044179803166],[121.44423637419769,24.98656218587177],[121.44349804730851,24.987149138521403],[121.44349632671667,24.98803652482027],[121.44392621181798,24.988425772562444],[121.44484447617758,24.988503654844774],[121.44552181886587,24.98911887562758],[121.446689262992,24.989260191848807],[121.4474062101173,24.991455784581603],[121.44724876779424,24.99183424075254],[121.44665029232434,24.992255167378705],[121.4464301640261,24.99300987950911],[121.44551203468183,24.993987750868737],[121.44563221170523,24.994529070449122],[121.4465070878916,24.994999115511888],[121.44677335422098,24.995663778804705],[121.44605591685013,24.996725854007625],[121.44631414023789,24.997846285793926],[121.44542747185993,24.998401232334494],[121.44499626332042,24.999054953625887],[121.44409937274676,24.999375527371605],[121.44393055650492,25.000162427476557],[121.44460065236652,25.00092120007345],[121.44544219493275,25.001334597424908],[121.44629892063722,25.001410704701044],[121.44708377044113,25.002001617216973],[121.44855263364079,25.001679379209786],[121.4501084291128,25.002303794768473],[121.45112363396001,25.001731766445708],[121.45177490572671,25.00195651735946],[121.45196852823173,25.002539592246958],[121.4519546122196,25.00450383819132],[121.45233524906092,25.005370053720874],[121.45166968935708,25.006108184900498],[121.45162217333487,25.0069649371308],[121.45099564121547,25.00784230330322],[121.45161477617626,25.00880347626711],[121.45133112951608,25.00967270525355],[121.45171266910064,25.011420824505656],[121.45255856437342,25.012042420402114],[121.45291273745401,25.012706194154706],[121.45293486023243,25.0134534305071],[121.4538970192381,25.01453325370572],[121.45627368982215,25.01594910654402],[121.45643174919394,25.0168088475734],[121.45734541884593,25.017884666430867],[121.45872597315332,25.018291823797963],[121.45987799377886,25.018924190837296],[121.46061356247343,25.020017679121544],[121.46177211678668,25.01990725798841],[121.46220903787497,25.020144035131025],[121.46214445261953,25.021937109773496],[121.46140728178017,25.02256133813162],[121.46117800275105,25.023595187708132],[121.46201167569642,25.024409681837493],[121.46214370399133,25.025458743279557],[121.46289501584702,25.025997512316465],[121.463336996594,25.027620048546524],[121.46437930860992,25.02799203615215],[121.46467038031831,25.028300396742782],[121.46432030839682,25.029230566024122],[121.46444832365506,25.030028823777226],[121.46388046568626,25.031236187697527],[121.46392361802599,25.03166582653535],[121.46436743001951,25.03205943072611],[121.465411312138,25.032073077608352],[121.46608424723158,25.032934160869097],[121.46758326547862,25.03338544726911],[121.4677792462261,25.033759616088037],[121.46768410800291,25.034447563104244],[121.46801904997926,25.034892866374353],[121.46965426958042,25.034887957058572],[121.46987323990967,25.035305995859062],[121.46958260199936,25.036642954416013],[121.46988805194744,25.036972643799103],[121.4708902823936,25.03730541383854],[121.47170219122911,25.03699600451622],[121.47204733607882,25.035821512638726],[121.47317032725451,25.035847467868933],[121.47406295889282,25.03527339799556],[121.47526178024478,25.03563348896423],[121.47631821458106,25.03535910711802],[121.47797139617691,25.03627418861685],[121.4796804325134,25.035208433505932],[121.47989100101957,25.03417036651227],[121.48028894935119,25.033562166574477],[121.48027242470177,25.031782968307823],[121.48075934134042,25.0308944760609],[121.48062721716502,25.029992143579],[121.48142783510536,25.02849282499373],[121.48130340860351,25.02749657542621],[121.48172057529675,25.02653063554515],[121.48139495388547,25.02519745115506],[121.48091495731086,25.024375591938263],[121.48084014160607,25.02291345400414],[121.47993800619842,25.021395252203014],[121.47923712748575,25.021198082913113],[121.47803615253197,25.021857419274436],[121.4768027910569,25.02161170661093],[121.47581245625123,25.02209159383949],[121.47498210159844,25.021977906278053],[121.47276941083534,25.022285222187396],[121.47160413860871,25.020783782973474],[121.47023847467753,25.019986184333302],[121.47027944258949,25.019414446773474],[121.47107819643776,25.01866802462688],[121.47102361947401,25.01780359959271],[121.47125617555416,25.017447255743544],[121.47272042708798,25.01709469336978],[121.47381528578654,25.016226136802388],[121.47419288596637,25.01634789098962],[121.47483531294611,25.017053831061332],[121.47614601720252,25.016844515354425],[121.47741494215906,25.017632521461977],[121.47952284147301,25.017447985456606],[121.4800508100662,25.01711566967714],[121.48024493782972,25.016312032133705],[121.48088073019062,25.015681519802346],[121.48241015769901,25.015788023850245],[121.4832103925512,25.015232021945533],[121.48433575791762,25.015015518369623],[121.48456569780699,25.014504521542367],[121.48432105763345,25.01361868129459],[121.4852000847426,25.012324326621464],[121.48564989375303,25.01226202515766],[121.48635518967949,25.012608827252258],[121.48764017485324,25.012612352632488],[121.48812019001664,25.01231780458756],[121.48851456250772,25.011572637463328],[121.48960772384763,25.011291531865872],[121.48997611113948,25.010518043904643],[121.49080128598445,25.00989012788851],[121.49064653800768,25.00884219923942],[121.49104160048205,25.008409813870717],[121.49149420585609,25.008367681785504],[121.49284715485109,25.008954887676648],[121.49406864051598,25.008573289908494],[121.49566522429535,25.00921140942709],[121.49616791642407,25.008902898456036],[121.4963658480896,25.007964375819864],[121.4967099057579,25.007638298850967],[121.49799052890351,25.0077302904866],[121.49873085635927,25.007540860642756],[121.49948433762401,25.007747590174674],[121.50109800489138,25.007354421334057],[121.50233316000805,25.00751760197466],[121.50283582824251,25.007209068761046],[121.50313138736175,25.00643238244041],[121.50375809553977,25.00625692481519],[121.50453749863217,25.00677628915658],[121.50557435720012,25.006846737567855],[121.50678508949072,25.00778384292458],[121.50721942880278,25.00830276183668],[121.50733144074769,25.009190440271475],[121.50830005660008,25.009882093950914],[121.50825075066167,25.01028598764515],[121.50780076165789,25.010791722506983],[121.50669924751804,25.01135015383081],[121.50637605977964,25.0118025718681],[121.50632620721261,25.013217121307598],[121.50681824609606,25.013948460336408],[121.50673160996243,25.01487192479579],[121.50716880166628,25.01652063978048],[121.50874809955481,25.017403876210714],[121.50991101377521,25.018357555809985],[121.51192040694832,25.019011176937106],[121.51250202081029,25.02011176296663],[121.51429705862579,25.020180315606353],[121.51519200569459,25.02213608694966],[121.51567443813491,25.022427386337533],[121.51614595030264,25.02238790645913],[121.51661741253191,25.021860377312233],[121.51631902660536,25.020992015964374],[121.51647617713846,25.020542057478895],[121.518267889379,25.020078243600743],[121.51937869374994,25.018480575349617],[121.5202532918573,25.01816663780023],[121.52078914090532,25.017606586708173],[121.52121663504819,25.016516312453785],[121.52290917826205,25.013925768034813],[121.52321082500909,25.012848351872552],[121.52306762125819,25.012424082209307],[121.52233671691806,25.01180333240316],[121.52174631935054,25.009964299652164],[121.52071036364288,25.009507310716323],[121.5196706186914,25.008087937920696],[121.51856064532885,25.007656216952196],[121.5180157919248,25.00773736726269],[121.51756657075482,25.008289958133577],[121.51700119670173,25.00848065182553],[121.51629505182869,25.00797281684163],[121.51644159159876,25.007431532878854],[121.51752319797077,25.00695353566428],[121.51802000895488,25.006078281845063],[121.51926381854707,25.005250620833415],[121.51948970813622,25.004871464280047],[121.51952392219269,25.004302914811607],[121.51903719542186,25.00361642230335],[121.51898423624506,25.0026945677737],[121.51834103639324,25.001967818866728],[121.51847401016897,25.00000808054063],[121.51760023684803,24.999063612815853],[121.5181304827174,24.99759899879992],[121.51888003694918,24.997117336906342],[121.5193549568415,24.99627054768857],[121.5207642125917,24.99593159786263],[121.52125770610226,24.99604241897222],[121.52191185007217,24.996815804495757],[121.52320735564314,24.996977375317037],[121.5240810604957,24.997387287289065],[121.52592214386804,24.996701649306633],[121.52849934954102,24.996497783320283],[121.52917515904633,24.99553801462957],[121.5290621389578,24.995008106104645],[121.52848794777005,24.994418931093545],[121.52833035367524,24.992282322543446],[121.52777519460996,24.99157765166952],[121.52818613644992,24.990164091796498],[121.52788618423911,24.989164562185824],[121.5269142424326,24.988766930526356],[121.52608180893205,24.988897858021865],[121.52541993175006,24.988635694515477],[121.52403668032075,24.987915856270078],[121.52332674996988,24.98698875866032],[121.5227481709055,24.98699079214797],[121.52200260551295,24.987396447802094],[121.52119944083005,24.987278328901183],[121.52089512996274,24.986907345335187],[121.52097163299631,24.985976259032146],[121.52053656816467,24.985574779473318],[121.51872770982284,24.985630905784628],[121.51819623345571,24.98607690026746],[121.51788095149399,24.986855991425774],[121.51736409594403,24.98705322613942],[121.51494959952436,24.985989790278065],[121.5142465094813,24.98588078316919],[121.5128145087227,24.984950194348293],[121.51215222534786,24.984932174872664],[121.5107369748451,24.98565199490246],[121.51015408354897,24.987220282134466],[121.50930473746449,24.9882110042523],[121.5078516813091,24.988744745649566],[121.50696888059485,24.988639955686693],[121.50641103717547,24.98770439341018],[121.50532150450125,24.987393966543234],[121.50504865941393,24.986520622397606],[121.50463802051745,24.986149130560786],[121.50221486829474,24.986155195703695],[121.50172089967909,24.9864530550821],[121.50158048147684,24.98686507053036],[121.50216016061592,24.987712274952763],[121.50224055736425,24.988258512194758],[121.50078390836742,24.99000402273988],[121.50073145504108,24.990668091535532],[121.50100132497123,24.99141629236158],[121.50029870146152,24.993038728391348],[121.5004331003573,24.993452409706514],[121.50109646406617,24.994077035246036],[121.50058462800484,24.99519386606099],[121.50074627892077,24.99591356080058],[121.50132900469553,24.996584188615422],[121.50120496225618,24.99709362644433],[121.50049624081446,24.997503458564662],[121.49942217924594,24.997578197247385],[121.49891067499792,24.998358535057786],[121.49805394525877,24.99888014054064],[121.49747373009099,24.9998369906651],[121.49568359776686,25.000710392534653],[121.49529229658681,25.000481935846633],[121.49381673000147,24.99833913511085],[121.49375355627001,24.995448261944393],[121.49307190264962,24.995119107325458],[121.49235669305679,24.9955662816707],[121.49153557807306,24.99892814327911],[121.49176455424501,24.999305755665027],[121.4930594540727,25.000103540708906],[121.49352319101102,25.000949781690718],[121.49359738441065,25.00163217615768],[121.49324478818217,25.002908177466335],[121.49318136426855,25.00428558514985],[121.4925866628807,25.0055931385358],[121.49192618162076,25.00559532444703],[121.4915060048686,25.00496960302827],[121.49190802626605,25.003482183516695],[121.49155916617939,25.002738347062],[121.49070643352904,25.00259363729633],[121.48973509958071,25.00361711149402],[121.48917296824787,25.00370898622933],[121.48854095241728,25.003107229482115],[121.48778715680275,25.002763222403146],[121.48769846448961,25.001997539591926],[121.48729598807732,25.001244610325625],[121.48658541082786,25.001037688341064],[121.48552449455413,25.00162908659385],[121.48515472829882,25.002502081047282],[121.4841313159377,25.003273737261694],[121.48291607904564,25.003122308760783],[121.48214173537998,25.003260385233563],[121.48110348968801,25.002697208526623],[121.48005340514993,25.00328232680301],[121.47926805428496,25.003440336626824],[121.47893105520468,25.00391374005475],[121.47908534725003,25.004786789176052],[121.47893382374693,25.00567809513408],[121.47848636381006,25.005897875771172],[121.47770033369224,25.00568931193842],[121.47724635527814,25.005811730786274],[121.47654222526822,25.007040228412077],[121.47608727146003,25.007041685412275],[121.47523162349286,25.006608408286038],[121.47436035420307,25.00702510125958],[121.47348974793691,25.00712275555601],[121.47219411128117,25.006677663705844],[121.47094722004826,25.00779825700695],[121.4701435075873,25.0079539005429],[121.46953820734177,25.008531084186437],[121.4690922967199,25.008613374193075],[121.46761734500912,25.007562963501304],[121.46726737277058,25.00614282158308],[121.46683951073359,25.005649075414315],[121.466536874883,25.0046521258519],[121.46563026233711,25.003905168237377],[121.46406896655408,25.003395502771195],[121.46315117065365,25.00166520433645],[121.46268457832088,25.001537801788842],[121.46192770172603,25.001790798303176],[121.46120250606486,25.001637006353345],[121.4604254877489,25.00184696457656],[121.4590947497925,25.001634767092607],[121.45777923895088,25.00076341461663],[121.457683268243,24.99999197297305],[121.4585456252495,24.999374337250398],[121.45867264620132,24.998834731217336],[121.45724638383292,24.996018971100472],[121.45485014396732,24.995035205070568],[121.45439905558166,24.995166088325586],[121.45377006651142,24.995830056938285],[121.45268675392735,24.995885241973426],[121.4521544626223,24.995435876131296],[121.451963871855,24.99459800474493],[121.45118794448727,24.994017946678873],[121.4504516754785,24.991101254570538],[121.45138124236348,24.989652422933812],[121.45140920897269,24.988539170107945],[121.45102755684802,24.987697689157574],[121.45273169760821,24.98637274347371],[121.45296171782779,24.985861792419236],[121.4527744354654,24.984714733629847],[121.45198995730667,24.983923055246663],[121.45142936530073,24.983713403630514],[121.45060162659905,24.983882041250997],[121.45014931295098,24.983494971285698],[121.45048767326655,24.98198225686515],[121.45096323114174,24.9813988288537],[121.45100476688133,24.98066255147358],[121.4513119673454,24.98011261165377],[121.45125705078556,24.979696982562455],[121.45062469218584,24.978942317304796],[121.44917602298135,24.978143033512456],[121.44866885818213,24.97755141465742],[121.44780169981357,24.977560837521636],[121.44731021139862,24.978286725807926],[121.4462284893872,24.97911265108789],[121.44613626043416,24.979842806104394],[121.44639033309245,24.980430705498936],[121.44623767412988,24.980821863691276],[121.44516433257309,24.98101933751212],[121.44409862236621,24.981880241859358],[121.44328441114429,24.981993429181195],[121.44291639082165,24.98226476236001],[121.44280011804214,24.98280678877348],[121.44320325647807,24.98337209742013]],[[121.5127332341093,25.009912286799953],[121.51242257805504,25.009476858685936],[121.51265677610749,25.00900337192801],[121.51357116538487,25.008784055128043],[121.51403149091516,25.008980509663363],[121.51416521010775,25.00937678549682],[121.51389181061957,25.00999323671098],[121.51345693940837,25.01011508793869],[121.5127332341093,25.009912286799953]],[[121.50906322089365,24.995330824550145],[121.5089031241235,24.994955164076128],[121.50910088094098,24.993808511646566],[121.50943679400085,24.993528939430348],[121.5100150107602,24.993550909355996],[121.51031930614067,24.993921915104423],[121.51037357088012,24.995228397764905],[121.50977856558212,24.995600055874668],[121.50906322089365,24.995330824550145]],[[121.50525494878094,24.997469782825185],[121.506029529455,24.996726438877438],[121.50654804632747,24.996920111275458],[121.5067903790131,24.997788681550514],[121.50659763121163,24.998217282834304],[121.50599867371524,24.998327980309316],[121.50540980223025,24.997859612707245],[121.50525494878094,24.997469782825185]]],[[[121.45888261905533,25.04966597707461],[121.45926772674429,25.05051358847469],[121.45925582312196,25.05178557971705],[121.45947617513677,25.05216747416124],[121.46002256336733,25.052376483783014],[121.46097592283503,25.05227082040934],[121.46150487527399,25.053022494844917],[121.46190689147099,25.053225328707985],[121.46263494587863,25.053028796615326],[121.46286504435197,25.052517833619145],[121.46286481050464,25.047250534103636],[121.46263089200711,25.0467410162158],[121.46221018552515,25.04654289586928],[121.46073252921424,25.04664722985149],[121.46006940719425,25.04649261059176],[121.45952083489597,25.04669676162312],[121.45929259986842,25.047088941495712],[121.45926959487997,25.048593990573732],[121.45892199081348,25.049121112564276],[121.45888261905533,25.04966597707461]]],[[[121.44086900091779,25.033842243192918],[121.4410803749704,25.034469717973646],[121.44195983749871,25.034978245795934],[121.44226017371193,25.03582182241169],[121.44339958966688,25.03656943062338],[121.44435477246566,25.038004830292365],[121.44560271471089,25.038978673622218],[121.44600837325012,25.039808535553824],[121.4457518761166,25.040944677910414],[121.44629446148821,25.041558135765932],[121.446411614616,25.04226984146973],[121.44756095729477,25.044043679868],[121.44808053661829,25.044350892545772],[121.4491980753774,25.044224857053784],[121.45017781258504,25.04525348156919],[121.45310063043614,25.04504595397174],[121.45380823707526,25.044749252558248],[121.45456103850188,25.044837852332737],[121.45552944509261,25.044391306659374],[121.45675888507016,25.0445589022473],[121.45730790508425,25.045529530767126],[121.45814722217281,25.045678933370674],[121.45851539509518,25.045407562616994],[121.45887402483179,25.04459119340505],[121.45997462502889,25.044263060586353],[121.46100875594495,25.042299707441398],[121.461443973419,25.042060222281048],[121.46256000494367,25.042204610745312],[121.46462419471291,25.043801009774075],[121.46629661739158,25.043915225754304],[121.46645936046221,25.044498568568088],[121.4657838452461,25.045088960912008],[121.46570169387462,25.0461478674409],[121.4649467732297,25.046723369445314],[121.46483054157181,25.0472654078914],[121.46545503917626,25.047830407925378],[121.46663028755381,25.047440291925742],[121.46802880364326,25.047817972191787],[121.4678489171243,25.04903676498021],[121.46859700001755,25.049801918247617],[121.46867867041506,25.05057189122315],[121.46915537705098,25.05124548064377],[121.46843042808113,25.052266613814147],[121.4686364052723,25.052920021698714],[121.4693472543377,25.05312702408009],[121.47010478678237,25.05265956957042],[121.4707188309596,25.05266186565247],[121.47164300989334,25.05364852289208],[121.47303304624052,25.05362506221198],[121.4739888760111,25.054454913592345],[121.47538905641812,25.054000359460055],[121.47677229466774,25.054995207445696],[121.4767859868991,25.055817411794592],[121.47727470052016,25.056650312240105],[121.47697451789313,25.057437235681896],[121.47697956076142,25.059058146505144],[121.47658750566707,25.060510304929203],[121.47610249447759,25.061254131511728],[121.47653926505153,25.062141921310516],[121.47690083107445,25.06240035222716],[121.47772074082907,25.06249884984148],[121.47823380290279,25.06301389494325],[121.47868892985282,25.063133388979846],[121.47922301572844,25.06292986400175],[121.4802275858308,25.061867068721895],[121.4806740848667,25.061784911168644],[121.48206488166545,25.062171491656823],[121.48298463851263,25.063104823726125],[121.48353483220072,25.063305485400715],[121.48419227132557,25.062982644957113],[121.48444337571019,25.06198024345775],[121.48501205544564,25.061804797542663],[121.48591011304538,25.062349042764037],[121.48626836173123,25.063375909876207],[121.487125642227,25.064329220474175],[121.4891750504632,25.064464867597298],[121.4898832741048,25.065795551658283],[121.48900107197505,25.06716477411829],[121.48896122986157,25.067594675791018],[121.48929634008499,25.068039926614077],[121.49020255825097,25.068276899565276],[121.49047351077814,25.068706473679477],[121.49032171915793,25.06909732780332],[121.4894267558809,25.06969897655619],[121.48948274808933,25.070712053391688],[121.4905588570655,25.071617029624484],[121.49230423638653,25.070967292221564],[121.49339560233926,25.071398073407813],[121.49340731602942,25.072970058724596],[121.49402708313089,25.07488821731118],[121.49503744097558,25.075964542906714],[121.49758402729488,25.076719032877808],[121.49840591248199,25.076105310019248],[121.49939113819646,25.076174397483445],[121.50014213634438,25.07569959970764],[121.50078593326664,25.07560692339978],[121.50147260316967,25.074822227908296],[121.50355239136975,25.073857756416402],[121.50450640811074,25.071221965619323],[121.50491472718375,25.070632797281405],[121.50492527706638,25.06938051971294],[121.50550536807258,25.067087717105412],[121.50528678003046,25.066278891392308],[121.5055196453173,25.064018774020635],[121.50514920273861,25.062098784963702],[121.50267692645845,25.057714968790705],[121.50154774893352,25.057281276956715],[121.50093817256757,25.056237974655165],[121.49967921782937,25.05563023700455],[121.49876987118886,25.05469684708966],[121.49821968548409,25.054469466273023],[121.49762822736182,25.054589031338846],[121.49726399539361,25.05508872909605],[121.49727396995911,25.056062781808624],[121.49661750214229,25.05655914281473],[121.49612109661857,25.056591629522597],[121.49455704284941,25.05494215437615],[121.49408601973414,25.054896994248505],[121.49336837465398,25.055212142358695],[121.49293236070137,25.055093241398538],[121.49198211289152,25.05389305231895],[121.491633300981,25.052239993896745],[121.489428454194,25.051595803634083],[121.48861586482604,25.05078576622872],[121.48761594006872,25.050863068435046],[121.48714265627005,25.051607103617762],[121.48652855750046,25.051953097341617],[121.48607279696967,25.052580360791794],[121.4855404945555,25.05271026299487],[121.48514381261587,25.052433483078474],[121.48476740827347,25.051319313036824],[121.48512562738605,25.050275415120172],[121.4849829410978,25.049534073260855],[121.48468992166764,25.04921118738927],[121.48365544431736,25.048925610704032],[121.48247636100263,25.04939297256205],[121.48107519465451,25.04866175136056],[121.47940203267694,25.04874771710354],[121.47804513352023,25.047964645418748],[121.47682808601981,25.0479637069938],[121.47655166188399,25.047478625591513],[121.47683824966168,25.04534939267975],[121.47649074595604,25.044897339231717],[121.47552256955215,25.04478765395654],[121.4751655915426,25.044514176427167],[121.47536360457752,25.042965740821714],[121.47478680816155,25.041769107868618],[121.4740822524879,25.04158276982409],[121.47319270071407,25.042033322213292],[121.47148884556566,25.042093477151674],[121.47036796361073,25.04239261160388],[121.46812748965723,25.04212905618869],[121.46479225209025,25.040048348080525],[121.46420828845585,25.039343345990765],[121.46336921548966,25.03910982776242],[121.46295645392188,25.038500514980914],[121.46111249627258,25.037197654831655],[121.45979837218616,25.03721509760358],[121.45831690715455,25.036173489676308],[121.45743606740052,25.03595541843218],[121.4569786503725,25.035520601627738],[121.45649566419222,25.034476068565265],[121.45545096089275,25.033739720119],[121.45477123302526,25.032799690554235],[121.4536273463381,25.032906614833777],[121.45221287530623,25.032489793623096],[121.45150592516468,25.031940325453853],[121.451393144553,25.031281917608727],[121.4524420812653,25.029573100509662],[121.45232726990191,25.029056244219856],[121.45196334223857,25.028780214662394],[121.45122049566888,25.028849154595388],[121.45033520969758,25.029812765457095],[121.44916712381092,25.029703688144657],[121.44766220747984,25.03028864395542],[121.44705951854871,25.0308694846718],[121.4458155013065,25.0308777450544],[121.44406531225303,25.03217984021267],[121.44282358786818,25.032200442947975],[121.44213786975503,25.032895903428024],[121.44111252791183,25.033355220360665],[121.44086900091779,25.033842243192918]],[[121.48382931400042,25.05435063311283],[121.4841877410713,25.053260025510408],[121.4845894800361,25.052871130464887],[121.48504040973387,25.05277113457084],[121.4854328877163,25.052996759983444],[121.48552014091149,25.053652336697365],[121.484910756798,25.05496063111778],[121.48440745474609,25.055038394204548],[121.48391970165018,25.054756961339482],[121.48382931400042,25.05435063311283]],[[121.47573425930864,25.05356363853466],[121.47527611839004,25.05364073756798],[121.47489757589577,25.05339333836661],[121.4747297293889,25.05290589168558],[121.4750035803511,25.05250539451351],[121.47546120664285,25.05243702743376],[121.47598793397445,25.052711773743642],[121.47607528812884,25.053158078287442],[121.47573425930864,25.05356363853466]]],[[[121.4567864039521,25.091886120497175],[121.45799983411831,25.09408031812439],[121.45802761785531,25.09475111717811],[121.4583513298282,25.095297343403836],[121.45922716870669,25.09590107231052],[121.45982475367383,25.096005729234772],[121.46358593473167,25.092542848953183],[121.46415794913564,25.09265871367918],[121.46486779554401,25.09346892817319],[121.46633229194866,25.093298384393183],[121.46710781921539,25.094332802253724],[121.46780909771375,25.094530021050396],[121.46822846012486,25.09432926956672],[121.46875982956584,25.093620029460997],[121.46994642766346,25.09352558124001],[121.4706736625241,25.09271471116405],[121.47166599602153,25.092914787459623],[121.47324293700912,25.092413724826557],[121.47481941440707,25.092562586856364],[121.47588884555421,25.092270976805473],[121.47653020721354,25.091305650447477],[121.47742687517746,25.090846241509993],[121.47761962324046,25.09003506772083],[121.4780105868104,25.08975518705638],[121.47881715503517,25.0898213100459],[121.4794705725837,25.089605465107535],[121.48024544550587,25.089779186028583],[121.481175198935,25.089483727921255],[121.48206316144594,25.08997264680359],[121.4831977336642,25.090032682838647],[121.48434988339885,25.089504099780758],[121.48550614721064,25.090104882584747],[121.48651829356825,25.089769131116874],[121.48708287541626,25.08886890095755],[121.48675132012164,25.088121386100322],[121.48664469421874,25.086601238824866],[121.48621845631861,25.08585857918403],[121.48678298129114,25.084941626660537],[121.4865852724965,25.08394750951262],[121.48696805844078,25.083371098121912],[121.48780427516193,25.083243067992903],[121.48816386792996,25.082982294868025],[121.48896482589632,25.08121169164959],[121.488610311134,25.08061287697219],[121.48766257923437,25.080498325250584],[121.48730122259029,25.08018533825442],[121.48748282513816,25.07803297581506],[121.48697759185582,25.077374973695406],[121.48660788590928,25.076183951305243],[121.48573774065021,25.07538717331694],[121.48308943928379,25.07456154528613],[121.48261823628809,25.073825327781655],[121.48176379716702,25.073220878925664],[121.48088650413628,25.073229725236054],[121.48031352775963,25.073706121643262],[121.47886185199543,25.074341058058916],[121.47802497104637,25.074177212051417],[121.47715001470411,25.074552323555647],[121.47639570809811,25.074411214992395],[121.47587350932965,25.074553735764272],[121.47530081846203,25.07556858212637],[121.47473874847381,25.076018505636224],[121.47406253867506,25.07762124344211],[121.47291750570989,25.07778511553434],[121.4712388433979,25.078903990107918],[121.4708293802012,25.079953415643892],[121.47133047304173,25.081492058396137],[121.47015272109326,25.082368482313775],[121.47039690208553,25.08348085889919],[121.47003874626566,25.084116204256457],[121.46868440746978,25.08445501513486],[121.46795041730846,25.08537025508571],[121.46691561202799,25.085529109878074],[121.46516144743013,25.08738110246648],[121.46470220825017,25.087308960130734],[121.46394726048426,25.086644737932968],[121.46364331384414,25.085829751671408],[121.46315204356739,25.085527672660728],[121.46254353268236,25.085634096548883],[121.46186080732666,25.08625399082968],[121.46095993105858,25.086061819503612],[121.46050564046686,25.08618419040307],[121.45957561432668,25.08775567141343],[121.45958420287594,25.089162217726535],[121.45914881680602,25.089401698343305],[121.45825677604779,25.08926662010564],[121.45770117991744,25.089684724757365],[121.45778896982642,25.09101244852183],[121.4567864039521,25.091886120497175]]],[[[121.45292820747822,25.15931887685885],[121.45259740064034,25.160073493352225],[121.45292091657564,25.16051096227241],[121.45337356729532,25.160639079049353],[121.45597963487175,25.159584785061497],[121.45734116550314,25.159413620556677],[121.45792990335919,25.160157864384725],[121.45865061158129,25.16057232035464],[121.45896387046415,25.16159928506436],[121.45954964162986,25.161817983074112],[121.46045997176049,25.161308551309954],[121.46045652985912,25.15978460313448],[121.46135239913134,25.15883886561019],[121.46345994486862,25.15892889439815],[121.46463657553599,25.16004739708646],[121.46524385857816,25.16016112707918],[121.46574723902042,25.159852715181106],[121.4659410798096,25.159015263242903],[121.4668242250193,25.15804832357062],[121.4668178709331,25.15714311616368],[121.46620343350504,25.15627597499021],[121.46708551963775,25.155511209715733],[121.46715620482675,25.154833955282534],[121.4664735582405,25.15432339327038],[121.46534456986063,25.154077291862805],[121.46498763710686,25.15350558937347],[121.4653541154509,25.153033176114473],[121.46685537396961,25.152712398643136],[121.4670349878346,25.151916556017806],[121.46659072820431,25.151522972493616],[121.46537693980774,25.151445516411933],[121.4640982452583,25.149562211174153],[121.46300283456797,25.149168036818423],[121.46286653502281,25.14873042528411],[121.46325386937451,25.148067206746287],[121.46326139171154,25.147425391692654],[121.46280646208164,25.146150094952482],[121.46193846797298,25.14530665569743],[121.46023108791577,25.1446907926906],[121.45993145904379,25.144204480681545],[121.46014642889678,25.143203139849742],[121.46002963030313,25.13961284498336],[121.46056672071201,25.137892111244966],[121.46016041591383,25.13717449728068],[121.460106334915,25.13519407326954],[121.45885311007932,25.132350088755913],[121.45893190926664,25.130852779673187],[121.45831059741029,25.130300605392705],[121.4575864730238,25.13051014383758],[121.45725256572368,25.131440839744812],[121.45751282298255,25.13360229227556],[121.45725784828721,25.13417754006412],[121.45723552938306,25.135977199658644],[121.45675333230948,25.136759337675603],[121.45694553488389,25.137926051057423],[121.45660549368172,25.139661845123605],[121.45703685354835,25.14080168247202],[121.45646607748529,25.142167644604708],[121.45748734605066,25.143691679520618],[121.45825430363426,25.144011311279996],[121.45850530813834,25.14437184761552],[121.4584917756727,25.14539822959183],[121.45804627826857,25.14583733548228],[121.45717769168549,25.146119566002206],[121.45693664865583,25.14663944752815],[121.4572041801389,25.14841801654489],[121.45779463195889,25.149225274076596],[121.45786348090557,25.15082637886415],[121.4582522227669,25.151527739559523],[121.45821966934491,25.152405658377155],[121.45768871352568,25.15321453187077],[121.45771178693583,25.154418500552115],[121.45677389195029,25.155150528165095],[121.45609207131352,25.157417210775993],[121.4551686027354,25.15834067231129],[121.45292820747822,25.15931887685885]]]]},"properties":{"city":"newtaipei","minutes":15,"minutes_label":"15分鐘"}},{"type":"Feature","geometry":{"type":"MultiPolygon","coordinates":[[[[121.4357621178364,24.966758360778435],[121.43568272934606,24.967446285822152],[121.43626116187075,24.967876186665098],[121.43685500766293,24.967766698390292],[121.43742198580959,24.96709569838948],[121.43730187325899,24.966554369332812],[121.43679703488293,24.966249012901226],[121.43621563926632,24.96635165266078],[121.4357621178364,24.966758360778435]]],[[[121.44377394191532,24.973056777322807],[121.44407080092567,24.973965520957755],[121.44458320238972,24.974282194003578],[121.44555587319351,24.973996422200926],[121.44644615304622,24.97402446135732],[121.44691773593722,24.973497148021703],[121.44680508914125,24.97296716990986],[121.44624342789788,24.97237191072228],[121.44510829369895,24.972012605523737],[121.4440288363327,24.97224979347632],[121.44377394191532,24.973056777322807]]],[[[121.4439203941575,24.984815641564108],[121.44507434929372,24.987029667863872],[121.44571448171641,24.987516426848657],[121.44583358810821,24.98829057584164],[121.44630430082869,24.989004525798965],[121.44858103734332,24.989584944945715],[121.44921549721322,24.98937415655297],[121.45007487159171,24.988003649009222],[121.4526236989782,24.986454919839424],[121.45296171782779,24.985861792419236],[121.45261175558946,24.984490940608065],[121.4515979827614,24.983729976948766],[121.45057988412952,24.98400785937085],[121.45011073331615,24.983862031024287],[121.44981842827072,24.98216065638844],[121.44892778222656,24.98166979149719],[121.44854005807419,24.9808316679633],[121.44797948580315,24.980622002988238],[121.4467523462338,24.981115535142877],[121.44641515856434,24.982159420280727],[121.44565584396753,24.982570031133253],[121.44531557388407,24.983249490181453],[121.44467407753153,24.983702470412467],[121.4439203941575,24.984815641564108]]],[[[121.40599744358094,25.021330243099182],[121.40668773064789,25.021943998011004],[121.40760008400925,25.021880202959284],[121.40801199659694,25.02205633460528],[121.40820856461066,25.022445117356728],[121.40801273853974,25.023151875698563],[121.40822452899495,25.024531207301816],[121.41036728331115,25.025592892198016],[121.41094709220971,25.026185594580717],[121.4110232136089,25.02664357697987],[121.41052001023449,25.027601289418147],[121.4107381124987,25.028485366539368],[121.41104338658958,25.02881517961594],[121.41222657512604,25.0292156020745],[121.41264116488676,25.029007147220636],[121.41324286217983,25.0280837428204],[121.41492054551227,25.027810304706755],[121.41582012204627,25.028030018040457],[121.41631635462174,25.028608332723973],[121.41684039278879,25.030355616526002],[121.41754122891722,25.03055308043684],[121.41851830331613,25.030037499392996],[121.41902142975357,25.030104048251125],[121.42019487685953,25.031404237837382],[121.42067942835223,25.032520861962077],[121.4211845012591,25.032826267309968],[121.42217603222673,25.03263286504007],[121.42337254416367,25.033124589043734],[121.42479816023861,25.032294724663654],[121.42596565815604,25.032514686177503],[121.42684229145365,25.031721875870577],[121.42800701423198,25.03160405724407],[121.4286429151662,25.032097934757804],[121.4294437515846,25.033260258748577],[121.4292923023918,25.034404290561376],[121.42884489266008,25.03505876777655],[121.42889827307242,25.035521815058438],[121.43113032679545,25.036991692760353],[121.43173355117224,25.03812120305982],[121.43237340260053,25.038238678279537],[121.43303897493082,25.03785093941918],[121.43377464843988,25.037767780466954],[121.43594291488921,25.036518030797314],[121.43752144161375,25.037251971110955],[121.43751005795836,25.03767496289453],[121.43682726262688,25.038499110008367],[121.4370609379955,25.03930519129973],[121.4377762352165,25.03950057201091],[121.43883783448427,25.038965865195017],[121.43883506244187,25.038186803768415],[121.43800118679926,25.037662033963684],[121.43783201116345,25.037322440509236],[121.43842941123897,25.036359073488367],[121.4383348390997,25.035310192919148],[121.43781555925506,25.03426900538227],[121.43839311503564,25.033463984980244],[121.43842069514645,25.03278846215429],[121.43703209842155,25.03181254899519],[121.43583505968766,25.03146894255255],[121.43535092839784,25.02897460572308],[121.4346258955914,25.028769423470393],[121.43327625009358,25.0294686752733],[121.43222844955777,25.029220098536477],[121.43091076988071,25.02963931285374],[121.42938500102889,25.029307494423914],[121.4287085418634,25.028900055303957],[121.42828695503866,25.02833161610621],[121.42814242459994,25.02750120831328],[121.42701507295158,25.026611163173396],[121.42640891630903,25.026612903232063],[121.42492562023537,25.0273750162049],[121.42359997073308,25.026815614817092],[121.42316146581537,25.02612595163],[121.42258122337815,25.025728996677397],[121.42215365228148,25.024839726247716],[121.4210171318986,25.024687677556],[121.4193813052605,25.023932058404267],[121.41869784240153,25.021654889395194],[121.41886798530322,25.021324471113843],[121.41973333944685,25.02078223965735],[121.41984502416967,25.020116932414343],[121.41876504558171,25.018845599615943],[121.41780964201607,25.01885630501535],[121.4164335776292,25.02015907714402],[121.41599260234753,25.020296088815712],[121.41446631801524,25.019376561744405],[121.41312760423389,25.01950702531899],[121.41253287182504,25.018889294145744],[121.41035786174919,25.017975822471914],[121.40988632691048,25.018014967095276],[121.40920272555606,25.01844023755076],[121.40819716092628,25.018264392418853],[121.40761657833816,25.018710052954777],[121.40775064221071,25.019601735288532],[121.40757778432172,25.019985243804314],[121.40647257331824,25.02011504865425],[121.40598370177908,25.02042000170994],[121.40599744358094,25.021330243099182]]],[[[121.44446315435088,25.034097003211535],[121.44423489369126,25.034489160959872],[121.44435719419707,25.035017365666445],[121.44551399357134,25.035509986703104],[121.44595478803654,25.036484324224936],[121.44659661200981,25.03681237379587],[121.44706062807454,25.0374499484501],[121.44780509484572,25.037763454817547],[121.44835338258476,25.039750783250817],[121.44952003388286,25.040338674192316],[121.45007157841947,25.041629190809456],[121.45091819170986,25.042166919357186],[121.45118927596187,25.042803395725816],[121.45203155803897,25.0437027604046],[121.4530195934781,25.04364843379372],[121.45369332821622,25.04284633118893],[121.45457492112476,25.042534859722075],[121.45485898252548,25.041149992932816],[121.4558057459299,25.040569282339348],[121.45692692404694,25.041485389213005],[121.45721133817189,25.042562294260552],[121.45765516889867,25.0429559176699],[121.4588157043734,25.042787062469344],[121.4594363783133,25.043113520962777],[121.46028386896158,25.043188946000058],[121.46077816461488,25.042891221700156],[121.46122219296713,25.042122264420996],[121.46234129975626,25.04213408764851],[121.46341999925035,25.042993552910783],[121.46438909538028,25.043147636370904],[121.46505749724092,25.043729910620833],[121.46618301209466,25.043790557445202],[121.46687130587918,25.04426181411993],[121.46816613822749,25.044501698775782],[121.46884183559803,25.04535953023338],[121.46803503274839,25.046112771263907],[121.46796689138729,25.046766187526007],[121.46868414399052,25.047389111829816],[121.46900033250945,25.04830970939582],[121.4701178834551,25.048827465526124],[121.47044804344392,25.051049575526175],[121.47017020113628,25.05210027722952],[121.47162983961438,25.05364289977779],[121.47264519372608,25.05358977830516],[121.4729405595062,25.05325252059669],[121.47313455029112,25.0523286482718],[121.47471531833463,25.051626401999428],[121.47492303947045,25.051252979914526],[121.47472883425827,25.05044898548281],[121.47490670539399,25.050078660121017],[121.47589655333115,25.04946471525812],[121.47683320943975,25.049449087172064],[121.4772542191258,25.049069187502194],[121.47709544327812,25.04828114859958],[121.47586450213318,25.047544895368684],[121.47547944874638,25.046511538304696],[121.47553855328546,25.04564689939477],[121.47483166512288,25.044186770971542],[121.4742393272992,25.04407108025022],[121.47353470169838,25.04431222699814],[121.47274638167808,25.044139480258856],[121.4716779539407,25.042517502888582],[121.47116702940869,25.04222098798612],[121.47058725319414,25.042332515354186],[121.47009501196196,25.042884400263777],[121.46908896077647,25.043398606501157],[121.46854154397117,25.043362438355828],[121.46805052883747,25.042747891762072],[121.46778123819969,25.04176703324384],[121.46656758024652,25.041494201142534],[121.46611174114875,25.04080253928661],[121.4647431033589,25.040010747456677],[121.46420828845585,25.039343345990765],[121.46336921548966,25.03910982776242],[121.46295645392188,25.038500514980914],[121.46111249627258,25.037197654831655],[121.45979837218616,25.03721509760358],[121.45831690715455,25.036173489676308],[121.45743606740052,25.03595541843218],[121.4569786503725,25.035520601627738],[121.45641526587376,25.034387426423898],[121.4545995048776,25.032891234466568],[121.45368460995974,25.03291681082448],[121.45202783352062,25.03247719611301],[121.45114092792981,25.0317298095688],[121.44977138358293,25.031357853300317],[121.44920972854491,25.031668528530073],[121.44873306993374,25.032544047618433],[121.44741295239295,25.03301197087627],[121.44659049158061,25.033048046973647],[121.44446315435088,25.034097003211535]]],[[[121.45888261905533,25.04966597707461],[121.45926772674429,25.05051358847469],[121.45925582312196,25.05178557971705],[121.45947617513677,25.05216747416124],[121.46002256336733,25.052376483783014],[121.46097592283503,25.05227082040934],[121.46150487527399,25.053022494844917],[121.46190689147099,25.053225328707985],[121.46263494587863,25.053028796615326],[121.46286504435197,25.052517833619145],[121.46286481050464,25.047250534103636],[121.46263089200711,25.0467410162158],[121.46133599977799,25.046517210723003],[121.4607874295488,25.046721366402487],[121.4600150631864,25.04802978115514],[121.45899214470077,25.048995030592152],[121.45888261905533,25.04966597707461]]],[[[121.45189801293499,25.061774359171746],[121.452537801419,25.061868940427406],[121.45328851892407,25.062397861973153],[121.45451723707176,25.062810020322726],[121.45628418802525,25.06279224659107],[121.45725777397655,25.06366249898944],[121.45780322670339,25.063607808677258],[121.45857514062733,25.063128531259878],[121.45967958404577,25.06358330081607],[121.46080217453596,25.06338938679014],[121.46152901873364,25.06418391959549],[121.46267309998917,25.06422795259233],[121.46358350529304,25.06488050400679],[121.46427236191018,25.064687820200874],[121.46524420830099,25.063511729531164],[121.46518920296299,25.063096111433453],[121.46458585996477,25.06255914454778],[121.46421855784754,25.06177419708552],[121.46310830632912,25.061318162072517],[121.46263666868984,25.060247151134117],[121.46188001164951,25.060188488754697],[121.46102857337746,25.061007346051376],[121.46040130301644,25.060863621693375],[121.46021964033059,25.060427049669205],[121.46046429256282,25.059340734500193],[121.4594703418485,25.058687025908668],[121.45851935861288,25.05844366987479],[121.45838576125436,25.058047344706317],[121.458682730113,25.057157827475805],[121.45804381981077,25.056590900181742],[121.45758754398885,25.056640978768087],[121.45717957522315,25.05701511819995],[121.45720746536594,25.05800896511102],[121.45632206191819,25.059238398214365],[121.45640390213643,25.059647666335323],[121.45612452487315,25.06001454071758],[121.45568114534028,25.060096712839233],[121.45530358073209,25.059878018987146],[121.45521169486909,25.059430315784503],[121.45550773290996,25.05905851182175],[121.45536130979977,25.058511777553413],[121.45460831195267,25.058056805758458],[121.45389877379436,25.058491802217308],[121.45393333602948,25.059419398601225],[121.45368475823022,25.059779629145563],[121.451337361684,25.060303263162623],[121.45108716765986,25.06123860513951],[121.45189801293499,25.061774359171746]]],[[[121.45664009191881,25.13928916167431],[121.45676569168842,25.139853937387073],[121.45759442534612,25.140446524814614],[121.45763458537132,25.14163424118526],[121.45843265270919,25.142097699186397],[121.45892482964128,25.142935336953578],[121.45981732256323,25.142924676808178],[121.46015505866553,25.14234477544289],[121.45996795664742,25.141522195825196],[121.460108571968,25.138899874166093],[121.46057953154923,25.138006506869033],[121.46016041591383,25.13717449728068],[121.460106334915,25.13519407326954],[121.4595177301877,25.13372383577175],[121.45909354918435,25.133346606535305],[121.4583625353066,25.13340873990676],[121.45730993680917,25.134310024753407],[121.45723552938306,25.135977199658644],[121.45675333230948,25.136759337675603],[121.45696228958444,25.137594453584523],[121.45664009191881,25.13928916167431]]],[[[121.45614672122093,25.157323393048166],[121.45516213611475,25.158627103591247],[121.45529657477628,25.159040816156217],[121.45635152637696,25.15949201490443],[121.45729284785452,25.15922326125376],[121.4589385320179,25.1581788896029],[121.45939586780946,25.158359585184236],[121.4599386556308,25.159190383158457],[121.46054593039051,25.159304132554453],[121.46134433201041,25.15883058745672],[121.46175777221268,25.158139346787912],[121.46322223131637,25.15753909332258],[121.4640282097501,25.15681614271961],[121.4639742106121,25.155755894203498],[121.46468908417948,25.154115922690796],[121.46451100009962,25.15298396834938],[121.46356443720032,25.151592849208903],[121.46258085212602,25.150983424419458],[121.46151828329806,25.15071380703945],[121.46097171963306,25.149703826831797],[121.46106720467407,25.148881808571737],[121.46055755675728,25.148142240631046],[121.46049162690255,25.147370747908703],[121.46005617603738,25.14696910540538],[121.45907666095646,25.147049422915952],[121.45816625036281,25.148381430725],[121.45775382884293,25.149720552181314],[121.45786706583203,25.150839220158936],[121.45824247130327,25.151470844177307],[121.45822804250326,25.152353049802365],[121.45768871352568,25.15321453187077],[121.45773127598758,25.154368389706228],[121.45683306966166,25.155048934449706],[121.45614672122093,25.157323393048166]]],[[[121.4382500176958,25.17016591929928],[121.43929803291198,25.171450879297197],[121.44112496563594,25.17198997641899],[121.44169291705083,25.171885406006716],[121.44323322550892,25.170912795255955],[121.44441278850994,25.170715837100825],[121.44506214647599,25.16990562517594],[121.44588611890246,25.16956814566271],[121.44639560549643,25.168795730738445],[121.44679986035064,25.16873241029465],[121.44763137331532,25.16904368472172],[121.44858609846652,25.168613759583675],[121.44871114132069,25.168061071883084],[121.44821501333016,25.16676875215865],[121.44840581156642,25.16626893392745],[121.44929146133634,25.165673201646676],[121.44934853864055,25.164995383860013],[121.44862066009526,25.164564120930415],[121.44637011307832,25.164941567335223],[121.44378160421739,25.166752345508822],[121.44250552964935,25.166956245989187],[121.44104870090268,25.16834242630886],[121.43866104006321,25.169170134525253],[121.43826856527166,25.169633734084435],[121.4382500176958,25.17016591929928]]],[[[121.53233190393853,24.955022151610475],[121.53391619272364,24.957184032011035],[121.53339962012183,24.958952200765225],[121.53371338799222,24.959843253684735],[121.534512909685,24.960149166106557],[121.53553595846483,24.95964151103137],[121.53605119689627,24.96000247231349],[121.53603824167367,24.961024127553042],[121.53532316116944,24.96319753144732],[121.53552408683228,24.964095654434168],[121.53608472587818,24.964304989090813],[121.53692552519823,24.964081357247455],[121.53784573765391,24.963047887606553],[121.53980148473894,24.963269903498624],[121.54038748880663,24.962998527289884],[121.5414282568796,24.963224188559835],[121.5419870502811,24.9630108041785],[121.54221665756614,24.962499720122263],[121.54194928046459,24.961553069566513],[121.54293443834293,24.9602164759443],[121.54309743811001,24.959475515766727],[121.54244762774445,24.958539595165053],[121.54260479973718,24.95739149889751],[121.5419676814752,24.955698268519757],[121.54195240181242,24.954793858138796],[121.54142418294988,24.9539735038549],[121.54181474145925,24.952978259390314],[121.54158134080303,24.95245562544105],[121.54044883979863,24.952152823367726],[121.53960392323462,24.95220775186401],[121.53861602388574,24.95139136405314],[121.53770443111567,24.951182202743706],[121.53673360065689,24.95185702868631],[121.53591664110559,24.953034070463477],[121.5354618901206,24.953035705779527],[121.5347227731808,24.95258802811525],[121.53339764197862,24.95281542923331],[121.53250255514321,24.954141175203834],[121.53233190393853,24.955022151610475]]],[[[121.53973666112324,24.964213776709663],[121.5386658504125,24.96475748554365],[121.53775662770036,24.965992305304535],[121.53649213270276,24.96651972985309],[121.53624768155319,24.967717802612817],[121.5356099286711,24.968118626636528],[121.53530190524117,24.96878286000942],[121.53433754603793,24.969476869589904],[121.53410789359582,24.96998794178112],[121.53458628201147,24.970647231287312],[121.53610055424565,24.970420643410495],[121.53681640774319,24.971419165082597],[121.53791623620526,24.971436620847165],[121.53854906495772,24.971797256530675],[121.53923420475225,24.971880349403236],[121.53969966495256,24.972430935420935],[121.5397997097902,24.973053166456506],[121.53938398186433,24.973649404651653],[121.53937783441211,24.974369203104388],[121.5390527171468,24.975077032547393],[121.53967051297764,24.976659458981047],[121.53933875998896,24.977781511481027],[121.53869846115533,24.97833498282708],[121.53788852130927,24.97860934781354],[121.5373755480441,24.979348159474466],[121.5360743244779,24.979552341102906],[121.53582572660757,24.980489452032227],[121.53608890867818,24.98118624112565],[121.5359968783948,24.98208207527722],[121.53701175696861,24.982758742101645],[121.53709787142236,24.98371388073791],[121.53777662669475,24.98438616354257],[121.53826367915858,24.985439214014544],[121.53819749703581,24.98627717359941],[121.53764638453283,24.987010432815605],[121.53762599665725,24.987852826366442],[121.53859513086506,24.988555878883833],[121.53878745530064,24.989604487457438],[121.53943844910425,24.989912186210667],[121.53999736575327,24.989698807973383],[121.54049726352224,24.989016439163542],[121.54122389793353,24.98890455701069],[121.54185442077629,24.98837575999429],[121.54303533804473,24.988204366725302],[121.54339453838708,24.987943462996682],[121.54365758822449,24.987243587863386],[121.54442046081506,24.98665316496604],[121.54490374858588,24.984591099802334],[121.5461176833458,24.98352545707943],[121.54624651434752,24.9823724369235],[121.54683637831492,24.981464793511],[121.54657675082356,24.98088148822393],[121.54574067274433,24.980444543525387],[121.54554978916373,24.98005626185982],[121.54596826331115,24.979103198384088],[121.54552805703813,24.97806959098816],[121.54579726647533,24.976915634228792],[121.54653860222957,24.976091355907858],[121.54654111387201,24.975551534304536],[121.54610761963718,24.974605508640423],[121.54414040769151,24.973461884351124],[121.543717140576,24.972887314800804],[121.54352930016633,24.972081263524167],[121.54351564522109,24.97033945611071],[121.54401155875095,24.969699169313774],[121.54446427791933,24.968315124048658],[121.54415711872211,24.96722488946391],[121.54266615412297,24.964897169524242],[121.54221413819334,24.96476931175418],[121.54135330441655,24.964934154684006],[121.54028697501118,24.964242657597886],[121.53973666112324,24.964213776709663]]],[[[121.52446914340749,24.981522814147926],[121.52517398587618,24.982387952272074],[121.52480894392721,24.983259378669377],[121.52496793692528,24.983982227883864],[121.52607601378537,24.984695007471515],[121.52665139986756,24.985400084399355],[121.52769220924992,24.985586313051275],[121.52870445995646,24.986523064486008],[121.53070002304202,24.985853910377223],[121.53122211698395,24.98457667079405],[121.53250722631086,24.98439220506352],[121.53318842579101,24.983426364204224],[121.53420309100589,24.983200656341154],[121.53455225999942,24.98272027433159],[121.5335133546009,24.98074729668296],[121.53292127164417,24.980631834779985],[121.53226576265635,24.980964402141826],[121.53162419693862,24.98096593419984],[121.53130026746123,24.980609029279414],[121.53136274364392,24.97988715377414],[121.53114230443818,24.9795053636233],[121.52938053021529,24.97905363454983],[121.5285899239859,24.979257148902075],[121.52825759231061,24.980027629384427],[121.5274500990201,24.980774007197024],[121.52585613837978,24.980635217883655],[121.52524805534472,24.980381438067294],[121.52468106051975,24.980486316367884],[121.52433393621388,24.980953562317037],[121.52446914340749,24.981522814147926]]],[[[121.50340770208787,24.99300296027524],[121.50284323184182,24.994637878024722],[121.50321005778419,24.995243437813052],[121.50590414204363,24.995454721810564],[121.50693967816989,24.996031089776128],[121.50886548656685,24.994837576356062],[121.50928327737692,24.993604400432005],[121.51070297671458,24.993349732419976],[121.51167776277372,24.99290682552977],[121.51238855575107,24.993151410599566],[121.51311313734018,24.99448906505097],[121.51361827605284,24.994794156911414],[121.51542978083769,24.99406885668697],[121.51763902981712,24.99486678584409],[121.51913419913673,24.994403844494656],[121.52002442975035,24.993433734071534],[121.52044049967097,24.99328967454411],[121.52088787649365,24.993487863000077],[121.52125954323695,24.99437236236249],[121.52162351985535,24.994648222783276],[121.52468316364119,24.99473088747695],[121.52513417203734,24.994599792294107],[121.52576069604487,24.993979789297562],[121.52712983559245,24.993914520156945],[121.52810701599951,24.99298073004993],[121.5282465819486,24.992555460275614],[121.52776369624767,24.991755519524947],[121.52785411633897,24.99082767111508],[121.52751477117684,24.990067759523754],[121.52622106915904,24.989804304759783],[121.52572285917218,24.988803223738586],[121.52360217570707,24.987833903269298],[121.52208425284618,24.988027264736257],[121.5207287433443,24.98737381235253],[121.52008827359899,24.987646092454327],[121.51960786906173,24.988158574858183],[121.51865504526377,24.98847571728715],[121.51696467629371,24.98844543517125],[121.51658679433706,24.988292991934326],[121.51601405435514,24.987545695999284],[121.51512570852296,24.987248541318134],[121.51414111063154,24.987227377612385],[121.51274537712403,24.987827571114064],[121.51159399661135,24.987314010415155],[121.51059371801773,24.987747062773277],[121.50995250153878,24.988508897101056],[121.50882319960652,24.988370510252885],[121.5078516813091,24.988744745649566],[121.50691874130648,24.988612797334692],[121.50643164784579,24.98772303856997],[121.50584663006835,24.98750450922816],[121.50428988182274,24.988246466705444],[121.50379060239598,24.98984348364178],[121.50331900073452,24.990381735357794],[121.50327564370878,24.990798803667122],[121.50362924073379,24.991537975248644],[121.50326448641735,24.992243553261765],[121.50340770208787,24.99300296027524]]],[[[121.50624463482524,25.00345666107952],[121.50635974694006,25.004565261136115],[121.50723059790033,25.00637177090711],[121.5072529635641,25.007183536702627],[121.50754593936944,25.007506380542107],[121.50985139807473,25.00759168802365],[121.51208871856787,25.00728292780597],[121.5127837567174,25.00669172417739],[121.51321422774511,25.00582570860502],[121.51465929995113,25.00596121176036],[121.51675175763522,25.00455540665957],[121.5168699119079,25.00402642726489],[121.51656634319909,25.00294653265465],[121.51691912848014,25.00059447803719],[121.51486665635008,24.998299723434368],[121.51381397780005,24.99804376224534],[121.51316500202942,24.99746201387085],[121.51210279113312,24.997223711500784],[121.51109901638537,24.997605489165295],[121.51034786323457,24.99728361749592],[121.50989011464443,24.99731856710292],[121.50952219849452,24.997590062942294],[121.50865409049639,24.999165054681537],[121.50851409793447,25.000038008747506],[121.50868984127641,25.000965093666586],[121.50761494190702,25.001481536836508],[121.50653248026504,25.002702050229097],[121.50624463482524,25.00345666107952]]],[[[121.44706690864308,24.997861359424544],[121.44744283119729,24.99897620331681],[121.44798301300204,24.999467002241136],[121.44856165690634,24.999465258610865],[121.4501954628915,24.998825054181726],[121.45073229457616,24.998971728309893],[121.4516854008009,25.0003841128422],[121.45236117112356,25.000912370697655],[121.45245759509962,25.002011100428483],[121.4532632239302,25.00248582705956],[121.45386313075785,25.00348137346166],[121.45420147725474,25.004850836920728],[121.4540100658667,25.006171890346433],[121.45478304469962,25.006861784696934],[121.45491640295872,25.007258395675198],[121.45459470318416,25.008224065002075],[121.45350170955689,25.008554987281688],[121.45317936516862,25.00928884455858],[121.45370743832571,25.010063753027097],[121.4546333945289,25.010547529045496],[121.4545818692404,25.011686219947453],[121.4556270318437,25.013129172794926],[121.45618304076534,25.01334798751633],[121.45714538041167,25.013203842151928],[121.45833906508074,25.01393967481514],[121.45939094858548,25.014272393314577],[121.45950334942764,25.015310564493507],[121.45907679020982,25.01592260934431],[121.45907400765496,25.016606517272194],[121.46048747218781,25.01776854522885],[121.4617430732641,25.018200387034057],[121.46280981425639,25.017955178951844],[121.46343328415156,25.018501253673772],[121.46417935556114,25.01874570816329],[121.46553613877282,25.01840052554561],[121.46622953907453,25.018879325357627],[121.46821738279016,25.017818146190226],[121.46926448562762,25.017962138616234],[121.47023408468492,25.01733192931632],[121.47118611994753,25.017438926155243],[121.47284396045528,25.01703328255472],[121.47339234922606,25.01628836834518],[121.47342022783877,25.01493576149254],[121.47439745315951,25.01420172212001],[121.47539957325,25.014314867801296],[121.47615903215065,25.015221153484983],[121.47785127758488,25.015156867552097],[121.47862882639825,25.014372777435195],[121.47804786665284,25.012440185548535],[121.47859289959244,25.011857930583293],[121.48079016113812,25.012435570061903],[121.48153486614181,25.01317916352993],[121.48283065688571,25.012897074425766],[121.48367916943155,25.01348474840989],[121.48429837885008,25.013477068089227],[121.48589299827184,25.011528144209148],[121.48646948018954,25.01044651893952],[121.48758787983239,25.010398918541576],[121.48833609124473,25.010106859537007],[121.48868472796944,25.00983424291625],[121.48921268310303,25.008737030453357],[121.49032329321636,25.00878231559504],[121.49107756314284,25.008389196921694],[121.49200652075943,25.006544419900717],[121.49244797911643,25.006492405876834],[121.49331068205358,25.00687378982525],[121.49448234815539,25.00647685116457],[121.4955069948712,25.00677138959541],[121.4963384472898,25.006461864291616],[121.49749193093905,25.00647230764663],[121.49898750056624,25.005703290710482],[121.50078284473274,25.005432432431935],[121.50153952077976,25.004695291342127],[121.50255355710831,25.004571093684415],[121.50288712500723,25.004192177170957],[121.5029927235341,25.003264224532362],[121.50266046773294,25.002334682866138],[121.50328774843537,25.000845359127865],[121.50288901475233,24.999292751803438],[121.501358503181,24.998598242507057],[121.50074371350232,24.997759575466127],[121.50015110015138,24.9975046018435],[121.49941053377978,24.997586129157334],[121.49891067499792,24.998358535057786],[121.49805394525877,24.99888014054064],[121.49751435662999,24.9998017483619],[121.49580248618393,25.00071774342313],[121.49532838049622,25.00052522869911],[121.4936299450599,24.998114701685285],[121.49278010524415,24.99795663214808],[121.49223814859592,24.998373285501017],[121.49212207889002,24.99891534632723],[121.49340766384273,25.00068740008167],[121.4935975968033,25.001685334373306],[121.49324852948968,25.0028846020001],[121.49318136426855,25.00428558514985],[121.4925866628807,25.0055931385358],[121.49192618162076,25.00559532444703],[121.49132204466457,25.00480171860303],[121.49168543641181,25.003302258676314],[121.49107298036266,25.002727437658006],[121.49013516947436,25.003017904490047],[121.48943208676621,25.004405116080232],[121.48895402159145,25.004786433253226],[121.48850749867891,25.004707017648652],[121.48791938897824,25.004186943498087],[121.48689436513727,25.004234948960526],[121.48621476289931,25.00377116873487],[121.4857298472208,25.003729244270996],[121.48467505946341,25.00445923280576],[121.48409903924916,25.005428967275172],[121.48329570732167,25.005533760128188],[121.48229215562142,25.00524307507476],[121.48159996225095,25.005673223292835],[121.48031548052896,25.005941415521963],[121.47908986594159,25.00650165757088],[121.47827834222738,25.008164048589364],[121.47859704363898,25.009376414808326],[121.47977489540128,25.010274961919894],[121.47969393986979,25.010723098891795],[121.47925370084303,25.011026291440178],[121.47880108089063,25.011068386466032],[121.47806285769522,25.010664479709785],[121.47674133735987,25.010730922529955],[121.47534112956343,25.009278613130085],[121.47398893045494,25.00897340838524],[121.47225126581593,25.00946821606209],[121.4712365815299,25.010991488639302],[121.47072776556902,25.011172193569834],[121.46989429511633,25.010828585253744],[121.46879335631951,25.010897095024955],[121.46770380548446,25.0096402973448],[121.46724732515882,25.00942606270122],[121.46582187815493,25.009131307553126],[121.4648898529803,25.009565809201934],[121.46429807927262,25.009450700444656],[121.46403282942809,25.00907695224547],[121.46410253182242,25.0083658595466],[121.46494374621813,25.00784579378901],[121.46517299079196,25.00732159412864],[121.4647096079919,25.0062201899884],[121.46394160255976,25.005419111221105],[121.46310376034722,25.005093149074785],[121.46245262186841,25.00439717182016],[121.46072220010578,25.004397968764472],[121.45973883984733,25.00313639812663],[121.45913280113044,25.003138269986383],[121.4582135756046,25.00376336165631],[121.4569745517098,25.0031552185842],[121.45680465208588,25.00225597349498],[121.45740581447313,25.00113290447782],[121.457683268243,24.99999197297305],[121.4585456252495,24.999374337250398],[121.45867046428435,24.99882163163773],[121.45801036774031,24.997650078262286],[121.45749096281601,24.997342895944023],[121.45689973513757,24.997462296423357],[121.45639818729587,24.998290061068232],[121.455848271171,24.99856296432455],[121.45524663027386,24.998640974183306],[121.45486008346415,24.99843985755137],[121.45473515612782,24.99805052117867],[121.45501056220677,24.996746901771875],[121.45569327122803,24.995908386983977],[121.45535177914839,24.9951817701242],[121.45456101827303,24.99508655375053],[121.45382129072058,24.995808881005498],[121.45279836736687,24.99591572773565],[121.4521544626223,24.995435876131296],[121.45187480391475,24.99449874340498],[121.45100072886602,24.993946639724566],[121.448853851173,24.994216542016492],[121.44756548732806,24.995751159692436],[121.44784066266087,24.996960155935298],[121.44706690864308,24.997861359424544]]],[[[121.5090442132589,25.012798935410107],[121.5096622912696,25.0144869230983],[121.50914665119211,25.015974200234716],[121.50930341111729,25.017189461454834],[121.50978581046924,25.017480780672372],[121.51180203446647,25.017768997504902],[121.5124576468668,25.018237084362685],[121.51323284016479,25.01839609550935],[121.51416268457251,25.018952894355618],[121.5145594463218,25.01962189422816],[121.51497555591078,25.019827756286755],[121.51573014143108,25.019814007682065],[121.51615092983057,25.019433999737505],[121.51629530794271,25.017928980854066],[121.51680563730177,25.016601555877227],[121.51728946182739,25.016500214296173],[121.51823105950236,25.0169804893488],[121.51923288102967,25.0169808119118],[121.52003180910359,25.01647018094772],[121.52091417630336,25.01543515554058],[121.52066065063657,25.014399301056397],[121.52013544794345,25.013704729224933],[121.52021447156451,25.01218084774585],[121.51991521879933,25.011863217411772],[121.51887021201637,25.011521562189706],[121.51857835602834,25.010604951832367],[121.51806561731323,25.010288540325174],[121.51641662003374,25.010167914778247],[121.51467511772272,25.00958571274624],[121.51363275743851,25.01011624937864],[121.51269138477736,25.009984478457923],[121.51171182720418,25.010456669392987],[121.51020755697166,25.011716947316497],[121.50931038709783,25.01200834470532],[121.5090442132589,25.012798935410107]]],[[[121.46621156159128,25.019307074818354],[121.46450208318514,25.02056945190701],[121.46375804806742,25.02304906240124],[121.46381302838711,25.02346468358807],[121.4642856983794,25.024032396542754],[121.46444641421397,25.02497895333795],[121.46544197468576,25.025524598113925],[121.46615439520775,25.026522526224554],[121.46605753967248,25.026940144320577],[121.4652827287409,25.027366760188237],[121.46476250417021,25.028310939222425],[121.46497999038783,25.0298405557822],[121.4653501397546,25.030109632655943],[121.46655879978246,25.030273939461658],[121.4668665905874,25.03099986405956],[121.46802210543494,25.032135309407835],[121.46828118955854,25.032748785038642],[121.46915228101827,25.033199997204267],[121.47052417945925,25.034940498495047],[121.47114354158795,25.034944201152268],[121.47205729054437,25.03441566899981],[121.47329127961072,25.034912541856155],[121.47454018556917,25.034972927212984],[121.47545151088846,25.035337318265015],[121.47659564456599,25.035045268727487],[121.47760310271315,25.034120490332114],[121.47807244224602,25.031617170154203],[121.47850941398428,25.030936163283197],[121.47782721718077,25.029153288957463],[121.47843056980632,25.02832218694815],[121.47873388007447,25.027220951392117],[121.47804144154881,25.024389790104067],[121.47753626608673,25.024084579115684],[121.47656316233775,25.02412847067559],[121.47500650521468,25.025172387079767],[121.47359080211947,25.025288168718113],[121.47315813741356,25.024795420429424],[121.47335891639918,25.023706031335813],[121.47260284984743,25.022634682596678],[121.47240676614018,25.02183505554678],[121.47159333028691,25.020774919330258],[121.46929192616837,25.01965586135614],[121.46791361347154,25.019955261066087],[121.4668978736555,25.019845460304847],[121.46621156159128,25.019307074818354]]],[[[121.47715218846368,25.053480061485388],[121.47697781251792,25.05478899144827],[121.47762036788326,25.055692968284713],[121.47766640445616,25.056432194896356],[121.4784221195774,25.057257694663416],[121.47756054757063,25.05861891618572],[121.47755773942127,25.059158735373238],[121.47785571323811,25.05949409395468],[121.47867650177673,25.05977545093379],[121.47941881628601,25.06083979841203],[121.48002800370986,25.060942356494806],[121.48096948961668,25.060445683294134],[121.48187891511682,25.06087031971392],[121.48366192417522,25.060793452007413],[121.48415075768031,25.06048824547743],[121.48447548026463,25.059656120807542],[121.48545164499242,25.059391488019077],[121.48580427890134,25.059638512572285],[121.48620430697244,25.06056142931294],[121.48610036000754,25.061659093309167],[121.48749224846482,25.06305112156258],[121.4883216871235,25.063216702275273],[121.48922815817329,25.063821728975622],[121.49049394739609,25.06356207768427],[121.49125281980783,25.064250639120473],[121.49225086829529,25.064260229221322],[121.493024155798,25.064753459981727],[121.49416945645501,25.064617856204],[121.49548373538246,25.06545679688829],[121.495521094374,25.06610125770909],[121.49481895633271,25.066512631251236],[121.49395138185928,25.06745915519931],[121.49351025097931,25.06756135878754],[121.49287179504483,25.06721751906125],[121.49229283694963,25.067219439878567],[121.49160451927831,25.068175689617394],[121.49216480975292,25.069687780756382],[121.4921674418264,25.070709636214865],[121.49357086244599,25.07138214336226],[121.49340731602942,25.072970058724596],[121.49464262479599,25.0753332881273],[121.49534901413126,25.075505402204442],[121.4963038242447,25.0749209621231],[121.49787808746325,25.074677638918953],[121.50113750027752,25.072546090821646],[121.50248765596359,25.072071232722678],[121.50294435089901,25.0707961981432],[121.50366262167171,25.070336186169744],[121.50388285089637,25.069835013143933],[121.50320720491106,25.067646383244046],[121.50250239176698,25.067067083356648],[121.5024127372825,25.066599610848904],[121.50275743694604,25.066192252353545],[121.50429873115598,25.06552746890733],[121.50524744692898,25.064259975447293],[121.50505430815348,25.063561018288535],[121.50408250288619,25.062163431578522],[121.50418359411036,25.060789422651347],[121.5032117487907,25.060158923755026],[121.50238753950764,25.058464082740482],[121.5014042228818,25.057451352600577],[121.50001707342534,25.056845260616296],[121.49930318207636,25.057045147204146],[121.4989228876988,25.057725625669597],[121.49787912734399,25.05849484790365],[121.49757789008473,25.05912023295455],[121.49674357101834,25.05969041351948],[121.49673962676779,25.060254688303527],[121.49733038635951,25.06105060749423],[121.49711398710683,25.0615310770077],[121.49664401132587,25.061675473695946],[121.49566885836728,25.061363874959028],[121.49463748138638,25.060575653211075],[121.49460587319253,25.059468502844688],[121.49500393811189,25.05886310958823],[121.49499686931657,25.05832332387172],[121.49407670605054,25.057246100000047],[121.49328675761944,25.056849839757387],[121.49302755888894,25.05618632374484],[121.49190870310129,25.055019496537245],[121.49146609716902,25.054906812899155],[121.49068939834689,25.055086443924576],[121.49001824437973,25.05575394280629],[121.48952459899425,25.055811566859344],[121.48913169968412,25.05545097303781],[121.4890636628461,25.054416741132545],[121.4881942545337,25.054099087400157],[121.4875366266095,25.054594060945835],[121.48728003006579,25.055644733411235],[121.48678654004502,25.05588709318435],[121.4862200303737,25.055760180646573],[121.48564112073375,25.055256050610524],[121.48399397700301,25.054838804618562],[121.48382095775182,25.054403243568004],[121.4841877410713,25.053260025510408],[121.4849177497861,25.05250755431418],[121.48507196394638,25.051892190355897],[121.48461384284006,25.05130714225514],[121.48323812292081,25.050590955030223],[121.48263185315537,25.05059292611048],[121.48120046938098,25.051269948911678],[121.48049636783115,25.052235158633778],[121.47913017563124,25.052274442729587],[121.47816634148298,25.053182080886515],[121.47715218846368,25.053480061485388]]],[[[121.45964566986025,25.09313596258932],[121.45997392493665,25.09425324010897],[121.4607156583137,25.094741799215406],[121.46140468596998,25.09454912703956],[121.46364469847826,25.092530455015467],[121.46420073501476,25.09268988350468],[121.4648540793968,25.09346450751556],[121.46616497624095,25.09323950002554],[121.46686123973637,25.09384786131783],[121.46747058144881,25.0939504682547],[121.46816026202985,25.093359226816922],[121.46811358809514,25.09239301385898],[121.46853511884052,25.0919519438897],[121.47078237411439,25.090768544188894],[121.47186841502472,25.090548158861175],[121.47320440821814,25.090629725866144],[121.47482308505418,25.08999871825399],[121.47598558517197,25.088764878429092],[121.47628520697609,25.08806339685385],[121.47722104078358,25.087855774396342],[121.47802147240208,25.08723033754573],[121.47924036598404,25.086906350845325],[121.48061438419484,25.087264380333743],[121.48150246566803,25.08708861149287],[121.48238339178005,25.08765292074467],[121.48318586896082,25.087441341612404],[121.48378836966997,25.086224329354604],[121.48353169018505,25.085124686074817],[121.48498632954694,25.08248104941362],[121.48551420606188,25.081959045027236],[121.48617311824611,25.079971906672938],[121.48581862062383,25.079373084968747],[121.48467736638231,25.079021034868337],[121.48324322980655,25.07916904900862],[121.48282575632489,25.07833916013484],[121.483794107495,25.077504041768155],[121.4854833455142,25.078014383762707],[121.48660184880872,25.07751073250949],[121.48695159844607,25.07690960281263],[121.48660788590928,25.076183951305243],[121.48573774065021,25.07538717331694],[121.48281234293928,25.074531413062445],[121.48043852921255,25.075679080357098],[121.47973803373374,25.076831266795807],[121.47910565059352,25.07691820825879],[121.47823212992645,25.07653061869232],[121.4767141974931,25.07667133861318],[121.47637907723879,25.077131621872184],[121.47641318429962,25.078233200125148],[121.47550189007097,25.078485821379424],[121.47365448195777,25.079509251554683],[121.47322984546327,25.080361442068444],[121.47315524812164,25.081263890074865],[121.4707708242874,25.082653088472124],[121.47075758755462,25.08414620450014],[121.47036793078729,25.084360580802656],[121.46898400667172,25.084344379266696],[121.46856467927626,25.084545132644518],[121.46774331777134,25.085736913949376],[121.46791982946914,25.08686286115309],[121.4669248192688,25.08736179500309],[121.4665233959021,25.087976500861387],[121.46393587650655,25.088760106016714],[121.46294932116923,25.087913196516322],[121.46187929153945,25.087665514777235],[121.46131979326776,25.087878605210204],[121.46094017907927,25.088693438214968],[121.45970497515081,25.089731634646643],[121.46003500459517,25.091135844923432],[121.45890628726073,25.0921635683928],[121.45902313859634,25.09271773109991],[121.45964566986025,25.09313596258932]]]]},"properties":{"city":"newtaipei","minutes":10,"minutes_label":"10分鐘"}},{"type":"Feature","geometry":{"type":"MultiPolygon","coordinates":[[[[121.43575349686832,24.966769028344547],[121.43568272934606,24.967446285822152],[121.43626116187075,24.967876186665098],[121.43685500766293,24.967766698390292],[121.43742198580959,24.96709569838948],[121.43730187325899,24.966554369332812],[121.43679703488293,24.966249012901226],[121.43621563926632,24.96635165266078],[121.43575349686832,24.966769028344547]]],[[[121.44376815399396,24.973074376423373],[121.44407831459839,24.973976863257633],[121.44459758784329,24.974284095189287],[121.44555587319351,24.973996422200926],[121.44644615304622,24.97402446135732],[121.44691982141447,24.973484035396364],[121.44680508914125,24.97296716990986],[121.44624342789788,24.97237191072228],[121.44508283931032,24.97200924148313],[121.4440288363327,24.97224979347632],[121.44376815399396,24.973074376423373]]],[[[121.44643030875744,24.985823544054934],[121.44615687819498,24.986382975638534],[121.4463808124946,24.986882738101954],[121.44683690407349,24.987324081112913],[121.44788049959696,24.98765472560319],[121.44850340900588,24.988591654126424],[121.44909545744085,24.98870745237233],[121.45100105842586,24.987457503780213],[121.45157823668515,24.9864010854751],[121.45166236891059,24.98525066875093],[121.45101296354859,24.98440345885521],[121.45003234921246,24.983847894950575],[121.44972115967485,24.982757551465703],[121.44901074903954,24.98255044708249],[121.44732547224801,24.98313198221157],[121.44663450620793,24.98416114351192],[121.44643030875744,24.985823544054934]]],[[[121.45046433423389,24.99615799823792],[121.44974099433675,24.99742641018361],[121.44985019194132,24.99796924703958],[121.45034859377394,24.998282720882294],[121.45115162574773,24.998200439330247],[121.45172382086267,24.998431313959706],[121.45257209373939,24.99971784911052],[121.45255431952026,25.000487140697043],[121.45287967491372,25.00105415001408],[121.45344034844899,25.001263794536968],[121.4545718788196,25.001240557237605],[121.45497657440457,25.001041832928284],[121.45525219673057,25.000116307620914],[121.4543600836904,24.99895476898552],[121.45499689393404,24.997238003181124],[121.45477780186579,24.996587645018128],[121.45258917788716,24.99600810035185],[121.45174934782342,24.996130501962472],[121.45101864770562,24.99593579892217],[121.45046433423389,24.99615799823792]]],[[[121.45678291111035,25.00708429826058],[121.45699469743967,25.00822999032893],[121.4566192837576,25.00988096291773],[121.45725226498226,25.01059755782127],[121.45746326372894,25.01133443795582],[121.45797402698692,25.011631003501662],[121.45893308461596,25.011405347282217],[121.4603810721152,25.011621902084567],[121.46081321022768,25.011933747464287],[121.46080570946181,25.012389158224885],[121.46021077183207,25.013215317071293],[121.4602362416508,25.01444848163613],[121.46057795251264,25.014955542815137],[121.46148435295248,25.015446506698332],[121.46251750799688,25.015330883420866],[121.46405885755905,25.01608860827216],[121.46537851319027,25.015737267136497],[121.46682369317116,25.016017130869194],[121.46743892050338,25.015732135250722],[121.46765844081686,25.01521778019526],[121.46710165095226,25.01354125017419],[121.46740968784916,25.012643613077547],[121.46715181822674,25.011983099389997],[121.46636371307206,25.011785768405986],[121.46513990433155,25.01222307206998],[121.4640040364425,25.01159769029994],[121.4629769678067,25.01166590422932],[121.46254438470504,25.011370368869578],[121.46232329860126,25.01073753815736],[121.46250186963145,25.009716539480323],[121.46235909776578,25.00872692803073],[121.46266566367022,25.007342539207713],[121.46242100876665,25.00682415244702],[121.46017354667399,25.006508757810092],[121.45927169640872,25.005743059180844],[121.45883131942867,25.005622806499108],[121.45737880146936,25.005824699016006],[121.45695030464893,25.00625060746359],[121.45678291111035,25.00708429826058]]],[[[121.40883450246194,25.020085275958866],[121.40885520887142,25.021520695476784],[121.40933499802833,25.02210408882324],[121.41073753128568,25.022476810905832],[121.41127103066982,25.022958375586022],[121.41127536089249,25.02348208877774],[121.41063029483915,25.02399265681149],[121.41049028829477,25.024417820667626],[121.41071339297191,25.024904403607117],[121.41153580011755,25.02552978111787],[121.41329157643987,25.02570510126262],[121.41415310809865,25.025032292265255],[121.41536738764054,25.025217598973132],[121.41648998733731,25.024581668254715],[121.41668156608259,25.023992682270425],[121.41653234458465,25.02276514954441],[121.41610405648451,25.022096875097866],[121.41606773568283,25.021225011255723],[121.41565098554857,25.02084131324126],[121.41492571688926,25.020695204221074],[121.41442977162278,25.0201790117956],[121.41288324285424,25.01975633554643],[121.40941842949421,25.019662110204656],[121.40883450246194,25.020085275958866]]],[[[121.46606537631271,25.026242887555156],[121.46620654991173,25.0271546374664],[121.46662347651186,25.027538190948913],[121.46709438645084,25.02758344000127],[121.46780490918854,25.027298175442574],[121.4688454428276,25.027469364791553],[121.46883676334167,25.02865692741388],[121.46946864741436,25.02970397889603],[121.46940460009709,25.030656610979317],[121.46981528520908,25.031028197256227],[121.47081363607222,25.031292115800174],[121.47147152314167,25.03239408215506],[121.4724217963296,25.03277681562293],[121.47337653708459,25.032671060600325],[121.47430360657478,25.03330151734604],[121.4750372323084,25.03308490324618],[121.47551620875218,25.03163076811991],[121.47514045516857,25.030684028136132],[121.47551193807502,25.030028655728163],[121.47548346695105,25.029422647534663],[121.47604214134797,25.02782479805836],[121.47540210158563,25.02713164914608],[121.47228456280111,25.027041334586606],[121.47123270055555,25.02667910024848],[121.47009003083339,25.025955719686106],[121.47016605296106,25.024707023672253],[121.47102067839846,25.023842816281633],[121.4714250836015,25.0218814266308],[121.47118103455988,25.021349820825332],[121.4706165272901,25.021149805314472],[121.46945653878188,25.021480960710832],[121.46877923258545,25.021056581534797],[121.46731479423379,25.02073591330285],[121.46668858143393,25.02096541689097],[121.46647115632945,25.021348676480674],[121.46655626375785,25.02211733689169],[121.46619050996733,25.022891516900017],[121.46687061727141,25.02374576904099],[121.46691994645545,25.02411971397691],[121.46666642540646,25.024567719583498],[121.46587334004028,25.02483769867596],[121.46553623209984,25.025311071994242],[121.46559121953699,25.025726692296402],[121.46606537631271,25.026242887555156]]],[[[121.41877722148465,25.027794959927594],[121.41870633114921,25.02847220548374],[121.41958990802631,25.029658237029064],[121.42078198789982,25.02992966075177],[121.42150919820521,25.030716851255637],[121.42210166773867,25.03071070615407],[121.42338179111587,25.030056030624568],[121.42620046557225,25.03085598583607],[121.4269828281867,25.03036745283298],[121.4270180208836,25.029950051907292],[121.42672418564995,25.029465778386854],[121.42566353291227,25.028870504683354],[121.42537316464234,25.027821953933508],[121.42411824649034,25.027013284938356],[121.42289086218973,25.026673286109048],[121.42208149150471,25.0261500479813],[121.42148904386421,25.02615619271965],[121.42083389113465,25.026751068098196],[121.41989290318729,25.02692361218904],[121.41907218979502,25.027382306768803],[121.41877722148465,25.027794959927594]]],[[[121.43176416433555,25.032763258319076],[121.43183173244418,25.0334545698325],[121.4323607320028,25.03403307948237],[121.43255344011558,25.034682071269756],[121.43331107770766,25.035233222694877],[121.43393044278723,25.03523708044577],[121.43474553526747,25.034556197010385],[121.43568914023227,25.03435864341809],[121.43612606418547,25.034595496756694],[121.43628209208671,25.03534055081735],[121.43685569107598,25.035906651579502],[121.43745222432415,25.036002611885113],[121.43800765141458,25.03558458237928],[121.43782835433132,25.03415813613859],[121.43847702197434,25.033051965371513],[121.43799889331693,25.032392368264823],[121.4352969225987,25.032070431801802],[121.43467994310492,25.03166264850527],[121.43273324619435,25.031002698809676],[121.43174102984294,25.031343647768736],[121.4313797831505,25.03169638816153],[121.43137059551817,25.03224820673493],[121.43176416433555,25.032763258319076]]],[[[121.44816181243176,25.0355859205891],[121.4485149485768,25.036063984159437],[121.44980322236745,25.036462350964747],[121.45032783685959,25.03775635018646],[121.45039347649141,25.038724250373154],[121.45156999561567,25.040093244974244],[121.45214207093102,25.040371095979992],[121.45302022428169,25.04005425644764],[121.45385514461312,25.038437428005246],[121.45477586252315,25.038326535658836],[121.45547343452652,25.03763504773392],[121.45703362512496,25.037285481680048],[121.45650567327768,25.036230068488905],[121.4557233073084,25.035777055618972],[121.4551788473251,25.03517659075774],[121.45494966946343,25.034470975237284],[121.45419691166089,25.033979101786517],[121.452778489152,25.034198907061445],[121.4519991879153,25.034541482955806],[121.45081636280341,25.03438840848581],[121.4500179297178,25.034697671857593],[121.44878031116093,25.034692502192474],[121.44829148925243,25.03499759317345],[121.44816181243176,25.0355859205891]]],[[[121.45734566160768,25.037418530814364],[121.4585032232051,25.03971701140244],[121.4585884527991,25.04062560089873],[121.45935068281108,25.0419242142306],[121.4599940867291,25.042036635087396],[121.4606980876156,25.04179483138605],[121.46155299558673,25.041970733468478],[121.46277586664945,25.041590725968735],[121.46420164005225,25.042187393972238],[121.46467286486727,25.042038974934478],[121.46521812901734,25.04146114520748],[121.46534190697214,25.041057990180875],[121.46512363388953,25.04039577073972],[121.46433845601692,25.039442496608654],[121.46336921548966,25.03910982776242],[121.46295645392188,25.038500514980914],[121.46109999671785,25.037190881939296],[121.45829422758474,25.037041762810528],[121.45734566160768,25.037418530814364]]],[[[121.46952959889971,25.044389642051666],[121.46897356325515,25.04586633380444],[121.46933581304506,25.046626860369347],[121.46931380185606,25.047461011323296],[121.47010813607957,25.048095273524],[121.4703113121156,25.048984694140678],[121.47166591832857,25.05010212312783],[121.47274397258592,25.049935458173945],[121.47328893470021,25.048673700434172],[121.47448969487075,25.04867299227908],[121.47570268073089,25.047839198060423],[121.47579444613382,25.047198239034152],[121.47550793739231,25.046676668609166],[121.4750378057058,25.046441283172552],[121.47330835068615,25.04625005339084],[121.47236899226428,25.0457128208692],[121.47197386962115,25.044845916139263],[121.47108737375767,25.044011178288894],[121.4703447765504,25.04394524954148],[121.46952959889971,25.044389642051666]]],[[[121.45899214470077,25.048995030592152],[121.45905396331577,25.05018613030832],[121.45974165159767,25.050838799887785],[121.46096991311431,25.050757294013046],[121.461935409249,25.05161620366895],[121.46250278741806,25.051511559893438],[121.46280577318745,25.05117996169578],[121.46285017567506,25.049319606313578],[121.46237443246238,25.048795195497227],[121.46109390310326,25.049062214763563],[121.46028171398524,25.048656272856377],[121.459514629347,25.048653617018207],[121.45899214470077,25.048995030592152]]],[[[121.455746743083,25.0611377615371],[121.45666931711409,25.06252336373035],[121.45747864852231,25.062917082786093],[121.45842474499183,25.062784224830516],[121.45930719028942,25.062189200871096],[121.4623153074618,25.0627496414708],[121.46272992206438,25.0625410473861],[121.46294964153988,25.06205316799902],[121.46275516188574,25.061184581322184],[121.46246217168267,25.060861651654815],[121.46186709597268,25.060755758051577],[121.46114811241125,25.061071669866664],[121.46054183057387,25.06095788071013],[121.45998655147264,25.060044961607815],[121.45867219942835,25.05983082314145],[121.45825158548466,25.058947660519006],[121.45761495076258,25.058640216875027],[121.45678585826397,25.058947465630844],[121.45665950768026,25.060038628361564],[121.45579645638514,25.06070871183589],[121.455746743083,25.0611377615371]]],[[[121.46179232433,25.092867802179533],[121.46261445105871,25.09318343768311],[121.46376483933835,25.092522187319265],[121.46477095833457,25.09291892868634],[121.46525589053286,25.092873900415725],[121.46598769014238,25.092136885616267],[121.46801444540456,25.091345870791486],[121.46829955196468,25.089887595122892],[121.4679584440653,25.089521736673305],[121.46732423000164,25.089340811386823],[121.46554983835425,25.090104059625773],[121.46346023870042,25.090602215697228],[121.46222042868364,25.09044679331416],[121.46180618819633,25.090832941847523],[121.46153459774457,25.0920901454852],[121.46179232433,25.092867802179533]]],[[[121.45760573053188,25.136913842192037],[121.45854156845118,25.139741183513316],[121.45911269852887,25.139960580485585],[121.45986578576817,25.13975732683009],[121.46058029537761,25.13801973800098],[121.46017049805887,25.137229850040523],[121.4602468191795,25.13607680881909],[121.46000268220072,25.135571662059252],[121.45931199789152,25.13538327486158],[121.45812774594127,25.13578034665887],[121.45760573053188,25.136913842192037]]],[[[121.45672773441915,25.155592414551666],[121.45769070912752,25.156581496280435],[121.45801029809537,25.15748436826324],[121.45872631768829,25.157679634820237],[121.4598694185212,25.156788507265336],[121.46061547804749,25.1565794725038],[121.46107653197235,25.155935113872058],[121.46210249670638,25.155335752500015],[121.46207110768253,25.153294380305642],[121.46150486894713,25.15239592081384],[121.4607089142978,25.15196145117192],[121.46031319593878,25.150612789056844],[121.45988268466462,25.150223605923813],[121.45915157088331,25.150285744464412],[121.45830373407475,25.151040031732627],[121.45851365903704,25.15253671663555],[121.45765713949157,25.154512318859155],[121.45676771257108,25.15516252457634],[121.45672773441915,25.155592414551666]]],[[[121.44136304628181,25.16886199376977],[121.44195015046536,25.170187387015872],[121.44359387293558,25.17069337772173],[121.44439964786524,25.170721541411552],[121.44506214647599,25.16990562517594],[121.44598432851735,25.16945850304159],[121.44603705501004,25.1682144147367],[121.44735862002887,25.16709619714795],[121.44743741900378,25.16626955153653],[121.44699316849726,25.165875909821764],[121.44525575735467,25.165609860525084],[121.44391563737628,25.166807395949128],[121.44285015910157,25.166820948337396],[121.44238570247455,25.167046342742985],[121.44141604999356,25.16796555377111],[121.44136304628181,25.16886199376977]]],[[[121.53433530652127,24.95670295628386],[121.5355733786103,24.957072746849303],[121.53587218074568,24.95741860305646],[121.5363319948326,24.960984375983813],[121.53682834670832,24.96127878085546],[121.53754867017783,24.96121718651126],[121.53825633813018,24.961437089111076],[121.53870721061651,24.961305954472014],[121.53989488863849,24.959400791123144],[121.5398928127681,24.95862979499415],[121.54039536778004,24.957091966479986],[121.54026339843297,24.956399754204895],[121.53957272231793,24.955809336462515],[121.53929966937157,24.955181514231697],[121.53893829378214,24.954923228378874],[121.53770945918622,24.954743862110433],[121.53699840555025,24.954048146199682],[121.5363795011383,24.95405604101641],[121.53597210795665,24.954430392651044],[121.53566142344602,24.95536984067821],[121.53469171960502,24.955577925377902],[121.53426504052133,24.955969984182467],[121.53433530652127,24.95670295628386]]],[[[121.53822617389773,24.968593894440204],[121.53874748550157,24.96938492509824],[121.5401038822715,24.970066373542497],[121.54187436651084,24.969717145462543],[121.5423463442917,24.969067654809],[121.54217941301104,24.968474944901455],[121.5423694543047,24.967672097515813],[121.54207495442891,24.966816844849916],[121.54148804791949,24.966397423599098],[121.54056993141211,24.96655982497688],[121.53896325431279,24.96640974840346],[121.53854482461854,24.96680859954203],[121.53822617389773,24.968593894440204]]],[[[121.53448952738844,24.969333022433958],[121.53412249632804,24.969847112236383],[121.53424303451207,24.97038835635359],[121.53474812432428,24.97069337824039],[121.53542848943374,24.97055499807612],[121.5359587859739,24.969947116647013],[121.53587785853179,24.969282839409995],[121.53521827839036,24.968964511328462],[121.53448952738844,24.969333022433958]]],[[[121.53775347245421,24.982057526399686],[121.53823501652849,24.983100781263264],[121.53805760541377,24.98384506426148],[121.53823097439155,24.984403274211488],[121.53897155549323,24.984892785219216],[121.53931390696711,24.98575906851663],[121.54064034249498,24.986401659847694],[121.54190857836352,24.986326076081887],[121.54284185817784,24.985584097627306],[121.54354974710368,24.984664969557276],[121.54357726352862,24.98380589155753],[121.54327210479468,24.98304158948684],[121.54374933373443,24.982355268883104],[121.54394443874232,24.981433688090373],[121.54297487542716,24.979998490059323],[121.54289331892903,24.979172598722432],[121.54370680790309,24.978043269683656],[121.54387706473112,24.97716189953275],[121.54479789792973,24.975986464554353],[121.54478679490259,24.97519374061958],[121.54522113308363,24.974365202869997],[121.54498702104844,24.97385581276445],[121.54422311241045,24.973536669446723],[121.54382348246062,24.97306821624426],[121.54337544690522,24.971723492985852],[121.54294531323804,24.971334535596693],[121.54247367389213,24.9712984110578],[121.54159437267994,24.971676022337657],[121.54110570199731,24.97248276437531],[121.54043573473508,24.972930998201182],[121.54030811385813,24.974869450278234],[121.53979265424299,24.975614142649615],[121.53991322327353,24.97615538124903],[121.54052729233648,24.976591961072955],[121.54104609607289,24.97772974901537],[121.54157688521994,24.97819938547322],[121.54162017774755,24.97895891738487],[121.54033887460169,24.979686094129203],[121.54001143936479,24.98031844852864],[121.53901827793291,24.9812273690374],[121.53798247543523,24.98155968533891],[121.53775347245421,24.982057526399686]]],[[[121.52483991522641,24.983711915129742],[121.52607601378537,24.984695007471515],[121.52667560741041,24.985414703223],[121.5278160924099,24.985576461736446],[121.52840421476637,24.986414440723372],[121.52919135926851,24.986474095383198],[121.53035631897423,24.985371974624048],[121.53030625467485,24.984868055801524],[121.52985790764534,24.984311404746272],[121.52993051249784,24.983852955846086],[121.53148265981694,24.983409373983225],[121.53180220549953,24.98296976737559],[121.53176378848808,24.982552606308428],[121.53015306630817,24.981484588228344],[121.52943614866601,24.981422805155557],[121.52878352228282,24.98199684720166],[121.52847606363532,24.982695892705422],[121.52735317187154,24.983563913151002],[121.52682566993289,24.983526590543843],[121.52578135713017,24.982863300687423],[121.52516176724949,24.982977907679633],[121.52483991522641,24.983711915129742]]],[[[121.52083850267057,24.99076141758466],[121.52253936312493,24.991134822793903],[121.52308006896172,24.99210462537184],[121.52463176306208,24.992730787676862],[121.5257420061967,24.992047885338952],[121.52745348899194,24.991771475203635],[121.52786774155858,24.99095529340769],[121.52738460671041,24.98996866353466],[121.52549858330883,24.990001861804537],[121.5248931730637,24.989050286561074],[121.52346034427433,24.988307311829004],[121.52290140408992,24.988520628357517],[121.5222873299392,24.989478326498205],[121.52123446690766,24.989555086710073],[121.52073857914378,24.98987180282944],[121.52062787976391,24.990389395227304],[121.52083850267057,24.99076141758466]]],[[[121.51321962565135,24.990864763901982],[121.5138318214814,24.992002267408],[121.51499530611704,24.992071088187956],[121.51557653023514,24.99262060389408],[121.51603143035244,24.99273998818795],[121.51797818642515,24.992449348291444],[121.51895279373203,24.991452298605065],[121.51908377438025,24.9910377091211],[121.51894072258914,24.990639900605334],[121.5182351566723,24.99006790327226],[121.51716874133535,24.990113834567634],[121.51604990148518,24.98940888832602],[121.51526007472503,24.98933751138792],[121.51335924085116,24.990439507183204],[121.51321962565135,24.990864763901982]]],[[[121.50468881082044,24.993498458820856],[121.50433949477508,24.993978772415925],[121.50456092115692,24.994615940646597],[121.50590035416278,24.994894133134988],[121.50660876950681,24.995972273611713],[121.50735210646883,24.99591553430758],[121.50807795573883,24.995195289703624],[121.50789749913224,24.994397770997182],[121.50816091951988,24.993274143449437],[121.50898756891517,24.993064436434196],[121.51052161449151,24.993186587645578],[121.51103857657378,24.992876033920886],[121.51106558821101,24.991790999923232],[121.51165400969947,24.990537407063147],[121.51154106947004,24.990007483589324],[121.51101423271304,24.989305037652137],[121.51046804266252,24.989096210733944],[121.50811092418552,24.990063324284762],[121.50712275721332,24.98964754891959],[121.50654131523282,24.989750463807066],[121.50619757591164,24.990204803944803],[121.50626121921971,24.990892421750363],[121.5059892519247,24.991563094456925],[121.50672680462743,24.992676812835793],[121.50671774317868,24.993149751753027],[121.50608148310864,24.99349655091662],[121.50534824932431,24.993350510260683],[121.50468881082044,24.993498458820856]]],[[[121.4932528661781,25.00344995356005],[121.49375092932672,25.00432251604796],[121.49460198275399,25.00485911360848],[121.49615882121405,25.004937609350108],[121.49691833399102,25.004413999972346],[121.50012664105117,25.003363701249214],[121.50042181301704,25.003026389625408],[121.50047443385765,25.00233011400711],[121.49967684457232,25.000701296239974],[121.49858672041142,24.999677822606493],[121.49683140737345,25.000023450063118],[121.4958450719753,25.00073604188486],[121.49544548017147,25.000653878109873],[121.49486090734277,25.000129551034185],[121.49439009369961,25.000084388329707],[121.49357321241024,25.000590379599192],[121.49358205964572,25.00196633151914],[121.4932528661781,25.00344995356005]]],[[[121.50879820675448,25.00397258364639],[121.50959965586604,25.005321055295713],[121.5104103032535,25.00546269293588],[121.51150010198543,25.005124566316802],[121.51211048345886,25.00438063123355],[121.51311380703783,25.004274021976478],[121.51359372786247,25.003979392839863],[121.51381745117698,25.003304645022688],[121.51440332440939,25.00284258940933],[121.51454294825538,25.002417332110326],[121.51420438919482,25.00134753328432],[121.51333552115628,25.000086056392327],[121.5110704389565,24.999577911739085],[121.51040749996515,24.999889595415134],[121.51028070478236,25.00042924212134],[121.51061394382077,25.00128974276881],[121.51033762130062,25.00234314790163],[121.50985030655846,25.003215462776087],[121.50912136557533,25.003520160334602],[121.50879820675448,25.00397258364639]]],[[[121.48054429952211,25.009269486907442],[121.48116414430986,25.010829766918334],[121.48173667421887,25.011247525992005],[121.48261896928824,25.01116238765745],[121.48376745420182,25.010612354727925],[121.48459970670993,25.010797387585235],[121.48505369566868,25.01067494620735],[121.48558024532863,25.009724865810593],[121.48690298747589,25.0089416400244],[121.48697687920946,25.00796138542341],[121.48752575958947,25.00713834916039],[121.4890355573433,25.007016687132822],[121.49061536205838,25.005564494444712],[121.49164469927427,25.003693733346104],[121.49156398394543,25.003029431588544],[121.49089065671315,25.002706111776096],[121.49024315695497,25.002935701232175],[121.48909802478858,25.004858607185596],[121.48740063246483,25.005979648424805],[121.4858033333602,25.005845941600825],[121.48467801426945,25.00543147375891],[121.4840069238265,25.00555275134424],[121.4837117005254,25.005890031052964],[121.4836364259999,25.0066656049882],[121.48307519949624,25.00718233436855],[121.48276312288046,25.008030454521116],[121.4818694915302,25.0084016962497],[121.48101477030738,25.008460517333088],[121.48066042910435,25.00872743495503],[121.48054429952211,25.009269486907442]]],[[[121.46971709836622,25.014649327669602],[121.46924304486271,25.015733628591914],[121.46958152240983,25.016191771406504],[121.47132489501236,25.016454903084558],[121.4729622054312,25.014931336002505],[121.47434259455645,25.014219805828986],[121.47554191771181,25.014023552277017],[121.47624590949019,25.012771257115865],[121.47624364211448,25.012218917829166],[121.47567897979202,25.011792354176603],[121.47457085009462,25.012034550532423],[121.47358778399158,25.011472071680128],[121.47257438992112,25.011230984358626],[121.47107941515655,25.011707396531712],[121.47019889136095,25.012667182264707],[121.4705459839869,25.013568907369855],[121.4704450907455,25.01415223035515],[121.46971709836622,25.014649327669602]]],[[[121.51229213392266,25.014041724392282],[121.51287995714122,25.015688887901064],[121.51356075786866,25.016167886693733],[121.51427305082237,25.01633142324779],[121.51566386251248,25.01746535710283],[121.51647552490893,25.017155706147385],[121.51701797715114,25.015742998186404],[121.51815642872644,25.01546899956146],[121.51850367111444,25.015001768236978],[121.51838315425091,25.01446051418505],[121.51764599374573,25.013925930510478],[121.51735511100729,25.01298761421144],[121.51651434271167,25.01268599701593],[121.51594635506031,25.01220028967532],[121.5152046898121,25.012072023692987],[121.5143922396886,25.011393143813496],[121.51379825924737,25.011502943004793],[121.511860608879,25.01280867554352],[121.51178528704375,25.01347350111659],[121.51229213392266,25.014041724392282]]],[[[121.48006340307884,25.056439987924563],[121.4808409379319,25.057379273729765],[121.48217496984763,25.057996862232525],[121.48381562890889,25.058301221540574],[121.48541596982332,25.057600638805447],[121.48575308671505,25.057127222255176],[121.48515728280674,25.055719758188353],[121.48388962716997,25.05476163596203],[121.48376056911455,25.053804679013233],[121.4831671713693,25.053373078787057],[121.48177092754791,25.05355951659933],[121.4806924709348,25.05416247519412],[121.48047503301136,25.054545753789426],[121.48054331404646,25.05539581053215],[121.48010825812402,25.055948728509893],[121.48006340307884,25.056439987924563]]],[[[121.48773235420099,25.058980224438354],[121.48753127540981,25.059996067813348],[121.48815680396844,25.06095455793802],[121.48901932015016,25.061382936391055],[121.48966208841348,25.062088857455876],[121.49094408435255,25.062228244418343],[121.49159599757071,25.062685161179104],[121.4923988987852,25.06276009883592],[121.49399630228707,25.061626405435234],[121.49403280837102,25.060763142992382],[121.4936734753672,25.059722420822506],[121.49316811581541,25.059417267202765],[121.49228899366508,25.059609076364694],[121.49181847951,25.059433376030135],[121.49115459311058,25.058455597074595],[121.49110247167322,25.05716864296244],[121.49067219685429,25.056779540922626],[121.48877300377116,25.056968240060364],[121.48768652563501,25.057812302600006],[121.48745652127151,25.058323302312203],[121.48773235420099,25.058980224438354]]],[[[121.4941570508393,25.069399839140416],[121.49483342348044,25.071575536115358],[121.49535830468939,25.072097154328663],[121.49557016628926,25.072810990702443],[121.49608998492059,25.073118030660122],[121.49665743043224,25.073013255632812],[121.49840353740262,25.071927465376103],[121.49904019150776,25.071022751382714],[121.50011963531949,25.071088997229225],[121.50062999791595,25.07076908044886],[121.50071374588607,25.070036106217078],[121.50038504107124,25.069299685660937],[121.50077430963965,25.068592519191352],[121.50073101378375,25.068162895318036],[121.49973071006575,25.06729734465489],[121.49900176652797,25.067028171633126],[121.49885099919085,25.066488406439827],[121.49988648303314,25.06527089950297],[121.50115450736376,25.065251323909806],[121.50150326885307,25.06497867726575],[121.50194326597605,25.06400554647597],[121.50327981878273,25.06373527300826],[121.50363100550359,25.06277241519286],[121.50340669762913,25.062272749577563],[121.5026110041486,25.061897846986355],[121.50076117506562,25.059821172000152],[121.50001700995668,25.059769473643406],[121.49880628987076,25.060867540582237],[121.49792134424827,25.06101416017109],[121.49728705903365,25.06148360618165],[121.49722007471395,25.06242715475901],[121.49680968072738,25.063355275713363],[121.49736872127146,25.064286763623286],[121.49744856832048,25.064993548445017],[121.49821665192826,25.06602489336457],[121.49824066100494,25.066438901094212],[121.4973405141297,25.067269102601703],[121.49438704705648,25.06888882991649],[121.4941570508393,25.069399839140416]]],[[[121.48309054679376,25.0768607635587],[121.48351264603897,25.07725672273572],[121.4854833455142,25.078014383762707],[121.4866135025719,25.077502801560712],[121.48695159844607,25.07690960281263],[121.4865187303636,25.07608471308932],[121.48587352270911,25.07545563913321],[121.48542115508758,25.075327616039893],[121.48347976862887,25.07567525913968],[121.48314816095879,25.076122693502022],[121.48309054679376,25.0768607635587]]],[[[121.46986990789004,25.08614898483456],[121.46964310564026,25.0882009920837],[121.47079276076859,25.088839884261183],[121.47179352248217,25.08824655551467],[121.47290462219446,25.088173872917675],[121.4739380207905,25.086990156519047],[121.47438208172672,25.0870362720003],[121.47502486454053,25.087578947344763],[121.47575433344495,25.087505464304403],[121.47608948361805,25.08704518264694],[121.47602808005738,25.086220892843073],[121.47664467405222,25.085445979906403],[121.47652304922607,25.08469156029377],[121.47677778026457,25.08400652531832],[121.47640406411678,25.08312458735174],[121.47682046233973,25.082641828707473],[121.47756452466245,25.082584797866126],[121.4781024380036,25.08301346530689],[121.47982954780791,25.083709867398255],[121.48059878617296,25.08461143864974],[121.48157205020695,25.084457546942364],[121.48191787001694,25.083952652350796],[121.48198002870032,25.082361113013235],[121.48281065560649,25.081534247929937],[121.48235946415261,25.08041546999934],[121.48301713814072,25.079487566960008],[121.48293641215679,25.078823267313975],[121.48145570449925,25.078137579591473],[121.48047601957892,25.078376995593604],[121.47949115415919,25.078128789575892],[121.47898238195766,25.078428566692565],[121.47854581139774,25.079247937291644],[121.47729678481667,25.07935384074991],[121.47607993123182,25.080763867728216],[121.47522565305073,25.081376420197213],[121.47510719864866,25.08241553318759],[121.47343894292837,25.08428471254637],[121.47316458155936,25.08486612620924],[121.47235841490622,25.085372870368502],[121.47142566973348,25.08515951946899],[121.47095973790125,25.085289851964024],[121.46986990789004,25.08614898483456]]]]},"properties":{"city":"newtaipei","minutes":5,"minutes_label":"5分鐘"}}]}