{"type":"FeatureCollection","features":[{"type":"Feature","geometry":{"type":"MultiPolygon","coordinates":[[[[121.48906889083423,25.00813402915891],[121.48494266992728,25.011227115389012],[121.48347055978219,25.012873624023616],[121.48287430301762,25.013787479431368],[121.4819900493701,25.015752478184126],[121.48168459897269,25.016948253106648],[121.48062890477986,25.01877006487503],[121.47917938814498,25.022236041876532],[121.47844854458485,25.023559911504037],[121.47777979736462,25.025594404771905],[121.47755950804124,25.027708677704503],[121.47763662283658,25.02886480923937],[121.47708221746072,25.031226576098778],[121.47709043053366,25.033350339927964],[121.47726572384285,25.034401445323734],[121.47795027328284,25.036431584818068],[121.4784529416317,25.037391066015434],[121.4802463341417,25.04022111598272],[121.48094484355225,25.041072806196286],[121.48259912624313,25.04256918605078],[121.48353896773953,25.043199462105825],[121.4855988776975,25.044193889228488],[121.48764429996399,25.044760854816715],[121.48889165511281,25.045509246998265],[121.49054941021531,25.047009578809327],[121.49156507791271,25.047680824382507],[121.49209964682389,25.049172632323458],[121.4932061301597,25.051041971119307],[121.4952425276353,25.053130148350704],[121.4954640751921,25.05555289261849],[121.49609477281858,25.05744634755935],[121.49658153082716,25.059933307579538],[121.49748169846558,25.061892409690817],[121.49918915768481,25.064057849605582],[121.49893564919815,25.06811044855462],[121.49909576700534,25.06976217027945],[121.49890530338872,25.071690451520606],[121.49930740078715,25.07439379302072],[121.49829476025417,25.075574752253775],[121.49720310004597,25.07745141399935],[121.49681387245754,25.07845373614196],[121.49638124020746,25.080450639848788],[121.49341719234631,25.0824977526713],[121.49160075123864,25.08434284455386],[121.48885719695345,25.08641749700168],[121.48635125291119,25.089081046052765],[121.48307716936246,25.091867173881027],[121.48202928653069,25.092987677745292],[121.47938652282795,25.0949838011255],[121.47512213418506,25.09501236893662],[121.47192802467626,25.09545202567422],[121.46793869524403,25.096585544593818],[121.46588562306164,25.09759314674869],[121.46385384417711,25.0991828013504],[121.46253518869025,25.099773262275104],[121.46060035786577,25.100959188645152],[121.45895674968246,25.102466018496717],[121.45826439922038,25.103322103453767],[121.45717188447237,25.105198476201114],[121.45650236419327,25.10723286278971],[121.45628158730945,25.109347088340378],[121.45636213957351,25.11052464974037],[121.45506092159161,25.112070695915808],[121.45309620874508,25.113795671828594],[121.45180678536495,25.115565458154514],[121.45092133003298,25.11753026263878],[121.45047388712672,25.11961458603846],[121.45048167333765,25.12173833259994],[121.45094441273969,25.12381988754024],[121.45184434384667,25.125779253515418],[121.45268395657176,25.126976835504447],[121.452751021255,25.12875852210917],[121.45321382744248,25.130840067093835],[121.45436361027814,25.133175869414256],[121.45509069583994,25.135459979208974],[121.45619742100628,25.13732956926267],[121.45815628547602,25.139751433253725],[121.45981164374764,25.14124803218133],[121.46095192379288,25.141986593833177],[121.46210866875339,25.143312969449415],[121.4628332056703,25.144830033886873],[121.46413612358089,25.146591799694463],[121.46579164731212,25.14808832806765],[121.46673222067348,25.148718691146385],[121.46879378186397,25.14971331362987],[121.4698949123404,25.15006799213625],[121.4721849411727,25.15047503386201],[121.47335177979224,25.150523476131738],[121.47567301253781,25.150307874964252],[121.47860680434799,25.149378610657735],[121.48029420789219,25.151317936490493],[121.48210315759572,25.152659355329426],[121.48416490637186,25.15365376052369],[121.4858188575863,25.154132414949014],[121.48811517368397,25.15528387478818],[121.48980636203613,25.15577083480649],[121.48913703267728,25.15780552866436],[121.48891674303094,25.1599197815412],[121.48915389030218,25.162032523061228],[121.48983938384207,25.164062559295445],[121.49094689962402,25.165931870929274],[121.49243388895017,25.167568612437762],[121.49424321166588,25.168909874427765],[121.49630533141013,25.169904102784944],[121.49854098863464,25.17051308141911],[121.50086424855058,25.170713402175778],[121.50318580656106,25.170497365229096],[121.50541642369458,25.169873275227687],[121.50747035948277,25.168865121775102],[121.50926866982871,25.167511656581244],[121.51074224268702,25.165864902893336],[121.51180746856623,25.16404059598178],[121.51388860342479,25.162531398937507],[121.515526560393,25.160632626558918],[121.51690880031398,25.160835299478055],[121.51918765955936,25.160850613128655],[121.5202541453343,25.163054070003312],[121.52150403028506,25.165054158976695],[121.52326244354876,25.167268148817637],[121.52249481318464,25.169005893549926],[121.52204841810918,25.17109040304907],[121.52205746249679,25.173214112235293],[121.52230841479783,25.174533384391253],[121.5207377744876,25.17598007143179],[121.52004545492382,25.176836436386765],[121.51895325916432,25.178713241749957],[121.51828438930397,25.180747877946786],[121.51811740716293,25.181800105962928],[121.51812638780312,25.183923813404828],[121.51859052498835,25.18600511861841],[121.51898837927239,25.18700472568139],[121.52009654949426,25.188873803220396],[121.52158420681529,25.190510236317586],[121.52245299225444,25.191221137620783],[121.52439872106109,25.192394137302323],[121.5265585999666,25.193199183025097],[121.5276931380882,25.19345346404124],[121.53001687262035,25.19365331879084],[121.53233880431966,25.19343681900475],[121.53347110523045,25.193174416329047],[121.53562394600372,25.192353919845665],[121.5375594581137,25.19116701691172],[121.53894708325618,25.189918579246765],[121.54064431849922,25.190353648287033],[121.54319725981202,25.190542208379142],[121.54551109809091,25.190955435550656],[121.54794666743472,25.19093271943608],[121.55084485096963,25.193182547417514],[121.55279087577124,25.19435516830254],[121.55495096782569,25.19515979555347],[121.5572420990244,25.195565500738024],[121.55957620062964,25.19555668927711],[121.56186355103607,25.195133700278227],[121.56401622728576,25.194312793429386],[121.56625025295894,25.192877051153534],[121.56886045414431,25.194236199156016],[121.56996226204707,25.194590119863882],[121.57225342740556,25.194995591882325],[121.57342071415586,25.19504323737889],[121.57574258132003,25.194826057172595],[121.57687479511155,25.194563323675144],[121.579027356144,25.19374220024537],[121.58127246801823,25.19239472059958],[121.58213481899915,25.191677367493273],[121.58347195338015,25.190197939991336],[121.58551764861139,25.18941195218317],[121.58651719640179,25.18886142905999],[121.58745261758087,25.18822440523121],[121.58909574742542,25.18671617416722],[121.59038389425827,25.184945229926253],[121.59126756488683,25.182979638368607],[121.59171281734852,25.180894943105418],[121.59170256268956,25.17877126133061],[121.59123721835601,25.176690204427093],[121.59083881395524,25.175690799846866],[121.58972969909354,25.173822265374504],[121.58804135259172,25.17198653706969],[121.58717233334242,25.171276023224998],[121.58522842448464,25.17010496505311],[121.58566153477402,25.16806545252448],[121.58565139087911,25.165941764754045],[121.58518620231577,25.163860682501507],[121.58428386733236,25.161902176121043],[121.58297907818958,25.16014150216843],[121.58132198551853,25.15864631251387],[121.57937626979711,25.157474056016465],[121.57688914296237,25.156596451278883],[121.57649562012853,25.154941357031348],[121.57552767584109,25.152883808492323],[121.57686413665412,25.15307567348494],[121.57919742133052,25.15306656674073],[121.58035208995402,25.152906050413023],[121.58258197247568,25.152280808472995],[121.5836357065695,25.151822105857736],[121.58557010898119,25.150634587864563],[121.58758844198115,25.14866110132655],[121.58880821075802,25.14860647981267],[121.59109457812903,25.14818305378725],[121.59324623188792,25.147361734860205],[121.59488008242339,25.146378750504013],[121.59780345065016,25.146185755480293],[121.6000331170929,25.145560254083666],[121.60208584483051,25.144550805519398],[121.6030208500411,25.143913687209018],[121.60466320295996,25.142405288814967],[121.60595067079764,25.140634211309315],[121.60683408536296,25.138667418255753],[121.60829503192772,25.136330983849447],[121.60896217360445,25.134295959549927],[121.60912831828509,25.133243637269192],[121.60911778458879,25.131119948625845],[121.60865234485522,25.129038935255508],[121.60774990693459,25.12708056485286],[121.60644516699406,25.12532008874562],[121.60446923362724,25.12361174606225],[121.6045468540958,25.12093032959027],[121.60437033865803,25.119879407488526],[121.60368322396342,25.117849917525223],[121.60317924679939,25.116890893185154],[121.60187468293796,25.115130371202188],[121.59999438123164,25.11348578563095],[121.60248879791622,25.11205378709912],[121.60335046798606,25.111336315321278],[121.60482210088509,25.10968864731942],[121.60591237856782,25.107811225397125],[121.60630079914621,25.106808634835367],[121.60673447361712,25.10479403019899],[121.60910915897463,25.106317246415333],[121.61126804041471,25.107121083162145],[121.61240194065836,25.10737472927444],[121.61472415183299,25.10757328395135],[121.6158900927892,25.10751627994426],[121.61817559579194,25.107092449830663],[121.62032634608406,25.10627075011807],[121.62225967557619,25.105082766018477],[121.62390127924618,25.103574160931338],[121.62528827787753,25.101607666714354],[121.62742521551735,25.100569730824215],[121.6292211885348,25.099214839038943],[121.63000121619716,25.098423786931107],[121.63128786759574,25.09665249473163],[121.63178210259645,25.095689315534152],[121.63244864791439,25.093654186171133],[121.6326145440309,25.092601836761844],[121.63260362435683,25.09047814595584],[121.63213795856035,25.088397199656267],[121.63155890576661,25.087054280720945],[121.63277041045993,25.085903641296255],[121.63405689473771,25.084132325448298],[121.63493917213616,25.082166473955116],[121.63530746416178,25.080783987463903],[121.63552511771117,25.07866954203213],[121.63546235839654,25.077607940553],[121.63499669831444,25.0755269996308],[121.63337417490354,25.072218827475375],[121.63206967349743,25.070458559690667],[121.63093967885274,25.0693944180561],[121.63017600386064,25.066497378629037],[121.62950799749048,25.06498493463605],[121.6303291544257,25.063519497490052],[121.63099556226732,25.061484368818014],[121.63116143397488,25.06043201710438],[121.63115055528985,25.058308316498767],[121.63068504839919,25.056227353821605],[121.62983563710955,25.05436959813602],[121.6293346698224,25.051687462627285],[121.62858245607526,25.050014573738725],[121.62980605814933,25.04852156613872],[121.63176769008956,25.0470748135049],[121.63323818799513,25.045426871614644],[121.635517338661,25.041549159749035],[121.63618355008562,25.039514005831634],[121.6364011324846,25.03739954917028],[121.63633839508877,25.036337941933517],[121.63592670998625,25.034448902557372],[121.63618063173409,25.032199576558604],[121.6359412623986,25.030087073921294],[121.63557047972274,25.028851401086033],[121.63615236376492,25.02703403478046],[121.63631815194437,25.025981674235936],[121.63630720154708,25.023857965908388],[121.6356070357787,25.021188023876796],[121.63527472775947,25.019179303772418],[121.63532927521462,25.018099671058177],[121.63508995350348,25.015987162241284],[121.6344029550259,25.01395778480826],[121.633899184775,25.01299884782749],[121.63259532233698,25.011238558566546],[121.6309396845591,25.009743866644257],[121.62899589595517,25.008572201863302],[121.62683864571213,25.007768581275265],[121.62455081887619,25.007363880624993],[121.62222031369423,25.007373648868526],[121.61993666702753,25.007797511161563],[121.61778761702078,25.008619183181782],[121.61585573458673,25.009807096247123],[121.61374482642641,25.011734565894784],[121.6122744547585,25.01338231962028],[121.6111850777787,25.015259794410934],[121.61079696885177,25.01626240384864],[121.61035257417838,25.0183471852972],[121.61036212548986,25.020454772674054],[121.60935643805044,25.018781080035136],[121.60865718420966,25.017930003950596],[121.60700173848207,25.016435042984067],[121.60598134732408,25.015762225115054],[121.60511050616205,25.013880849452914],[121.6039346191851,25.012275600372032],[121.60600403470288,25.01012879578235],[121.6065993527935,25.009214462326923],[121.6074815633553,25.007248756088803],[121.60775996392276,25.006216315893223],[121.6079779887622,25.004101883194338],[121.60791551911474,25.003040254214184],[121.60745063243418,25.0009591918941],[121.60558907570359,24.99705083110515],[121.60428578458655,24.995290278968458],[121.60263070030098,24.99379525812156],[121.6003050165303,24.992460256329796],[121.59916173626189,24.991412762122927],[121.59974814499853,24.988176169208383],[121.60045132062042,24.98689189935517],[121.60092756238222,24.985562483325953],[121.602426984594,24.983574818104497],[121.60344375063491,24.98110971097021],[121.60673779473163,24.98122657589758],[121.61081106061653,24.980745821386606],[121.61303768312357,24.980120168284834],[121.61408984150073,24.979661268460465],[121.61602127689032,24.978473382240953],[121.61688195104854,24.977755838314007],[121.61835184731578,24.976108040501703],[121.6194407828118,24.974230512109095],[121.61982869695947,24.97322787836396],[121.62027278643336,24.97114306221333],[121.62026213876565,24.969019331682002],[121.62008573683467,24.96796840529912],[121.61939926844116,24.965938935588316],[121.61889581780534,24.96497993559423],[121.61759268836805,24.963219489602483],[121.6168055614876,24.962434995190616],[121.61499801369594,24.961095159809197],[121.61293849911834,24.960102507588953],[121.61070615033948,24.959495177293594],[121.60838673568998,24.959296502982166],[121.60684964534092,24.959405352688496],[121.6056559838078,24.95812560956879],[121.60384861762464,24.95678563460786],[121.60178926144717,24.955792824588578],[121.59955704178617,24.955185324334956],[121.5972377220217,24.954986474430417],[121.59492040954166,24.95520391505936],[121.5926941348582,24.955829292627914],[121.59019278764107,24.957146731411676],[121.58866679499329,24.956253626223145],[121.58651071400482,24.95544939340395],[121.58422397694792,24.955044049436882],[121.58189444026706,24.955053167976892],[121.5796116036686,24.955476399112044],[121.57851526949908,24.955838834145144],[121.57646544825157,24.95684792889642],[121.57486759311543,24.958038287527778],[121.57150175826604,24.956453695701395],[121.56926966534576,24.955845739102475],[121.56811538810611,24.95569414566577],[121.56578583259204,24.955703012504877],[121.56463298336985,24.95586338751329],[121.56240653412283,24.956488315274317],[121.5603565661968,24.957497190752267],[121.55856184640977,24.958851252301244],[121.55709134094984,24.960498474337065],[121.5564958791936,24.96141261805079],[121.55561316271226,24.963378042737112],[121.5551680044557,24.96546268739051],[121.5551775331837,24.967586443799533],[121.55559362592565,24.96949678996958],[121.55328366362258,24.96971321439015],[121.55215345220273,24.969975740783234],[121.55000458249879,24.970796434256144],[121.54596266347639,24.973413367576637],[121.54432178540499,24.974921123924563],[121.54320879633494,24.97642512846031],[121.54075497856623,24.97735608474674],[121.53942430045133,24.97813301272648],[121.53721443899603,24.97854538459359],[121.53506531805043,24.97936586566271],[121.53313306893963,24.98055271514385],[121.53149193862353,24.98206033282268],[121.53020499541857,24.983830792154187],[121.52858356246273,24.98716185505969],[121.52712168612874,24.988520071994657],[121.52583461416548,24.99029049413533],[121.52495120984472,24.992255741008414],[121.52450543867187,24.994340296282406],[121.52445270505945,24.995402377606936],[121.52468052483134,24.997758413472493],[121.52371141842266,25.001087978297765],[121.52354469663973,25.00214023312035],[121.5235379053437,25.003992448467745],[121.52107518204699,25.004885368819235],[121.51914240078337,25.006072041276184],[121.51828095354314,25.006789030339263],[121.51680934592542,25.00843586217454],[121.515546129968,25.010757084631834],[121.51444038082354,25.012010347410868],[121.51343481288714,25.012749324468107],[121.51189521398344,25.011846422788366],[121.50834879223531,25.010255561541147],[121.50611601418052,25.009646673089726],[121.50445670503967,25.009473723823678],[121.50265875295757,25.008139986966775],[121.50059931702604,25.00714578432553],[121.49836663150468,25.006536777800893],[121.49683198870348,25.006334644119086],[121.49450145199633,25.006342410808237],[121.4933480285646,25.006502241746503],[121.49112029121602,25.007126119492106],[121.48906889083423,25.00813402915891]],[[121.57476684187863,25.09673557702456],[121.575589101727,25.09647335768055],[121.5760322359981,25.097349994847402],[121.57476684187863,25.09673557702456]]],[[[121.66787312399408,25.015060812308228],[121.66571552007005,25.014257763834387],[121.66342745958626,25.013853666655603],[121.66109684974492,25.01386404656718],[121.65810375454275,25.014195134441152],[121.6558767663442,25.014821466895583],[121.65362769913966,25.015967425353622],[121.65147465737866,25.016790533601036],[121.6487068688413,25.01821139477538],[121.64691227487691,25.01956650928082],[121.64544226287909,25.021214582423294],[121.64435332981742,25.023092289741353],[121.64368733625287,25.025127480310545],[121.64346989561196,25.02724194819695],[121.64370938688535,25.0293544370595],[121.64439662914725,25.031383762559432],[121.64550523093324,25.03325193261935],[121.64620482416072,25.03410282692965],[121.64786097664265,25.03559733378182],[121.64880158605875,25.036226550777087],[121.65086266088778,25.037218665590732],[121.6530966066176,25.037825355264687],[121.65541755427463,25.038023299755583],[121.65773628825168,25.037804890700563],[121.65922725054675,25.03742227531516],[121.66041398346394,25.037812185111857],[121.66270248148393,25.03821631844761],[121.6638682969646,25.038263280927236],[121.66618701721522,25.038044740215383],[121.66731758572313,25.03778134234744],[121.66946679174582,25.036958953892004],[121.67046472721802,25.036407885318358],[121.67225929586,25.035052489768933],[121.67372910338602,25.033404158420247],[121.67432402128688,25.03248956442853],[121.67520530092399,25.03052348077654],[121.67564863416037,25.028438530063294],[121.6757000736148,25.027376424450836],[121.6754600405836,25.02526399776624],[121.67477232755864,25.023234824045446],[121.67217323814157,25.01857697665323],[121.6706857419675,25.016942014935108],[121.66981737275677,25.016231958296125],[121.66787312399408,25.015060812308228]]]]},"properties":{"city":"taipei","minutes":15,"minutes_label":"15分鐘"}},{"type":"Feature","geometry":{"type":"MultiPolygon","coordinates":[[[[121.48962081818338,25.01250162434805],[121.48775499738144,25.013771466081064],[121.48637610716777,25.01547840393304],[121.48578663747179,25.016788416845266],[121.48548178174357,25.0183217320706],[121.48429585648142,25.020140135179236],[121.48335575564863,25.022160091043354],[121.48289418197223,25.023615949780886],[121.48211561632179,25.024930032944955],[121.48155841601536,25.02698784587217],[121.48172062037278,25.029247021656552],[121.48132588016024,25.03017820403564],[121.48102812502104,25.031567822508077],[121.48115052948596,25.033684397825052],[121.48194205908457,25.035677458202844],[121.48353433102443,25.03820414900206],[121.48452453821893,25.039295396511985],[121.48639816538605,25.040551872659982],[121.48783613199568,25.041088983533797],[121.48934383702722,25.041357860473088],[121.49039958128982,25.042129806986583],[121.49151598787365,25.042683050252503],[121.49305305344829,25.04420976070423],[121.49500433432732,25.045271992010733],[121.49549171810132,25.047112045322965],[121.49649419512617,25.049024719076307],[121.49806303043198,25.05058992525114],[121.49949668110503,25.05143113675561],[121.49922668627049,25.0527188135215],[121.49923242128675,25.054134647363266],[121.49954127732029,25.05552225650137],[121.50002926383188,25.056614405940877],[121.50037108745934,25.05887230089109],[121.50137373866595,25.06078493604343],[121.50236428670658,25.06187605612063],[121.50332246005644,25.062604578453406],[121.50290043565766,25.06809707157287],[121.50314211202247,25.06980466373333],[121.50287020511817,25.071677073567365],[121.5032202273069,25.07377245569735],[121.50385945754134,25.07513722833088],[121.50206100396608,25.076999055356666],[121.50087198647115,25.07882103488715],[121.50031487350977,25.080878902240674],[121.50032023277981,25.082702282872653],[121.4990555427208,25.083193081239585],[121.49680609050158,25.08456398218726],[121.4944266860884,25.08691654572687],[121.49167134826473,25.088961720689976],[121.49048449879047,25.090373325583208],[121.48701999656994,25.0935567703271],[121.48589132983638,25.094411505264333],[121.48483313952573,25.095625817087225],[121.48214619940941,25.09757349053134],[121.4809797106383,25.09866598043485],[121.47552473076072,25.098604915796795],[121.47271530274593,25.09899135697373],[121.46946904593953,25.099917048215648],[121.46747671047882,25.10101298555519],[121.46621337297496,25.102224925757564],[121.46441669415981,25.102952201477184],[121.46312679050251,25.103742838152602],[121.46156949287753,25.10531814470131],[121.46058143418522,25.10723722881534],[121.46028327308133,25.108626797406096],[121.46028857417593,25.11004262867765],[121.46075019489267,25.111815620792346],[121.45949155179186,25.112750512096508],[121.45806101073818,25.114554618696193],[121.45669153570171,25.115550407884143],[121.45570906300931,25.116647895472603],[121.45472082408702,25.118566940189453],[121.45442257121569,25.11995649620016],[121.45454463292074,25.122073073658424],[121.4550010898635,25.123426553290702],[121.4557388275991,25.12467295117461],[121.45682579484706,25.125843279774966],[121.45662655435521,25.127444654518815],[121.45681421849287,25.129093197302833],[121.45727072772533,25.13044666794861],[121.4581700761472,25.1318899375967],[121.45875054822203,25.13406674227914],[121.45948838944497,25.13531311827527],[121.46121430525312,25.137451017692168],[121.46231787641368,25.138448729934076],[121.46382591322117,25.139321666296212],[121.464744285694,25.14059116179829],[121.46560874186203,25.141392891164323],[121.4663255689562,25.143116770575123],[121.46719419737126,25.144291261979898],[121.46829787882474,25.14528892717929],[121.46959419922221,25.146071421818814],[121.47178933558561,25.14677848281175],[121.47333785050533,25.14691231918871],[121.47488529453354,25.14676858984735],[121.4763721901417,25.146352819311613],[121.47774138827828,25.145680988141997],[121.47894026586741,25.14477891839518],[121.47975916551846,25.143883549767033],[121.48077844807825,25.144224432039348],[121.48136034981496,25.14641785791952],[121.4825645911901,25.14823188848749],[121.48366843157459,25.149229436274442],[121.48496488966252,25.150011793921177],[121.48640413910319,25.150548891645865],[121.48750128613341,25.150763531416146],[121.48891504908038,25.15164188924534],[121.49111039186481,25.152348660224618],[121.49339117421079,25.15262010713248],[121.49494671297768,25.15261491684967],[121.49822781251112,25.15190805963029],[121.49772963376788,25.153229243141013],[121.49576320827268,25.15431404227838],[121.49420570568131,25.15588968437676],[121.49321776806447,25.157808971512893],[121.49288449816316,25.15990662733845],[121.49323462976099,25.162002006961675],[121.49423804209596,25.163914652673313],[121.49580834293806,25.16547983653312],[121.49781030155688,25.16656275073257],[121.4993007011803,25.16696872585968],[121.50162721429885,25.167064859026265],[121.50315190813407,25.16678346993193],[121.50525346394643,25.165870117265293],[121.50645232971898,25.16496782731406],[121.50743472162479,25.163870011361016],[121.50816288917035,25.1626188623742],[121.50853082455579,25.161550587358413],[121.51049724929508,25.160465619626528],[121.51159307295143,25.159460693675854],[121.51278268777986,25.157638638151592],[121.5132492228621,25.1561521912556],[121.51651181017918,25.157138894278233],[121.52043780760393,25.15727129886756],[121.52160127566914,25.157570147082662],[121.52286525289584,25.15924216196106],[121.52374619567215,25.16133946117655],[121.5253990922161,25.16394602163564],[121.5269697849111,25.16551086867005],[121.52884806821727,25.16654054857407],[121.52728399026844,25.168121196451256],[121.52655598805688,25.169372435967496],[121.52611019377828,25.17072888316712],[121.52600500074196,25.17284617973943],[121.52631448219238,25.17423370141294],[121.52675326098114,25.17523061928575],[121.52643948108359,25.17636032265034],[121.5249109377378,25.17725509123271],[121.52335352972977,25.178831033817204],[121.5223658740545,25.1807505052865],[121.5220682515467,25.18214017649962],[121.52219156084793,25.18425666173431],[121.52298476794911,25.186249437130634],[121.5243795881858,25.187946876020444],[121.52625590964259,25.189202781317505],[121.52769579580652,25.18973946465927],[121.52922309258796,25.190010222497715],[121.53077909712523,25.190004648171097],[121.53303636836033,25.189481543510727],[121.5344057232682,25.18880918945078],[121.53560459095326,25.187906665971866],[121.53658689784149,25.18680866114574],[121.5375278296373,25.185008976619716],[121.53920668159286,25.186103096397204],[121.5414029209136,25.18680910370691],[121.54376543918853,25.186899628059056],[121.5451131313156,25.18725913781887],[121.54666222372515,25.18739219706439],[121.54821007708719,25.18724769525617],[121.54951001674446,25.186892913097815],[121.55079069254182,25.188417855507325],[121.55335001477155,25.190381739801936],[121.5553528777086,25.191463856982036],[121.55684376101283,25.191869243120077],[121.55839292205593,25.192002178241516],[121.5599408171998,25.19185755302934],[121.5614279515642,25.191440926469568],[121.56279716692606,25.190768312051826],[121.56399583956994,25.189865561958566],[121.56497790343107,25.188767372972613],[121.5659744409221,25.186812518704215],[121.5667892045706,25.188247847821348],[121.56778137601663,25.189338485135334],[121.56898834177603,25.190232032916747],[121.57036371652343,25.190894148108327],[121.57185463936638,25.191299382251273],[121.57340380617521,25.19143216002574],[121.57495167308919,25.191287378167225],[121.57714147166973,25.190564827292974],[121.57931642902054,25.189134968298617],[121.58029834763295,25.18803668002812],[121.5808986142431,25.18703283025991],[121.5821967380133,25.186782124270408],[121.58363166665067,25.18623466193699],[121.58492162969819,25.185442983215662],[121.58601705089704,25.184437516257365],[121.58687583412149,25.18325690524179],[121.5874649810636,25.18194652459511],[121.58776185869182,25.18055673463571],[121.58763742295895,25.178440322492047],[121.58717929432846,25.17708728915561],[121.58643990867543,25.175841581981036],[121.58466833622992,25.17407739018489],[121.58337100223241,25.173295923038925],[121.58193107820385,25.1727597811386],[121.58040389206919,25.17248956499301],[121.57902229989521,25.172487187004677],[121.57996617652843,25.171607791318316],[121.58082493157714,25.17042721394689],[121.58160005678322,25.168428602075828],[121.58170428661705,25.166311281340043],[121.58112867885313,25.164257594735993],[121.57992283401255,25.162444396542018],[121.57819061383773,25.161027824389546],[121.57608119167435,25.160129857439482],[121.57455417504255,25.159859577462488],[121.57307117823962,25.159862076872788],[121.57312381867249,25.158071746462927],[121.57270381433233,25.156004334115078],[121.57169925629688,25.15409223741083],[121.57070734242026,25.153001616805746],[121.56970163357991,25.15224249049745],[121.56978419507178,25.150516983098136],[121.57110472088235,25.149358198769846],[121.57220664121074,25.14770439226235],[121.57255601205783,25.147551623061318],[121.5742696176908,25.14867395674045],[121.57570922479432,25.14921018051315],[121.57723611065776,25.149480451272545],[121.5795613455915,25.149367373658666],[121.5810478967801,25.14895055784771],[121.58303995753128,25.14785310488864],[121.58459620035879,25.146276547907185],[121.58542118911521,25.14477300165273],[121.5876245718433,25.14505218702142],[121.5891718344706,25.14490726636063],[121.59136072236497,25.14418451703596],[121.59265019767322,25.14339277541625],[121.59355598149946,25.14257896241585],[121.59468716698024,25.14276052612529],[121.5962425545058,25.142754274244535],[121.59776671007954,25.142471919039938],[121.59920105179674,25.141924313253348],[121.60049045159457,25.141132504512978],[121.60204638290952,25.13955576844549],[121.60277343683939,25.138304169514733],[121.60319625060538,25.13702906294772],[121.60389625871268,25.136215689839915],[121.60462327456442,25.134964081989114],[121.60517885946726,25.13290586386503],[121.60505419016587,25.13078945745643],[121.60459606023095,25.129436469602666],[121.6038567975251,25.128190839384168],[121.60228562951312,25.126626808672786],[121.60098869501039,25.125845483735638],[121.59974537157987,25.125372488644608],[121.60049737971418,25.123417664507986],[121.60060126214097,25.121300324332903],[121.60029109023111,25.11991296043508],[121.59928641421692,25.118001043949636],[121.5977154365168,25.116436959164734],[121.59571345101547,25.115355388813843],[121.5934528504841,25.114849463966788],[121.59150935561861,25.114870510078024],[121.59046643925569,25.112821432183434],[121.58947470268086,25.11173092817057],[121.58853591868416,25.111016548629635],[121.59073198272061,25.111094344685643],[121.5927350092482,25.110653758608592],[121.59493494779586,25.110932210710924],[121.59648177123344,25.11078722108036],[121.59867001019164,25.110064372424898],[121.59995908370732,25.109272571040965],[121.60105371331825,25.108266997296347],[121.60191183332596,25.107086299458302],[121.6026862357749,25.10508757387578],[121.60283173567748,25.10367797251351],[121.6024799264183,25.101582864820454],[121.60187850384277,25.100277251693885],[121.60048364895421,25.09858052385007],[121.59860799239706,25.097325532451663],[121.59687174136384,25.09672300672558],[121.59685390813735,25.094937836547732],[121.59891763963587,25.095380583174606],[121.60047242636196,25.095374297937585],[121.60373607456971,25.09467187982355],[121.60583563000962,25.093757126464137],[121.60703304714242,25.092854039323832],[121.60801396294252,25.091755571865363],[121.60874068368358,25.090503942070786],[121.60912566765437,25.089368225746828],[121.61025867299867,25.088662242251534],[121.6113530370647,25.087656594736487],[121.61221091754693,25.08647583860978],[121.61279006116658,25.08518934004636],[121.61632929241608,25.08555650750016],[121.61443642707974,25.08708380101327],[121.61357856414205,25.0882645695871],[121.61295831083439,25.089692985602696],[121.61089959627058,25.09038603074878],[121.60961079055652,25.0911779242016],[121.6085163812898,25.09218355924936],[121.60765842631088,25.093364294527582],[121.60688417478386,25.095363046321275],[121.60673872911018,25.09677265217796],[121.60689807851382,25.09818101095089],[121.60735610936746,25.099533999068154],[121.6085617160856,25.101346993249123],[121.60966613094999,25.102343598555503],[121.61096286753609,25.103124853658922],[121.61240208874254,25.103660731176014],[121.61392847857404,25.103930634527334],[121.61625280567428,25.10381699715148],[121.61773867640238,25.1033998233287],[121.6197296688365,25.10230189039132],[121.62128486833055,25.100724958131615],[121.62230215388055,25.098686915042197],[121.62383886886523,25.098249697859494],[121.6252067014469,25.09757652367801],[121.62640400929203,25.096673282641213],[121.6277818169319,25.094965081593237],[121.62855572402806,25.092966227176408],[121.62870091571031,25.09155660408685],[121.62854132756013,25.09014827210257],[121.62774707413396,25.088156055844482],[121.62687733904805,25.0869825160658],[121.62578218215117,25.085993603943038],[121.62797636867143,25.085056457006573],[121.6296934935871,25.083625827569453],[121.63088062686006,25.081802850496764],[121.63141493490426,25.080096094649992],[121.6315182651229,25.077978731407143],[121.63094227639162,25.07592522180588],[121.62948303732458,25.073329745023557],[121.62849128717201,25.072239496587365],[121.62719129868955,25.07129574797671],[121.62704008221522,25.07002837096549],[121.62638740342469,25.067561681325227],[121.62542587409341,25.06553617798885],[121.62478604822607,25.064642038383067],[121.6259329807854,25.063404806440637],[121.62665935663536,25.062153090849918],[121.62710366699612,25.06079634878994],[121.62724884602574,25.059386721462594],[121.62689676641644,25.05729166474065],[121.62587362247234,25.055357294544066],[121.62585678283315,25.0541390586514],[121.62554651400956,25.052751737261232],[121.62494509935756,25.05144620918001],[121.62411351123357,25.050318690055224],[121.62462854686281,25.04938321137511],[121.62503572912763,25.048164119997615],[121.6259315107462,25.047266043406637],[121.62688841469176,25.045891359023333],[121.62837763915168,25.04501167607015],[121.62993201946131,25.043434657261834],[121.6318481462418,25.040182865614575],[121.6322923256193,25.03882610670579],[121.63239562286856,25.03670873213086],[121.63178228144572,25.03458374871253],[121.6321825480118,25.03292455504925],[121.63217529276308,25.031508749751346],[121.63186501608486,25.03012143763302],[121.6312553000546,25.02880336899933],[121.63181739674432,25.027702886154007],[121.63226153476724,25.026346125947303],[121.63236482715757,25.024228748054938],[121.63205456859798,25.022841434664695],[121.63166730376936,25.02194339285537],[121.63151690736366,25.02034818888112],[121.63123579518151,25.019439136956702],[121.63132439997048,25.017408810920873],[121.63074872115769,25.015355278331697],[121.63000990816887,25.014109751265988],[121.62901864197555,25.01301948851227],[121.62781301807809,25.012126383687676],[121.62643936560846,25.011464753836265],[121.62418056505908,25.01095925598185],[121.62262684973179,25.010965769206223],[121.62110437738058,25.011248352797015],[121.61967164637707,25.011796149211897],[121.61838370871428,25.012588110371176],[121.61604003908614,25.014803755306055],[121.61518267877986,25.015984534690176],[121.6145945844031,25.01729503426237],[121.6142983635895,25.018684895350905],[121.61430540956762,25.020100707918196],[121.61496082279099,25.022484311875417],[121.61588318024148,25.023953394629167],[121.61565220947408,25.02468732239098],[121.61424717093472,25.0262956109279],[121.61296129047176,25.02607931215532],[121.61140738153492,25.0260857117705],[121.60708035453067,25.02709525496231],[121.6073919773523,25.02566588357872],[121.60738499933889,25.024100070406416],[121.60707502075053,25.022712699470716],[121.60647395367509,25.021407084869367],[121.60507995359815,25.019710366765377],[121.60387443197408,25.018817066570634],[121.60251285251869,25.01816033789923],[121.60222475557059,25.016902950043747],[121.60162376903449,25.015597313326356],[121.6007548068315,25.01442359477644],[121.59943831144284,25.013284304164184],[121.59953585298238,25.01217825683267],[121.5993627298148,25.01071991086673],[121.60114495013276,25.009712679436657],[121.60223870392745,25.008707100190968],[121.60309614076516,25.00752639290643],[121.60368431404787,25.006215935672227],[121.60401532925265,25.004118027686353],[121.60366382213626,25.00202288993795],[121.6021028153092,24.998767301030124],[121.60070913693076,24.99707053090419],[121.59950387079456,24.996177187853203],[121.59781703395407,24.995414475394238],[121.59631065050525,24.993927004907484],[121.59442755013121,24.992895163064365],[121.59525891831701,24.99080811847943],[121.59579951116383,24.987916547945925],[121.59582577906625,24.98706414351517],[121.59678413430866,24.985524691687644],[121.59728440297995,24.983813907895385],[121.59852773073206,24.982496166694254],[121.59951266406584,24.980576186201006],[121.59980897023807,24.979186346066427],[121.5997473994693,24.977444318679925],[121.6030349914634,24.977300332337716],[121.60477853559941,24.977640706099763],[121.60633183722828,24.977634387207246],[121.60792104542874,24.977329763515513],[121.61002065963267,24.97720722098507],[121.61150503786055,24.976790131019452],[121.61287160923115,24.97611708392153],[121.61458742700083,24.974686633938447],[121.61544451567327,24.97350585684154],[121.61603240329065,24.972195350401776],[121.61636313041477,24.970097411128606],[121.61620387201076,24.96868903728237],[121.61574626316143,24.967336045369574],[121.61454190629475,24.965523054117686],[121.61343870246186,24.964526444312966],[121.61214342694758,24.963745168996606],[121.61070585225073,24.963209247982437],[121.60918121608574,24.96293927332997],[121.60465449061842,24.96317285226317],[121.60385804748024,24.961780914303258],[121.60228904618769,24.960216809165733],[121.60099388458356,24.959435434239904],[121.59880140228589,24.958730220928214],[121.59647877966285,24.95863554089059],[121.59422600581625,24.959159547185934],[121.59223705888897,24.960257120523142],[121.59089215075159,24.9615745797815],[121.58915539255572,24.961166971099114],[121.58748321690507,24.95980752470334],[121.58537720412048,24.958909604674485],[121.58307597208,24.95860763289641],[121.58153103316327,24.958752451474176],[121.58004676229932,24.959169241486702],[121.57868019081478,24.959841988669414],[121.57748382982561,24.960744843673666],[121.5764725011146,24.961890954095548],[121.5743975526,24.962214169332714],[121.57254541219295,24.960976115733732],[121.56926812140416,24.95955983420491],[121.56774361146849,24.959289432716883],[121.56619052937637,24.959295344908462],[121.56393760544239,24.959818895523263],[121.56194837072738,24.960916069252303],[121.56085469715089,24.961921357088773],[121.55966763093566,24.963743801989025],[121.55922290087481,24.965100367273617],[121.55911838111675,24.96721773310926],[121.55942767074112,24.968605226437333],[121.56002797595218,24.96991105388439],[121.56094074966238,24.97112942975853],[121.56068662138986,24.972940050927264],[121.56080212633377,24.974090808595392],[121.55639433868451,24.973139489744877],[121.55407239526174,24.973252149559347],[121.55258785320211,24.973668669729587],[121.55122096860906,24.974341169014586],[121.54791428348207,24.97667372844046],[121.54693371692153,24.97777180936977],[121.54598388414443,24.97959882321],[121.54432927102752,24.97988703103297],[121.54333817787582,24.98022847953786],[121.54197116947077,24.98090089538258],[121.54091384120535,24.981687286716262],[121.53913312781862,24.981821986647713],[121.53764843011491,24.98223835994005],[121.53628136771212,24.982910724236735],[121.53508447056711,24.9838132448983],[121.53370656907339,24.985520612472467],[121.53239674833554,24.98815248195401],[121.53200262969655,24.989320284979847],[121.53019434447262,24.99080011402176],[121.52933631485763,24.99198041380178],[121.52874741140494,24.993290592060028],[121.52841513970387,24.99538835725772],[121.5284763009094,24.996516142340898],[121.52879058057738,24.997916914329764],[121.5276009040574,25.001778754683492],[121.5274546381576,25.00318831434667],[121.52780486008821,25.00528365421289],[121.52856830263754,25.0071283746419],[121.5279905517323,25.007298614926082],[121.52591249541403,25.00723513767436],[121.52438982671018,25.00751673432622],[121.52295669004498,25.008063605947],[121.52166815296735,25.008854739969557],[121.52011279135435,25.01043065043211],[121.51938561676442,25.01168186735733],[121.51903417762014,25.012691093470988],[121.51810363191622,25.01355963956023],[121.51734433548494,25.01458804557693],[121.51631812392104,25.01523456327611],[121.51522360063866,25.016239522574743],[121.51436249518142,25.01742510533298],[121.51258483621147,25.016995792514987],[121.51070891644831,25.01539973039908],[121.50684594141873,25.013597056434676],[121.50458755377281,25.01308973429692],[121.50267078078835,25.013145318878173],[121.50167398900216,25.01204417646565],[121.50046927462164,25.01115002310792],[121.49909629129715,25.010487204979093],[121.49760779608131,25.010081190082982],[121.4956810046078,25.00989757847914],[121.4933814973804,25.010216224420454],[121.49128248575727,25.011129388570094],[121.48962081818338,25.01250162434805]],[[121.49065974729687,25.124278751711373],[121.48871064137597,25.12858972683025],[121.4868897033418,25.12762750382259],[121.48462929150494,25.127119916540426],[121.48230436124992,25.127231499224287],[121.4807863324225,25.127660964705804],[121.47894801184012,25.12616961884425],[121.47934774737062,25.124362591426696],[121.47922620653773,25.122251737152755],[121.48128015624688,25.122898590521757],[121.48282837815432,25.123032332432693],[121.48437550888114,25.122888508133805],[121.48586208295274,25.1224726458008],[121.48723096368765,25.121800729522118],[121.48895026365895,25.120371700617437],[121.49013984995068,25.118549817985432],[121.49062043672511,25.116975827440765],[121.4923703017035,25.11668370989377],[121.49460004928522,25.11568276843801],[121.49465146757345,25.115952213045738],[121.49380060381576,25.117521894374274],[121.4925177757151,25.11886955775947],[121.49178969849889,25.120120635670578],[121.49134368664208,25.12147699041544],[121.49122992070316,25.12345630373624],[121.49065974729687,25.124278751711373]],[[121.57351939165594,25.10018613722465],[121.5694746370479,25.098820590851833],[121.56624674328643,25.098487747436845],[121.56176705594245,25.099180590055088],[121.5605764264398,25.098078182395447],[121.55873383716552,25.09706374859321],[121.55760648268279,25.0960382802125],[121.55459236046154,25.09401242352042],[121.55392388292739,25.0928345121615],[121.5574906322779,25.09201514943432],[121.55892997905194,25.09200457215134],[121.56113554071992,25.091584361672147],[121.5625955903322,25.09230404416917],[121.5641175752308,25.092713619411757],[121.56588963240172,25.093430073482118],[121.56819335093981,25.09373226182466],[121.57015825466866,25.093490439677282],[121.57139353854497,25.093582257940938],[121.57294017726744,25.093437516923316],[121.5744260798426,25.09302077601809],[121.5758776639832,25.092291135958362],[121.57794916153019,25.091613789112525],[121.57857838978771,25.091786998363744],[121.57860050360296,25.09288889523737],[121.57891035688071,25.094276315207246],[121.57951150693434,25.095582027477025],[121.58021374065022,25.09655249372025],[121.57993858262101,25.098441221258906],[121.58009762834358,25.099849614067995],[121.58055537278513,25.10120268991384],[121.58169832958534,25.10294013334157],[121.58169978957496,25.104389071950884],[121.58200970946005,25.10577648215933],[121.58301401519087,25.107688525557784],[121.58400566199552,25.1087790750013],[121.58527441073561,25.109753493860005],[121.58307837090227,25.109675616856617],[121.58155458350991,25.109957815483664],[121.58037157130327,25.110395935750564],[121.57802696284634,25.10999087356432],[121.57722633232298,25.109604359183635],[121.57768618321879,25.1082188874106],[121.5777904518732,25.106101552019926],[121.57739056361794,25.10444413700866],[121.57678939055117,25.103138418065964],[121.5759200258725,25.10196457486652],[121.57481588246708,25.100967713183838],[121.57351939165594,25.10018613722465]],[[121.55197032646257,25.17092412750644],[121.54966483892353,25.169951563868356],[121.5503163695447,25.169188065146024],[121.55163408531254,25.167056684524077],[121.55244338069869,25.16515835691117],[121.55278436674585,25.16312195017862],[121.55317656262866,25.162683914950925],[121.55489471615388,25.16239261265095],[121.5570094568685,25.16146923263397],[121.55701251757202,25.16170750176457],[121.5559657243624,25.16335389779734],[121.5554064649809,25.16546691531096],[121.55372456180103,25.166871360096323],[121.55286556667073,25.168051784903394],[121.55227611056111,25.169362035537976],[121.55197032646257,25.17092412750644]],[[121.58754703335069,25.031602563199495],[121.58588607686845,25.028844191156725],[121.58415570328212,25.02742763065067],[121.58204855021064,25.026529692137558],[121.58052318560489,25.02625943933035],[121.57912557302893,25.026257892609443],[121.5801694658571,25.025106928934477],[121.58100947234546,25.023562758718846],[121.58186938242545,25.022586856132953],[121.58245033540254,25.021619076907474],[121.5844771427628,25.02205058892742],[121.5860310085634,25.022044471743857],[121.58709284330828,25.02186936384765],[121.5878486283591,25.023158700122348],[121.58883962056602,25.02424924120021],[121.59004509001832,25.02514266370093],[121.5916393841617,25.025875581780742],[121.59218997070373,25.027783205816988],[121.59292849127417,25.029028924221702],[121.59449826977665,25.030593099657505],[121.59579414770135,25.031374510596873],[121.59723246097778,25.03191055718116],[121.59875792853573,25.03218063634017],[121.60031191787778,25.032174367530956],[121.60221918363276,25.031764893097886],[121.60190748651031,25.033194255113138],[121.60191439492877,25.034610068181774],[121.60210808982924,25.035582437694305],[121.60196257038601,25.03699232479419],[121.60212177256028,25.038400702435432],[121.60257951418518,25.039753721260386],[121.60378444646257,25.041566781026283],[121.604888276477,25.04256344063894],[121.60618434568023,25.04334475613962],[121.60769734394232,25.043897374810868],[121.60762774114919,25.044746926939723],[121.60544960560789,25.04470073341096],[121.60292467620924,25.04432774213613],[121.60079501595352,25.04460848714533],[121.6007335436352,25.04291621195866],[121.60130217458764,25.041317733016466],[121.60144763141818,25.039908122077918],[121.60109605212423,25.037812989378313],[121.60009206208267,25.035901045108243],[121.59749214898368,25.03323696624306],[121.5954915340162,25.032155355835172],[121.59192259339258,25.031240335875562],[121.5895986091046,25.03114557441352],[121.58754703335069,25.031602563199495]]],[[[121.66602217695203,25.018253897302863],[121.66458374131895,25.0177185181309],[121.66305832532316,25.01744911330461],[121.65889578855449,25.01773342978268],[121.65741109296187,25.018150996939028],[121.65538368482625,25.01928118994175],[121.65335967313625,25.01996704962336],[121.65030191624578,25.021629238663795],[121.64920845028503,25.022635164310845],[121.64835135920909,25.02381612855168],[121.64776358478824,25.02512675175752],[121.64746772237511,25.02651667049739],[121.64747515143524,25.027932472506873],[121.64778559677377,25.029319749057567],[121.64879026252443,25.031231359397626],[121.65036076414412,25.032794929989183],[121.65165700792888,25.03357584622749],[121.65309557711007,25.034111346736417],[121.65462118076272,25.034380849446315],[121.65694414433827,25.034266600621457],[121.65842903420659,25.033849035036422],[121.65937142846072,25.033409951443172],[121.66154605030731,25.03435146566096],[121.66307167326991,25.03462088116711],[121.66462567402763,25.034613939283147],[121.66687949230604,25.03408885082835],[121.66886892546039,25.032990279948546],[121.66996231724096,25.031984212460067],[121.6711483681315,25.03016092305606],[121.6717024038724,25.028102458614566],[121.67157674160562,25.025986099094354],[121.6711183030466,25.024633304400695],[121.67001679560136,25.022947538863075],[121.66962817498424,25.021843379340307],[121.66888893398023,25.020598055316523],[121.66789727723622,25.01950806074337],[121.66602217695203,25.018253897302863]]]]},"properties":{"city":"taipei","minutes":10,"minutes_label":"10分鐘"}},{"type":"Feature","geometry":{"type":"MultiPolygon","coordinates":[[[[121.49263730064267,25.014839253930553],[121.49222293947145,25.015406436559648],[121.49149907647629,25.015681383901246],[121.49056744073381,25.016315760957536],[121.48987800616274,25.01716924412889],[121.48943447120178,25.018519075279645],[121.48955948451737,25.019805747380808],[121.48881738307588,25.020335730067238],[121.4881279143114,25.02118920518818],[121.4876837084641,25.02255180208757],[121.4868931222703,25.023864192073436],[121.48673423684,25.025045073805305],[121.48578276812982,25.026300062449202],[121.48550419804259,25.027328975481446],[121.48550698346165,25.028036896318643],[121.48607406684538,25.029553938000074],[121.48512290899754,25.031214151074433],[121.48495635798047,25.032262986326355],[121.48503528821117,25.03296724938047],[121.48543107854131,25.033963769524632],[121.48622728833695,25.034894635681336],[121.4866210417632,25.035883797592696],[121.4876064886948,25.036969770201672],[121.4886063726721,25.037511311890274],[121.489350771384,25.03771436323994],[121.49119485494094,25.037640330223358],[121.49227655757993,25.038909847136175],[121.49327647737273,25.039451356706657],[121.4941992893959,25.03967788610483],[121.49500510508277,25.040911158688793],[121.49586988140142,25.041619966216395],[121.49692328258278,25.042069552412375],[121.49833013099804,25.042208900215417],[121.49857095939933,25.043651051739833],[121.499122639145,25.04466885623187],[121.49928089247716,25.04605107055609],[121.49978215173803,25.047007395363178],[121.50087989466435,25.048000037357543],[121.50244664799071,25.048552269681718],[121.50330737630577,25.0497030195655],[121.50461290059286,25.05048669580916],[121.50345180940467,25.052030518139762],[121.5031733332047,25.053059459374268],[121.50317622337136,25.05376737586807],[121.50346309967668,25.05479440107906],[121.5041363240558,25.055772575065912],[121.50400611923898,25.057117399382456],[121.50446066433912,25.058464217437912],[121.50515720144334,25.059313053854993],[121.5057598116332,25.059760105972025],[121.50739674968213,25.060321498779874],[121.50727542807357,25.061603596396274],[121.50742926306248,25.06257541639891],[121.50713298158684,25.063739570650245],[121.50723289712334,25.064935529413788],[121.50700291447883,25.0658395683441],[121.50707290271271,25.066928407978082],[121.50686521926578,25.06808358872123],[121.50704025700556,25.069131275329852],[121.50737584964425,25.069837717860057],[121.50700151538977,25.070614737538182],[121.50683510399608,25.071663589727063],[121.50714260515461,25.07304449615204],[121.50819610596285,25.07436809055982],[121.50778259743232,25.07565959452438],[121.507865324322,25.076793970838196],[121.50665545768146,25.07769959159093],[121.50611991598426,25.078496014136732],[121.50513544522768,25.07927956076271],[121.50454095312548,25.08019056355963],[121.50426242681137,25.081219503801204],[121.50440164617905,25.082556168557517],[121.5042047152549,25.083683525520758],[121.50455341887319,25.085143003268684],[121.50444663514999,25.085593022405636],[121.5035718824441,25.085660844849944],[121.5012888864884,25.08621884746743],[121.4993329879148,25.08734701401343],[121.49728930818866,25.089508179166383],[121.49640560924195,25.090115924431725],[121.4959096842173,25.090672412552724],[121.49448561594171,25.09150588836223],[121.49359383801563,25.092775192434893],[121.49055560699902,25.095325815201726],[121.48983720841693,25.096234747602193],[121.48870560671034,25.096955780643476],[121.48776600887612,25.098347893744467],[121.48671479214062,25.098804665746094],[121.48560315882195,25.099837365192826],[121.48438560992463,25.100595699825373],[121.48389455957555,25.101144534588006],[121.48342624744811,25.102038460511636],[121.48230773818713,25.10236116798139],[121.48137586283825,25.10225882554284],[121.4802024981061,25.102425542790787],[121.47914473350237,25.102194957654824],[121.47754872425926,25.102356671375354],[121.47592735269674,25.102197459484827],[121.47473914046934,25.102484756455414],[121.47350262784957,25.102530681749716],[121.47099948085122,25.103248533353465],[121.47000329786827,25.1037965156509],[121.46894878166201,25.105038357132848],[121.46822115226594,25.105516307216366],[121.46671829030625,25.10593111941216],[121.46536585364377,25.106765337292344],[121.46467574714498,25.107618703106816],[121.46438068582987,25.108273663609346],[121.46423429974395,25.10967636667567],[121.46468861624184,25.111023300634606],[121.46538518640818,25.11187231740956],[121.46632245866275,25.112500666552325],[121.46741971310041,25.112854231463356],[121.46896726625157,25.112849344883326],[121.47070193459194,25.11216777436932],[121.47230058162647,25.11189146576442],[121.47358429815878,25.11110455731399],[121.47442917326418,25.109950395263684],[121.47470257420638,25.10980839909184],[121.47596930133018,25.109478137014463],[121.47776123913722,25.109405925700703],[121.47888406592034,25.10955117399437],[121.47976938087328,25.109453395391597],[121.48106413001643,25.109651172789427],[121.48217746346322,25.10950058857552],[121.48256856629206,25.109586727405357],[121.48272877170722,25.1103806711082],[121.48323017454194,25.1113370415413],[121.4840149085731,25.112119705648574],[121.4846629386645,25.112510889275534],[121.48614546453868,25.112915054645697],[121.48777662325696,25.112741705990835],[121.48928034276052,25.11332433401016],[121.49082789686895,25.11331921918482],[121.49192236817512,25.112958573140734],[121.49285471884826,25.11232418477821],[121.49354465320572,25.111470690878885],[121.4939884589989,25.11012085986941],[121.49392709594194,25.1090625907009],[121.49332966976458,25.107762809270845],[121.49223144474716,25.106770126634288],[121.49081837760417,25.106239874347324],[121.49069731944242,25.105204827672228],[121.4918331892742,25.104483435195576],[121.49212146903002,25.10553413736607],[121.49298588661786,25.10670282902696],[121.49392325692791,25.10733100263202],[121.49523197168476,25.107712198211253],[121.4955313993299,25.109254221898706],[121.49639587577715,25.110422892203438],[121.49733329183132,25.111051043238],[121.49805271112666,25.111319538280675],[121.49920466404573,25.1114711620783],[121.50015107619386,25.11135910776863],[121.49921401515532,25.112254887411027],[121.49851707246279,25.11376862824743],[121.49852278757218,25.115177633025084],[121.49904205558495,25.116359519579742],[121.49774499933103,25.11828949853617],[121.49730025068516,25.119658505393886],[121.49605456306865,25.120579398558352],[121.49533001817126,25.12182446880469],[121.49516344584329,25.12287330329535],[121.4954455801804,25.12419040059182],[121.49399968024231,25.12629033069835],[121.49371821715619,25.127374337027497],[121.49301962753871,25.12839030760565],[121.49273722042574,25.129492950271153],[121.49216957705144,25.13037028767486],[121.49194655685811,25.131048465115033],[121.49189367627615,25.132107111315],[121.49222805462551,25.13322452483446],[121.49224767437005,25.134490756405697],[121.49107460499262,25.134658162870732],[121.48987058893199,25.13521912997601],[121.48881983464183,25.134885681331625],[121.4878006979344,25.13483060775158],[121.48776790840876,25.13359274235837],[121.48717042291605,25.13229294120798],[121.48607202395078,25.131300218770495],[121.48463993233928,25.130765699377513],[121.48347702394912,25.130717498423262],[121.48234881639307,25.130978672596335],[121.48135246275028,25.13152673168022],[121.48068039845464,25.132182614428583],[121.47994505093983,25.131818812966944],[121.47892031701205,25.131578869082052],[121.47788507369329,25.13011750283013],[121.47678469253034,25.129419725926912],[121.47624507912921,25.128807533246377],[121.47480187833962,25.1278456819679],[121.4744222042318,25.127384222440355],[121.47484990228837,25.12652615452278],[121.47500488295903,25.125273848595967],[121.47534310308906,25.12437207921416],[121.47533765143407,25.12296307131743],[121.47474035030064,25.121663215485928],[121.47316044182928,25.120036409707343],[121.47311753610242,25.11886313084747],[121.47252027899351,25.1175632647195],[121.47202490463857,25.117017611390665],[121.4710875690083,25.116389299599657],[121.46999027275417,25.116035762611084],[121.46858116586041,25.11602150988126],[121.4673122017157,25.11483048712914],[121.46588038176459,25.11429578130549],[121.46471763414762,25.114247430688035],[121.46395556568763,25.114387926237367],[121.462593227574,25.11505639451134],[121.46161554277,25.116148635606322],[121.46122324203547,25.11717225856168],[121.46043826967372,25.1174610448391],[121.45950570957615,25.118095231915575],[121.45881549965637,25.118948570640406],[121.45852038074753,25.119603519314403],[121.45837391639935,25.12100621560124],[121.45866058706773,25.122033321360295],[121.45952480871219,25.123202208464463],[121.46083465774937,25.12398748200919],[121.46125889477831,25.125418308333177],[121.46089004216131,25.126049505181363],[121.46061105204983,25.12707836403144],[121.46079800944032,25.12872011861658],[121.46129932021175,25.129676562260148],[121.46219191653906,25.1305316570503],[121.46218202784054,25.131996689351567],[121.46277924910798,25.133296595181022],[121.46482399515779,25.135649385868227],[121.46582459140456,25.136191063609477],[121.46692762962752,25.13644141705891],[121.46720023323638,25.13738353452883],[121.46780220032272,25.138290611984306],[121.46866751748688,25.138999560982114],[121.4693629935733,25.13933378461621],[121.46942180794723,25.14040688174967],[121.47001914781737,25.141706755234928],[121.47080399638071,25.142489484484667],[121.47145214738462,25.142880722543048],[121.47217170005972,25.143149340137033],[121.47332392390804,25.143301160478078],[121.47447494830134,25.143141981224698],[121.475525639713,25.142685512036355],[121.47638550806293,25.141971066770527],[121.47698050142925,25.14106017677537],[121.47725938356436,25.1400312905697],[121.47710687084451,25.13864623194972],[121.4776347507029,25.138780875763285],[121.48079495199163,25.140391208603944],[121.48226024907713,25.140658920920007],[121.48375501873475,25.14161123714827],[121.48521403511744,25.141878658728125],[121.48478621546568,25.142938283146133],[121.48479178052233,25.144347285289292],[121.48538930198183,25.145647093423683],[121.4864878259886,25.146639817166257],[121.48792011176326,25.14717431465848],[121.48930573584774,25.147226588450494],[121.4901243314836,25.148059804350645],[121.49149219845053,25.148719478648786],[121.49415454045656,25.149041146545667],[121.49530558860378,25.148881805148072],[121.49635083235918,25.14842816857916],[121.49781565283013,25.14828178468291],[121.49886629807308,25.147825150898267],[121.50126605752193,25.145770540655512],[121.502356781882,25.14390007091562],[121.50273364609848,25.14393820471553],[121.50370776409613,25.14448827390411],[121.50443471961563,25.145200041560962],[121.5050829896039,25.145591130488448],[121.50662606948006,25.145997563582434],[121.50610597010225,25.147198847896128],[121.50611178101295,25.148607844674665],[121.50670954827822,25.14990756227641],[121.50780828060948,25.150900124089095],[121.50924070549168,25.15143441290498],[121.51043846728908,25.151477607860734],[121.51183612032843,25.151845090956343],[121.512842689242,25.151810699109777],[121.51416572301268,25.15262153043],[121.51557939999923,25.152886771945855],[121.51652577870904,25.153391553182917],[121.51727092607396,25.153594449579984],[121.5208843758355,25.15361075751719],[121.52235107091826,25.15402447310199],[121.52381817339658,25.154030227620332],[121.52485103591953,25.155218956224747],[121.52540969234117,25.156377973851598],[121.52627324030802,25.157212794555853],[121.52723814722799,25.159624771169035],[121.52807126900498,25.16058465208851],[121.52868960064605,25.161928046774662],[121.52947494945107,25.162710455123843],[121.53047604582947,25.16325168626625],[121.53122127512303,25.163454510849956],[121.5323845056204,25.163502331550117],[121.53335308607886,25.163293465175578],[121.53408348529577,25.163751478605647],[121.53518138633476,25.1641045290189],[121.53595578123713,25.16417111537835],[121.5370682305819,25.164020414880497],[121.53745149543973,25.16465479092284],[121.53655803347384,25.165861419209726],[121.5362761605777,25.166959675649196],[121.5354226501236,25.167670261089174],[121.5348200976812,25.168601653567805],[121.53349541666877,25.168517677943175],[121.53201561841733,25.168932017236784],[121.53082267875168,25.16983016560434],[121.53022795377348,25.17074126432529],[121.52993187542353,25.172124259661285],[121.53010727481917,25.173171898841836],[121.53060930962343,25.174128090973365],[121.53148551927066,25.17497124336405],[121.53075289963945,25.17586032633104],[121.53036490059246,25.176859506057603],[121.53037099821577,25.178268491771647],[121.53078274227273,25.17928757653975],[121.52918049365562,25.17928104704708],[121.52775230217681,25.17982535094933],[121.52666171142049,25.180825555028264],[121.52607475443999,25.182129395959006],[121.52602215501105,25.183188042770247],[121.52630954457301,25.184214998038602],[121.52691218074085,25.185121819121196],[121.52777816871671,25.18583040775422],[121.52883292914524,25.186279736982815],[121.52998562119191,25.186431108035112],[121.53113696757376,25.18627148399234],[121.53218780702312,25.185814612838335],[121.53327839547234,25.18481436871248],[121.53386528752938,25.183510500718285],[121.53385914827656,25.18210151680388],[121.53344736887925,25.181082441420727],[121.53466464076855,25.18114231474423],[121.53614457615161,25.180727947368887],[121.53733758045655,25.179829756318867],[121.53796584466048,25.178832218655344],[121.53913211137431,25.17844176919875],[121.5389216390995,25.179604504669367],[121.53912712338295,25.18078213151263],[121.53986250557047,25.182022082413493],[121.54072854467626,25.1827305946755],[121.54178332385143,25.1831798314297],[121.54254694452023,25.183315140159756],[121.54431337593994,25.183096831302993],[121.5458715866015,25.1837145713302],[121.54664611030793,25.183781099418123],[121.54779740754316,25.183621346448476],[121.54916002075659,25.182952095931157],[121.54970787220023,25.182449493306354],[121.55030250585132,25.1815383192078],[121.55058085566702,25.180509308903748],[121.55047711122955,25.17930165385451],[121.55102735357174,25.17858927172923],[121.55141518825245,25.177590040785013],[121.55148826763096,25.176885266243463],[121.55131268003576,25.175837656065347],[121.55101204666305,25.175184750929642],[121.550314524138,25.1743361591746],[121.54971118507422,25.17388930694445],[121.54865645863586,25.17344012528071],[121.54750386896572,25.173288897752826],[121.54673003028371,25.173361145639905],[121.54598654698589,25.173569385978855],[121.544999006661,25.174111838518115],[121.54419204353559,25.17157491113469],[121.54375726380863,25.170987901474305],[121.54274173572146,25.17011647423418],[121.5444651344669,25.16874230270261],[121.54523328206741,25.168530644257032],[121.54622963937894,25.1679821579271],[121.54700813138993,25.16719407071056],[121.54779694716285,25.16600935793694],[121.54864165919228,25.164124227880528],[121.54879030025421,25.16342936682235],[121.54874901066809,25.162493960874624],[121.54924762808763,25.16121511688308],[121.55034680866663,25.160039301178045],[121.55078583971763,25.158716539164633],[121.55180189678143,25.15903460799515],[121.552965090076,25.15908226759998],[121.55372732432383,25.158941312287478],[121.55477784411507,25.158484284412406],[121.55563735097051,25.157769386218934],[121.55623182413203,25.15685818806602],[121.55651007218387,25.155829165001037],[121.5564656703639,25.154875522258337],[121.55799746674947,25.15530518349378],[121.55981524622739,25.15512177643471],[121.56147532398613,25.15529224208433],[121.5626035737512,25.15503046524914],[121.56359974253108,25.154481864238463],[121.5651880327177,25.15306366978709],[121.56555178994458,25.152437958282636],[121.56582995020362,25.151408918621247],[121.56582668573971,25.150701018700293],[121.56553905103232,25.14967413979298],[121.56453081377475,25.148389054784953],[121.56611756285542,25.14825121532415],[121.5674796835683,25.147581801490006],[121.56845665793718,25.14648887780265],[121.56875124803965,25.145833721007822],[121.56891620691196,25.144805302174426],[121.57031364410663,25.144530388756063],[121.5713096930697,25.14398173720775],[121.57208787212367,25.143193521022276],[121.5725073191417,25.142424035224007],[121.57333726354209,25.141729024655746],[121.57379866019102,25.141076315665575],[121.57441396274163,25.140716889110564],[121.57408580207604,25.141600637885784],[121.57401286954986,25.142305424298563],[121.57432131538137,25.143686162563036],[121.5751867811685,25.14485435124343],[121.57647751450062,25.145632136036735],[121.57799700501704,25.145901098411493],[121.57951390596187,25.145620288354273],[121.58079726523509,25.14483246035525],[121.58165169611647,25.14365756225369],[121.5819471271664,25.1422744694803],[121.58165489584985,25.140934648737346],[121.58214413900222,25.13977925388926],[121.58239557120761,25.137590153046784],[121.58293403409468,25.136359235304994],[121.58291452712211,25.134904511823084],[121.58353394798269,25.133559221327786],[121.58352725274881,25.132150239874246],[121.58329830163142,25.131473710908274],[121.5826955251651,25.130567115413886],[121.58182962335543,25.129858841434547],[121.58054900577119,25.129359250209763],[121.58026824611184,25.12837378616351],[121.57966550745553,25.127467177293795],[121.57754460028102,25.125719957748927],[121.57761580601648,25.124590718746422],[121.57736573202732,25.12365823582007],[121.57754263590876,25.123109911919013],[121.57898020438262,25.123191844635468],[121.58099821792798,25.123615243055433],[121.58234010286822,25.12351699637983],[121.58362730009243,25.124937111560733],[121.58374267292727,25.12586145433231],[121.58314871684955,25.126772555672062],[121.58287075385896,25.127801627686203],[121.58293289484783,25.12885984425826],[121.58332979670541,25.129856071930202],[121.5840272849239,25.130704513688208],[121.58496529452148,25.131332098605],[121.58606304204419,25.131684775903903],[121.58722598349149,25.131732170984304],[121.58835395864806,25.131470202026815],[121.58934981967278,25.13092143157988],[121.59094778414652,25.129083105078404],[121.59153380431803,25.127779014152516],[121.59147527517366,25.126185411618522],[121.59167522477682,25.12555958213876],[121.5927274223748,25.12565109875075],[121.59387810814286,25.12549099700062],[121.59492818874357,25.125033690119476],[121.59578722674307,25.12431856412775],[121.59651075758076,25.1230730204969],[121.59665908189517,25.122378113283812],[121.5965968272938,25.12131990364276],[121.59619984772476,25.120323711816656],[121.59550233720833,25.119475326619042],[121.59456436711011,25.118847806722027],[121.59346671208503,25.11849519013659],[121.59248258717005,25.118418899336483],[121.59133196537817,25.118578989227874],[121.59028192546911,25.11903627026488],[121.58931266516461,25.119887916183313],[121.58910610760509,25.119762998017762],[121.58778930713763,25.117512122245767],[121.58777672086964,25.116140136445825],[121.58737982994566,25.11514391869879],[121.58668240959858,25.114295489767432],[121.58539194715497,25.113517785836073],[121.58387284422263,25.11324889122241],[121.58272225801463,25.113408913728907],[121.58167222849518,25.113866133882073],[121.58066095256412,25.11476348105544],[121.57992939953628,25.114188867332473],[121.57887508456535,25.11373989018979],[121.5777230246532,25.11358888744094],[121.57681083321351,25.113693504445653],[121.5761094763628,25.113148921989048],[121.57476226763792,25.112634319518524],[121.57389951010921,25.111928953558884],[121.57321225869362,25.11159790288113],[121.57006310859552,25.110880154048644],[121.57242899398878,25.10962174293558],[121.57320695277953,25.10883352120691],[121.57370010567097,25.10787361924276],[121.57386598823375,25.10682470597642],[121.57369032296111,25.105777114041942],[121.57329974459532,25.104854249426943],[121.57260247990851,25.10400575032206],[121.57166474333881,25.103378080042955],[121.57028226649895,25.10298791174635],[121.56909526397565,25.10244995679303],[121.5666521703878,25.102114778566705],[121.56511286203572,25.10225875927369],[121.5640128016454,25.102749954941732],[121.56240007673281,25.102741195576296],[121.56069679810254,25.10328919847924],[121.5598532594622,25.102419082557994],[121.55906108129034,25.101966890654875],[121.55807327000984,25.10087911186506],[121.55707256971704,25.100338056108267],[121.5561910513921,25.100117422067626],[121.55510329812685,25.098839160777967],[121.55382696242224,25.098209428559453],[121.5530233175845,25.09739919503315],[121.55116795285662,25.096239678515325],[121.55072979360077,25.09499477760028],[121.54963158527097,25.093834424610147],[121.54903832977557,25.092551590973326],[121.54854272369087,25.092006195228063],[121.54760519950375,25.09137836814448],[121.54612274459116,25.090974815011712],[121.5445835469565,25.09111858092324],[121.54353355860555,25.09157553158373],[121.54293461986863,25.092026824127462],[121.54199774938853,25.09341393453682],[121.53939079979534,25.093691056525888],[121.5381741080371,25.0941195354396],[121.53714086086212,25.09418104376365],[121.53605540913892,25.094538227782287],[121.53533556039599,25.09408851676451],[121.5342814459205,25.09374513291841],[121.53299314295586,25.09296828728927],[121.53167281465029,25.092707012708658],[121.53158627248365,25.09049161479833],[121.53078169251948,25.088877571527878],[121.53090540953663,25.087985864732456],[121.53066614993787,25.08641164052396],[121.53006845297769,25.08511200754258],[121.52908308198317,25.084195254117173],[121.52836400231905,25.08299068749914],[121.52855491519264,25.081477469949157],[121.52966681613107,25.081725157924808],[121.53044413259849,25.081722381640116],[121.53269887620954,25.081538995940047],[121.53372870642025,25.081205995816028],[121.53480876054489,25.081546781981803],[121.5343005715322,25.08235130615011],[121.53402229055092,25.083380298006347],[121.5340839811823,25.08443854891832],[121.53431257010783,25.085115164264575],[121.53491476407932,25.086021971870988],[121.53578008730821,25.086730533873617],[121.53683401768843,25.087179825628333],[121.53759703447687,25.08731517162108],[121.53913619424824,25.087171478774884],[121.54050161217633,25.086499141913517],[121.54181322085364,25.08610793733339],[121.54245782400683,25.085712282803307],[121.54323583006838,25.08492421503695],[121.54391448150217,25.083380570075217],[121.5446700025426,25.083272341916945],[121.54514774016148,25.083412051455003],[121.54521405394715,25.084378839272265],[121.54544270360252,25.085055436456464],[121.54630747401959,25.086223814731436],[121.54834358693836,25.087447789509017],[121.54884497816467,25.088162254539547],[121.5497103952617,25.08887073349637],[121.55076439298696,25.08931992500642],[121.55152743695977,25.08945519883978],[121.55306660423504,25.089311361348386],[121.55413402593962,25.08884243033807],[121.55546957936602,25.08880885959336],[121.55690918577892,25.088255722823668],[121.5577476215347,25.088415211784394],[121.55890967476071,25.088358839846663],[121.56033222749842,25.087816695185786],[121.56155647799268,25.087991136964924],[121.56250817372066,25.08787740497483],[121.56374535569834,25.088811849795334],[121.56555660062324,25.089228678833457],[121.5663054098528,25.089701880486583],[121.56740273251324,25.09005470544287],[121.5685652757552,25.090102254268338],[121.5699458036055,25.089730319810958],[121.5713767676517,25.089971129854444],[121.57289299763129,25.089690397407907],[121.57425490899563,25.088829823367394],[121.57580306088683,25.088550366705288],[121.57718361185695,25.087663506697876],[121.5779904776558,25.087554539803627],[121.5790482539825,25.088142174067027],[121.58017827811514,25.08839525650433],[121.58134031712993,25.0883387090731],[121.58266313567903,25.08795807398211],[121.58270414375443,25.089149819439022],[121.58308424488757,25.09011432594253],[121.58254191284361,25.09181159639572],[121.58270021214491,25.09321320549814],[121.58320231294425,25.094169228278904],[121.58369807915086,25.09471450521556],[121.58505765920039,25.095514510056777],[121.5850353320683,25.095886233384206],[121.58436447130744,25.09672155085397],[121.58407007723594,25.097376739413193],[121.58390429296719,25.098425663634554],[121.583983837979,25.09912985756877],[121.58438064705454,25.100126087977223],[121.58481536045822,25.100712985013942],[121.58625280709751,25.101703061884404],[121.58578990086689,25.102616787401733],[121.58564153625163,25.1033116862679],[121.58579988846215,25.10471328899556],[121.58630206203084,25.105669298525132],[121.58741740674847,25.1067114127373],[121.58878531292979,25.107370191672192],[121.58993732610939,25.107521109403095],[121.5914537251033,25.1072401847498],[121.5925460737518,25.106610890523868],[121.59339842746161,25.107052307977582],[121.59452865333475,25.107305276753227],[121.59530612276889,25.107302157789874],[121.59643385624008,25.107040130906395],[121.59711790065342,25.106703669812934],[121.59797679987732,25.105988531969096],[121.59857071291303,25.105077167758257],[121.59884849658638,25.104048066514228],[121.59878623595235,25.102989855367433],[121.5983893012723,25.101993666189436],[121.59769188269382,25.10114528756723],[121.59675404366165,25.1005177776095],[121.59565654754513,25.100165173474494],[121.59449390326071,25.10011783893179],[121.59336622848961,25.10037985021678],[121.59235124302906,25.100944786842728],[121.59142457104082,25.10036542734699],[121.5920270005772,25.09972310290969],[121.59251997019355,25.098763140504857],[121.59294481993392,25.095520327051183],[121.59278981183448,25.09482663343308],[121.59228763444011,25.09387064459148],[121.59150234182849,25.093088561164176],[121.59053584152619,25.092562328606277],[121.59074526389574,25.09120043790867],[121.59215771165452,25.09105103335635],[121.593207507615,25.090593741818424],[121.59429676030379,25.089593059322837],[121.59505391907136,25.088236533087745],[121.59558498112312,25.088108892714263],[121.5957604563494,25.08916353533803],[121.59626264044526,25.090119512884524],[121.59715794415158,25.090991573025985],[121.59815873797659,25.091532357239263],[121.59928882950238,25.091785292717024],[121.60045088841233,25.091728595204376],[121.60256800353746,25.091220945918092],[121.60361776059446,25.090763581416414],[121.60447651194478,25.09004840717742],[121.60507030191664,25.089137017322585],[121.6053479979329,25.088107903390764],[121.60520720972966,25.08671068062792],[121.60599101105983,25.08663856572576],[121.60708489109558,25.086277078591024],[121.60801643319898,25.085641977907574],[121.60870541136993,25.084787961807454],[121.60899964453226,25.08413272624575],[121.60916519768239,25.083083776291478],[121.6088001518597,25.081462408410793],[121.60970921925343,25.080951113429375],[121.61058384649192,25.080013656282475],[121.61149847680538,25.080861808637344],[121.61249924807818,25.08140249722292],[121.61362927310925,25.081655325015404],[121.61489939197787,25.081573365453767],[121.61630935086508,25.08194533009722],[121.6170866569046,25.08194209999249],[121.6182141089739,25.081679911888397],[121.61920943397854,25.081130947308722],[121.61988473061173,25.080469170726538],[121.62048651669724,25.081373703830316],[121.62135228839928,25.082081758916065],[121.62240647766872,25.08253043821203],[121.62316954996193,25.082665343079306],[121.62394685953633,25.082662076956627],[121.62507430234264,25.082399836910792],[121.62606960142774,25.08185082684886],[121.62684703853667,25.081062330588765],[121.62752244684403,25.07940809882555],[121.6275950428039,25.07870328658974],[121.62741896700558,25.077655762148414],[121.62596333922245,25.075066247864235],[121.62541118990758,25.074568004053038],[121.62439836995469,25.07401483567979],[121.62343587891954,25.07315722207986],[121.62315506498176,25.070749235918086],[121.6227735069211,25.06969897359013],[121.62269501203808,25.06896924881324],[121.62173642751242,25.066950007511238],[121.6206375580481,25.06595828168437],[121.61938554638756,25.065465295023664],[121.61818048362754,25.064757459805477],[121.61666192089419,25.064488889243325],[121.61524638577164,25.06473691236103],[121.6146563609448,25.064337411822056],[121.61570278297299,25.063384254586452],[121.6160375670108,25.06334155930136],[121.61716648938022,25.06384040638314],[121.6183181237447,25.06399111163697],[121.61909122505939,25.063918502306517],[121.6201848641019,25.063556922094445],[121.62111616754662,25.062921741823146],[121.62239611471739,25.061698051555027],[121.622824915753,25.061107642873274],[121.6232118129007,25.06010822584746],[121.62326354456553,25.05904954311893],[121.62297566409829,25.058022767907573],[121.62237297091279,25.057116323443996],[121.62154398619363,25.05643276717216],[121.62191697688087,25.055217483345047],[121.62175829073081,25.053815916390164],[121.62102288627916,25.052576351473316],[121.61998242724283,25.051773782587354],[121.61984321250617,25.050575168970653],[121.62014866906316,25.04990246391547],[121.62030755448157,25.04898714136704],[121.62108860753871,25.04768244134521],[121.62124326035193,25.046451122105687],[121.6228556987918,25.044988054988544],[121.6235841665011,25.04372137882502],[121.62427960686499,25.042949307607746],[121.6255373889847,25.04244327978774],[121.6263956797664,25.04172798300357],[121.62698908087644,25.040816507146996],[121.62722635166752,25.040074487234623],[121.62801435228651,25.03913753608538],[121.62840114225112,25.038138104758776],[121.62839396342194,25.036729116911722],[121.62816495662551,25.036052649825162],[121.62762766480687,25.035225699857534],[121.62753208746399,25.034321350384335],[121.62818097643384,25.03293811421085],[121.62817380181653,25.031529125318386],[121.62757536391389,25.030229889150554],[121.62640331625643,25.029198496130586],[121.62724402847068,25.028217562937474],[121.62764328571708,25.02713886686235],[121.62814865862997,25.02633648926998],[121.62837074683928,25.02565811435068],[121.62842242663476,25.024599426087278],[121.62813459057155,25.023572655412718],[121.62757564792246,25.022719291033024],[121.62771321192938,25.021773318781477],[121.62763347750627,25.021069144757604],[121.62705584093717,25.019801107655724],[121.62738581083917,25.018487362148644],[121.62732336547893,25.017429154694938],[121.62692649326806,25.01643302953083],[121.62622937893708,25.015584769732992],[121.62529205970718,25.014957423188697],[121.62419525418322,25.01460501299999],[121.6230334118314,25.014557886250284],[121.62227215503219,25.014699182411313],[121.62091179717886,25.015369078294242],[121.61911496304432,25.017081910889768],[121.61868629217426,25.017672309739456],[121.61824417220393,25.019022500253396],[121.61838653111654,25.02041071503119],[121.61878334847438,25.021406863547046],[121.6196113885255,25.02236230330729],[121.61988540357106,25.023307231991716],[121.62031415747852,25.024002266591733],[121.61957203737127,25.02526760172557],[121.61942701386901,25.02666218038037],[121.61800471483542,25.027661895826668],[121.61728194242448,25.028907545497702],[121.61713737651259,25.030310382607507],[121.61749947254793,25.03147869386823],[121.61550380774132,25.03112285120521],[121.6144070989462,25.030258368234833],[121.61335338897878,25.029809619915728],[121.61181367775413,25.029677857528206],[121.6079158718755,25.03069291981406],[121.60672481816066,25.031591661514856],[121.6061313082498,25.03250305957796],[121.60583638613409,25.03388621098963],[121.60591600638729,25.034590397713792],[121.60626814618958,25.035501603650495],[121.60599898721638,25.036271407698248],[121.60594711221945,25.037330090274875],[121.6062347993338,25.03835690494258],[121.60683728047543,25.039263421156697],[121.60770267413746,25.0399715669191],[121.60838961076821,25.040302466719787],[121.6099078582166,25.040571128728242],[121.61068081890862,25.040498565646228],[121.61177427782386,25.04013704971672],[121.61306057973233,25.03912020589391],[121.61345946033379,25.040263381667728],[121.61355411302785,25.040599006630266],[121.61290568632849,25.0414121902188],[121.61165870964939,25.044141561955072],[121.61158603813847,25.044846371014472],[121.61172581522665,25.04576506543554],[121.61139596179852,25.047216367387684],[121.61173259598367,25.048836602541826],[121.6100788336252,25.048864757673204],[121.60910587514556,25.048565093558654],[121.60787144304851,25.048527923506416],[121.6067408693232,25.048274676465837],[121.60503125523428,25.048475595685574],[121.60333096822774,25.04795468298095],[121.60179238671464,25.04809903202371],[121.6005243738447,25.04870544922135],[121.59891406628451,25.048308298505667],[121.59821780066555,25.0477686004007],[121.59638543049468,25.046866986710636],[121.59651511757235,25.04544203780968],[121.5968639473912,25.04395412805988],[121.59678437147306,25.043249936517693],[121.59644772222869,25.04236812014363],[121.59731821422969,25.04097305766799],[121.59746301574495,25.039570237374896],[121.59730805970472,25.038876542446385],[121.59680608529172,25.037920558166743],[121.59499113106253,25.03603850364674],[121.59362399353243,25.03537976170492],[121.59243499117163,25.03523069501325],[121.59078130367672,25.034734701935463],[121.58924286918725,25.034878918500986],[121.58783937694359,25.03558410901069],[121.58632488171276,25.035358938505187],[121.58516339133749,25.03450790676569],[121.5836786953304,25.03408925831836],[121.58366412561372,25.032730283130213],[121.58326755122746,25.03173403778468],[121.58257064360353,25.030885570996194],[121.58163342218084,25.030257948479253],[121.58053659715624,25.029905217095767],[121.57976302939878,25.02983884800833],[121.57899011362515,25.02991124947777],[121.57790641535874,25.03025905513193],[121.57678141640866,25.029218802601484],[121.57578122529964,25.028677858938256],[121.57426319147584,25.028408843806645],[121.57286771502564,25.02864993679541],[121.57234147190127,25.02858981292269],[121.57224850899067,25.0279993067532],[121.57255866871718,25.02692639189962],[121.57323085294298,25.025970338763415],[121.5744072678467,25.02536177048328],[121.57533336026218,25.024345350963074],[121.576374349593,25.023662636663367],[121.57706321329009,25.022808762588678],[121.57748544505122,25.021587493631422],[121.57856463828519,25.02059346602161],[121.5792326220343,25.01899231112443],[121.57973459803758,25.018433441290007],[121.58022735300325,25.017473513396087],[121.5803756554618,25.01677861326277],[121.58033350921386,25.015839087099984],[121.5813179879892,25.01546963006918],[121.5817329486577,25.01657600278906],[121.5827190621727,25.01766133608808],[121.58408594530506,25.01832018453716],[121.58523711866145,25.018471155754444],[121.58638681735444,25.018311127835045],[121.58743602209384,25.017853883552498],[121.58829437090223,25.01713880352037],[121.58895064337788,25.0160655823471],[121.58986005159878,25.015998702001685],[121.5907415012592,25.015729677415763],[121.592400122346,25.015748687316933],[121.59382612596826,25.015203787408357],[121.59442450674541,25.014752294945982],[121.59511319537097,25.013898339404196],[121.59540734067221,25.013243126353473],[121.59557292817699,25.012194181214312],[121.59539723139078,25.01114660258078],[121.59489538920889,25.010190605942462],[121.59411062510748,25.009408518044932],[121.59328777973484,25.008943220850924],[121.59363717094375,25.008203175374778],[121.59379729626332,25.00726568471961],[121.59543891529722,25.007755320936397],[121.5964957648607,25.007742207838707],[121.59762258947009,25.007480185308445],[121.59830608409736,25.007143724539507],[121.59916429548547,25.006428583274314],[121.59959302316646,25.005838238791164],[121.59997994679013,25.004838874579928],[121.60005266632442,25.00413406662169],[121.59987694465359,25.00308649264461],[121.59906104457147,25.001766050437922],[121.59878427110773,25.00080337898353],[121.59841506730307,25.00018053147534],[121.59791962636636,24.99963529097184],[121.59698256977249,24.999007759657523],[121.59626360535734,24.998739732190245],[121.59513128234386,24.998589604103483],[121.59436205053771,24.997226898318957],[121.59316263102984,24.99633780500869],[121.59206607835863,24.995985152167577],[121.59129271861191,24.995918838997863],[121.58901770114244,24.99633973304706],[121.58773592192405,24.997127618838235],[121.58683478113986,24.99842586663985],[121.58548408181619,24.999331580873253],[121.58502480588473,24.99926039303288],[121.58486692297167,24.997856874609024],[121.58456656762553,24.997204017340067],[121.58386985127218,24.9963555493503],[121.58258065673267,24.995577786035668],[121.58017725994566,24.994949627951936],[121.57879113750538,24.993582863084512],[121.57973666147066,24.99292931058576],[121.5810196371104,24.992888767172197],[121.58223828759445,24.992458238040044],[121.58331614149286,24.992890186587417],[121.58626712927084,24.993451167233218],[121.58849662174394,24.99304112622424],[121.58985691891938,24.992371526131713],[121.59078403891283,24.991423212878423],[121.5912766040673,24.99046324844004],[121.59185474593524,24.98757832646593],[121.59179262624703,24.98652009370065],[121.59156242952241,24.98584072379563],[121.59252363597318,24.98506873906301],[121.59311702743221,24.984157391897],[121.59339460698294,24.98312828838],[121.59328373487381,24.981895928840576],[121.59473373005781,24.981052314579067],[121.59522381257143,24.980503121268484],[121.59571630130023,24.979543142174485],[121.59588184739775,24.97849419285115],[121.59570620228011,24.977446609024785],[121.59520450037833,24.976490606633813],[121.59410666122365,24.975498653567744],[121.59305349326333,24.975049748042775],[121.59190271733632,24.974898829197976],[121.59052476447877,24.975134495686966],[121.58906021076494,24.97515127591977],[121.58754229598388,24.975759120281868],[121.58711589985765,24.97458396465429],[121.58637670525454,24.97370062080644],[121.58764969124256,24.97365873987311],[121.58911967937229,24.97308357168389],[121.58978337036177,24.973591316381953],[121.59083651443046,24.97404024557714],[121.59191889169283,24.974225328300868],[121.59307984952716,24.974168707912096],[121.59417278010928,24.973807328183263],[121.5951035546344,24.973172313435146],[121.59564022159847,24.972551513639893],[121.59697200154399,24.972053056433793],[121.59761107553487,24.97281475230985],[121.59821358400195,24.973261436417594],[121.59964430244624,24.97379489500707],[121.6020257916508,24.973792208137823],[121.60332423736851,24.973455166807465],[121.60438689690463,24.973910341706343],[121.60553767667027,24.974061163950033],[121.60668693370327,24.973900986369223],[121.60742278000025,24.97361630043097],[121.60923030609808,24.97366861385547],[121.61065575053779,24.973123560069105],[121.61174384359956,24.97212275605454],[121.61232893355235,24.97081857374915],[121.61240156693883,24.97011375826091],[121.61222579586105,24.969066195167738],[121.61192537064841,24.968413391996293],[121.61122863609232,24.967565049294958],[121.61062611003638,24.967118417881235],[121.60957295680348,24.96666962849915],[121.60803403692131,24.96653781087416],[121.60662124806615,24.966924798630053],[121.60500412380281,24.96676780107572],[121.60367577668235,24.967117928612545],[121.60275314932838,24.96673967682176],[121.60116864552411,24.966546315352613],[121.6012306419312,24.96545017795183],[121.60077541119443,24.96410365138592],[121.59978957944001,24.96301842502699],[121.59842323380397,24.962359706237518],[121.59727257063076,24.962208826572393],[121.59650008917575,24.962281311720506],[121.59507470315643,24.96282622960139],[121.59421676459078,24.96354134627435],[121.59355943262165,24.964618142404696],[121.59252656431069,24.96529768707069],[121.59192471107261,24.966018626381214],[121.59134310843018,24.966303960721817],[121.59054984114567,24.96550857627405],[121.58955011348178,24.964967712297437],[121.58842120701178,24.964714676762654],[121.58691932422362,24.964850556330756],[121.58616138906851,24.963527068530716],[121.58496235924889,24.962637898064216],[121.58348134495881,24.962234685405665],[121.58232049294723,24.96229122907574],[121.58089504139028,24.962836012375114],[121.58003701902182,24.963551048849695],[121.57931422028433,24.9647965248726],[121.57915534814865,24.965961515303142],[121.57889224577518,24.966048486767317],[121.57715153697765,24.965504699265384],[121.57599065035869,24.965561194170917],[121.57456513226525,24.966105917817934],[121.5734767842857,24.967106455462908],[121.57298416875683,24.96806636480719],[121.57283587711842,24.96876126179621],[121.57299387843248,24.970162909116755],[121.57349538356476,24.971118990745005],[121.57399060153199,24.971664318670054],[121.57492733430053,24.972292002935507],[121.57599428739938,24.972638208834624],[121.57651021873463,24.973048721890287],[121.57633570822111,24.973811357811204],[121.57638210185289,24.974776556222775],[121.57463322193706,24.97440881782887],[121.5731184069615,24.974689547116366],[121.57183674491763,24.975477296024764],[121.57096454971862,24.976700682005106],[121.56964403589937,24.976391944864925],[121.57049221429244,24.976087637044866],[121.57142313052344,24.97545276804853],[121.57191329657981,24.974903649607167],[121.5724059465838,24.973943744049564],[121.57257168449298,24.97289481642175],[121.57239624519963,24.97184720058849],[121.57189474540986,24.970891115251955],[121.57124849031874,24.970222037857113],[121.5721431500649,24.969353648550637],[121.57263577708984,24.96839374194619],[121.57280150661916,24.967344813451955],[121.57249356106009,24.965964031282155],[121.57212459613174,24.96534111136626],[121.57134026434044,24.964558890950837],[121.56850066553508,24.963137913743612],[121.56698345398878,24.962868807406988],[121.56546876072782,24.96314945710092],[121.56418716655854,24.96393714012089],[121.56349853205862,24.96479095706978],[121.56305598204857,24.966141000656833],[121.56311784211094,24.967199252875137],[121.56351403692418,24.96819556709969],[121.56421045281992,24.969044138885526],[121.56514711715172,24.969671886135988],[121.56620151619074,24.970047919988517],[121.5653068090258,24.97091627468187],[121.56472121883301,24.972220281183667],[121.56472765136878,24.97362929762745],[121.56512388074617,24.974625606122082],[121.56582034466084,24.975474168817044],[121.56642275426964,24.97592098327078],[121.56747583713388,24.97637007876056],[121.56830594001573,24.976508054917375],[121.56745775347358,24.976812350570462],[121.56652680627326,24.977447195193893],[121.56583811491464,24.978301022462542],[121.5655436685893,24.97895700426146],[121.5640821282416,24.978915926535574],[121.56291437015683,24.97838996348841],[121.56169586741706,24.9782421005166],[121.55897692846513,24.977365296630985],[121.55783319256545,24.977316792337533],[121.55640699920187,24.97678530820963],[121.55524552703959,24.97673764491014],[121.55448441720633,24.976878592101446],[121.55343543027433,24.97733560250338],[121.5523669168756,24.97831106762321],[121.55101410710246,24.97897783503324],[121.55003827232707,24.98007064824618],[121.5496510153367,24.981069891664614],[121.54957801858941,24.98177468200994],[121.54975328099302,24.982822326463427],[121.55021560852792,24.98371964331458],[121.54885172268311,24.98378184888332],[121.54741729360208,24.983245351902877],[121.54587138535295,24.98325102980928],[121.54418553069598,24.983895465673726],[121.54310936302238,24.98488019043227],[121.54166880453559,24.985400565808128],[121.54069420502857,24.985288802191135],[121.53954474617689,24.985448473338902],[121.5384956298168,24.98590538009087],[121.53789717742137,24.986356650432615],[121.53720823726806,24.987210348427375],[121.53677659822294,24.988489100327076],[121.53606333431833,24.989521286954623],[121.53578526199806,24.990550291189894],[121.53580842593303,24.99137840275105],[121.5354495710342,24.991844662527246],[121.53445835100862,24.99218192923054],[121.53352711599442,24.992816570971858],[121.53283811013665,24.993670249096308],[121.53245067281502,24.994669448983494],[121.5324767309598,24.99649846950988],[121.53287277924275,24.9974948639938],[121.53331948162156,24.998094502880093],[121.53282656788453,24.99864556482234],[121.53233351332906,24.999605343097354],[121.53219068016426,25.001024105634688],[121.53149043125613,25.00246942858739],[121.5314379247517,25.003528100826976],[121.53159246347239,25.00422187486934],[121.53260252128435,25.00658485989963],[121.53329894962795,25.00743357192599],[121.53395729515316,25.007910771391295],[121.53392902757224,25.008306536278763],[121.53260627926218,25.009435567546017],[121.53203423483174,25.01068740486551],[121.53028612095801,25.010487582936577],[121.52915911554925,25.01074909807988],[121.5283842075248,25.011147382220535],[121.52747802121358,25.010875454185307],[121.52631623494266,25.010827570441272],[121.52518921744412,25.01108905567475],[121.52450549502639,25.011425184012996],[121.52364680822926,25.01213990197284],[121.52321769169345,25.0127300336239],[121.52283011930723,25.013729208155144],[121.5227765036195,25.014770132589256],[121.52203548609397,25.01512514881508],[121.52117675940518,25.015839852806607],[121.52074761840886,25.016429977436687],[121.52039370826347,25.017304550678727],[121.5191555057833,25.017805106640246],[121.51829674375657,25.01851979431162],[121.5177026342998,25.019430851003712],[121.51741323836534,25.02068324449555],[121.51573505477799,25.020808297716275],[121.51427671195339,25.021558214304747],[121.5128928508981,25.020888463832655],[121.51003499350135,25.02014912873176],[121.50938420356624,25.019118613367997],[121.50851951122385,25.01840988108491],[121.50783295609621,25.01807851210211],[121.50674561596477,25.017830380949782],[121.5060295529439,25.017269916659476],[121.50497633320309,25.016820390730185],[121.50382526099207,25.016668796144813],[121.50305237512478,25.01674080227413],[121.50195878728543,25.017101521340038],[121.50115997906353,25.017625485294896],[121.5007362322189,25.017540749141347],[121.50004145958682,25.01695506931657],[121.49974587972541,25.01577578937304],[121.49914429475821,25.014868821077396],[121.49827969030981,25.014160027456782],[121.49722652450227,25.01371044559353],[121.49569550090072,25.013508790120298],[121.49454571533171,25.01366811806619],[121.49349618880521,25.01412471218829],[121.49263730064267,25.014839253930553]],[[121.54328090801779,25.148739396817295],[121.54222642234308,25.148290163804326],[121.54137308609582,25.148151157005362],[121.54140525298988,25.14720326622497],[121.54225652362175,25.14661320571632],[121.54299778133895,25.145659366592223],[121.54427601291937,25.14585111934453],[121.54519702204121,25.145744715919122],[121.54478578570934,25.1467798680887],[121.54474332898552,25.147898054817176],[121.54328090801779,25.148739396817295]],[[121.54293320568543,25.13195336536946],[121.54121408437372,25.131598873642783],[121.5400632643575,25.131758568525584],[121.53870116278334,25.132427731266883],[121.53792283259563,25.13321577571355],[121.53735592380252,25.13444680454099],[121.5363039880129,25.135590430912828],[121.53591615531845,25.13658962775777],[121.53586365266517,25.137648282837393],[121.53601839970082,25.138342036596956],[121.53686264307115,25.139690769807235],[121.53651515817127,25.13960058243905],[121.53593976223345,25.138381869945775],[121.5351545316577,25.137599491439154],[121.53415362678011,25.13705828695902],[121.53266193360162,25.136790005907343],[121.53268173351961,25.136064555375732],[121.53369653213464,25.13591149385547],[121.53474693398745,25.13545460867912],[121.53560640130605,25.134739825253522],[121.53620091672988,25.133828704049368],[121.53642369599528,25.133150464089873],[121.53647619266626,25.132091808283658],[121.53618884910405,25.13106486494361],[121.53558898727783,25.130161198801307],[121.53679861906215,25.129542350067084],[121.5380462854494,25.128439778388657],[121.53864075301196,25.127528647430157],[121.53891908771602,25.126499651989548],[121.53885732715987,25.12544141010426],[121.5384607985514,25.12444505631157],[121.5377636570913,25.123596393387118],[121.5371122543707,25.12312333008238],[121.53699759497454,25.122788767285616],[121.53718719552369,25.121843174512698],[121.53833248425728,25.12158074956875],[121.5396785009282,25.12087230605196],[121.54045674304527,25.12008425256727],[121.54093079273387,25.119174461213007],[121.54201586170241,25.118473230738214],[121.54270548388234,25.11761951372544],[121.54309320420076,25.116620298486225],[121.54307402139415,25.11516500183769],[121.543388683014,25.1136195401863],[121.54337674045937,25.112859001132744],[121.54378624384304,25.111435556174644],[121.5446463052434,25.112330707708793],[121.5463811979377,25.11354494256313],[121.54636443591565,25.114378550502263],[121.54665182229823,25.115405475646927],[121.5475042558115,25.116642230569823],[121.5482331380026,25.11725916759338],[121.54822299164948,25.11872893291862],[121.54880980727782,25.120011560782103],[121.54816425627202,25.12082070379947],[121.54773312316749,25.122036746990002],[121.5469635851887,25.12269047176456],[121.54636920272306,25.123601635270465],[121.54609093678661,25.12463064394675],[121.54623703892425,25.125990014791245],[121.54477377048114,25.12683688500847],[121.54391909598978,25.12801157716012],[121.54309938968022,25.129855705263708],[121.54289073840128,25.131010562271552],[121.54293320568543,25.13195336536946]],[[121.55123828826044,25.01048038768814],[121.55004833019197,25.009349285298754],[121.54936171829696,25.00901810867164],[121.54823248337775,25.00876477536769],[121.54707117289446,25.008821051637216],[121.5458609422531,25.009246496258605],[121.54452436833569,25.009398529571452],[121.54347506951848,25.009855473092642],[121.54265213379645,25.010534188190412],[121.54162612189599,25.009850062932262],[121.54251234976174,25.008579594925806],[121.5428997465322,25.007580371324163],[121.54297265755098,25.006873251615037],[121.54383211815396,25.0056068221719],[121.54499764481406,25.00636482237544],[121.54553689086634,25.007152178417087],[121.5464017112931,25.007860694303258],[121.54745499895519,25.008309926137454],[121.54911756252322,25.00854522879715],[121.55027886915452,25.00848893660565],[121.55137223297999,25.00812786535692],[121.55230348786093,25.007493112799015],[121.55327844134986,25.006454944292933],[121.55450257941854,25.007530693094367],[121.55489278782001,25.00850537779739],[121.55532703030543,25.009092376485736],[121.55670192369985,25.010290841301302],[121.558132903717,25.010824691969656],[121.55995914498115,25.01075385001141],[121.55870949107604,25.01255421124214],[121.55773577537299,25.013476135713752],[121.5569378094867,25.014781242571317],[121.55715300020834,25.013605204268195],[121.55697762615705,25.012557574680187],[121.55647607269117,25.011601443382926],[121.5556915384357,25.010819148726164],[121.55469158755277,25.010278057619974],[121.55356233096008,25.01002476521566],[121.55240101192591,25.01008108325808],[121.55123828826044,25.01048038768814]],[[121.54873373348931,24.99238833747498],[121.54719745281002,24.991982509481378],[121.5464427626318,24.991491221364154],[121.54756218395084,24.990377151772016],[121.54845889425773,24.990880863623794],[121.54907746439453,24.992337987767062],[121.54873373348931,24.99238833747498]],[[121.5185450262151,25.146342216913403],[121.5174571033882,25.145870341766827],[121.51705488887548,25.145782373516877],[121.51792318561547,25.145576904062118],[121.5185450262151,25.146342216913403]],[[121.51958184380936,25.139938687694286],[121.51887048204445,25.13929139904438],[121.5192706275375,25.138475002327663],[121.51943701210892,25.137426145844262],[121.5193578070537,25.13672191509434],[121.51896139740386,25.13572550865699],[121.51797487013226,25.134639775387324],[121.51732661864273,25.134248742030525],[121.51628006172245,25.133906999127095],[121.51694068424062,25.13292918523908],[121.5172192129091,25.131900228156603],[121.5171576355198,25.130841975009123],[121.51655985511913,25.12954229651315],[121.51577480364455,25.128759811472822],[121.51440703479985,25.12810035816057],[121.51284617681554,25.127967590106902],[121.51146904703315,25.12833725780861],[121.51209045848846,25.127149310016765],[121.51235898102887,25.12618360011839],[121.51342301242894,25.126639644510366],[121.51457512604749,25.12679114600756],[121.51572593665433,25.126631649163432],[121.5170881038741,25.12596269608378],[121.51806536528399,25.12487009691622],[121.51867626670457,25.12309769558451],[121.52010621627468,25.123349534400994],[121.52086355394434,25.124471690399222],[121.52180024524176,25.125218823949552],[121.52305353628384,25.126901735122328],[121.5241779469339,25.12775036607208],[121.52389326250125,25.129104075318043],[121.52403382525809,25.13096796517128],[121.52449707309928,25.132327039763872],[121.52454237531082,25.133488320457605],[121.52497917804494,25.13454546489901],[121.52480937703425,25.135112738415046],[121.52378459453816,25.134998865043325],[121.52263371740828,25.13515842537892],[121.52158327131052,25.135615225391266],[121.52098403875834,25.13606643142194],[121.52029416255789,25.136920049399166],[121.51999933232226,25.137575114558317],[121.51983295238992,25.1386239715785],[121.51999164657622,25.139612399100425],[121.51958184380936,25.139938687694286]],[[121.51587309992608,25.10058858629518],[121.51530656051919,25.099918762498454],[121.51661145297942,25.099590512112393],[121.51587309992608,25.10058858629518]],[[121.50843752745881,25.132174031499797],[121.50936084124402,25.130852790730426],[121.50928317353583,25.131573685537216],[121.5094411224614,25.132559800555654],[121.50843752745881,25.132174031499797]],[[121.5040241458733,25.110908572954898],[121.5028940591268,25.1106549119129],[121.50155883234835,25.110750910108816],[121.50249586493305,25.10985511613723],[121.50308274324655,25.108551357471057],[121.50307697759654,25.107142352419007],[121.50252537368138,25.10591176477018],[121.50341506633794,25.105180523574074],[121.50405447103985,25.1043405073002],[121.50486050048688,25.104044038640783],[121.50672545791672,25.103941737821586],[121.50826301012798,25.103126864324167],[121.50778047082606,25.104074778513393],[121.50761402622625,25.105123627470807],[121.50792162683379,25.106504524629834],[121.50889974245435,25.10776611443527],[121.50844059347484,25.10895339387903],[121.50738440485974,25.109108282594413],[121.50633412086353,25.109564973511247],[121.50547465324844,25.110279589529164],[121.50482995445489,25.11131950411241],[121.5040241458733,25.110908572954898]],[[121.50884916038983,25.09837247030212],[121.50775089751761,25.097379901974634],[121.5070639002132,25.097048539835697],[121.50593393554585,25.09679489959476],[121.50406655269778,25.096777545515653],[121.50182467870651,25.09725822922036],[121.49952465473892,25.09846965777531],[121.49939622552964,25.097947591523546],[121.50011432661158,25.097070543799973],[121.50061042976004,25.096037553444805],[121.50189056733224,25.095323707035586],[121.50313298926788,25.095899579975363],[121.50467343662568,25.09603245615243],[121.50580127423754,25.09577111652124],[121.5064868643243,25.09543415003595],[121.50818541232479,25.09531173098935],[121.51011348676869,25.094289489951702],[121.50999434886477,25.09516368605723],[121.51016945606013,25.09621136414203],[121.51133352408483,25.098321222330995],[121.5100972930282,25.098701682142114],[121.50930681874343,25.099218356451694],[121.50884916038983,25.09837247030212]],[[121.49437190834146,25.14128608165797],[121.49472607345983,25.141085218950966],[121.49501117961488,25.140891263988433],[121.4946841518181,25.141574112455984],[121.4945559810954,25.141646944552697],[121.49437190834146,25.14128608165797]],[[121.5151754374579,25.078331683399277],[121.51654325222242,25.077657603638954],[121.51695158681551,25.078266104392995],[121.51660807813971,25.079179084108763],[121.51655293066406,25.08019486597078],[121.51590313525806,25.07941679880823],[121.51528064532798,25.07895910522019],[121.5151754374579,25.078331683399277]],[[121.5342348340955,25.15587965841982],[121.53375394450104,25.15459326181488],[121.53419128418616,25.15441661472537],[121.5345998804102,25.155138175355102],[121.53530219719964,25.155852609427722],[121.5342348340955,25.15587965841982]],[[121.53770627371178,25.01677241472205],[121.53875591741496,25.017405617389255],[121.53906192087439,25.01786151708164],[121.53810642760709,25.018506677686876],[121.53752884982137,25.019155281401797],[121.537713154635,25.018015719994537],[121.53754485891005,25.01699282419137],[121.53770627371178,25.01677241472205]],[[121.5696283973599,25.074883759066463],[121.56862195090861,25.074337938478262],[121.56749207832839,25.07408476486097],[121.56583938345379,25.07422739549339],[121.56738532424924,25.073352773301828],[121.56787588829528,25.072803668179557],[121.56836894473304,25.071843781110218],[121.5685173731349,25.071148895524182],[121.56845539583065,25.070090662005626],[121.56774861152682,25.0686587653752],[121.56933684847161,25.06852123857532],[121.57055995659044,25.067945930411433],[121.57085347563654,25.06907605230618],[121.57129191477205,25.069783148007367],[121.57067053520964,25.070722204197203],[121.57039258390752,25.07175126016656],[121.5704545789815,25.072809492332564],[121.57074483518156,25.07360317963064],[121.57037479071539,25.07433893665854],[121.5696283973599,25.074883759066463]],[[121.5723887200483,25.06358368328342],[121.57254727756735,25.062410443158516],[121.57285043686939,25.061270409307603],[121.5735530752072,25.061737160680643],[121.57275560404845,25.06268124870564],[121.5723113470581,25.064061350406497],[121.57209683804922,25.064233981291757],[121.5723887200483,25.06358368328342]],[[121.56504141244518,25.019527960147098],[121.56352351267702,25.019258832610333],[121.56226299548045,25.019449815730347],[121.5623382252561,25.01924340272849],[121.56360397082189,25.018462886899815],[121.56437320620513,25.017452665438352],[121.56537394583202,25.01665928533178],[121.56595769062355,25.015767512127177],[121.56681121351963,25.015441960008122],[121.56878512874904,25.01589862061535],[121.56746552656067,25.017026357317736],[121.56688999811131,25.018292419422075],[121.56627586966624,25.018840801477506],[121.5656558055957,25.019819939349357],[121.56504141244518,25.019527960147098]],[[121.57154779881371,25.00931897806277],[121.56916882902091,25.008527650807693],[121.56967217438827,25.008326569038093],[121.5705266807453,25.008411170032684],[121.57167630756697,25.00825125697559],[121.57239276586806,25.007977589968878],[121.57332390881074,25.007342707687307],[121.57413418581115,25.00646357626643],[121.57461563726896,25.00553283861119],[121.57547266863448,25.004538813816616],[121.57590998929757,25.00322178487862],[121.5767591927274,25.004101238424646],[121.57775918655182,25.0046421807781],[121.57888843940913,25.004895289628042],[121.57997513828437,25.004849141132514],[121.5808992537565,25.005841306323397],[121.58189927936287,25.00638222013443],[121.58421367535693,25.007154812717644],[121.58557185891647,25.00717490274789],[121.58568969941325,25.007819117407134],[121.58462532572794,25.008792132419856],[121.5828346502459,25.00921917572101],[121.58165083181602,25.008527797909593],[121.58052154037676,25.008274710857755],[121.57936025456145,25.008331238931905],[121.57826697514965,25.008692514526377],[121.57680289571591,25.009568305572746],[121.57602557325166,25.010356545058247],[121.57543991905762,25.011660588179605],[121.57542659531693,25.01295088467314],[121.5727384514078,25.01420990091319],[121.5731571705414,25.013363697836713],[121.57332294775425,25.012314774072518],[121.57324353025224,25.011610564148558],[121.57284711091722,25.01061428546648],[121.5724127807282,25.010027339614364],[121.57154779881371,25.00931897806277]],[[121.57386891303452,24.983287063765495],[121.57409596352358,24.98336012381338],[121.57419940067894,24.983383315438083],[121.57403220872743,24.98352261013918],[121.57386891303452,24.983287063765495]],[[121.55815508803256,25.067967703340894],[121.55702762310857,25.068229435757583],[121.55597864440387,25.068822493735272],[121.55532742567276,25.06894773851087],[121.55445374140767,25.06885885111463],[121.55346216863204,25.068981817056045],[121.55262543770432,25.06865006451457],[121.55147382905132,25.068498849118612],[121.54995780566,25.068779359865655],[121.54896226055052,25.069327864684336],[121.54818438828424,25.070115961832027],[121.5476911797535,25.071075784667656],[121.54753315779566,25.072262397342794],[121.54649010846705,25.071133910430518],[121.54587056630906,25.07007237458355],[121.5465649431389,25.069469641782053],[121.54715907078351,25.068558475317182],[121.5474372104785,25.067529459189362],[121.54740954590133,25.06667508742922],[121.54804693593191,25.06566544495961],[121.54892673736983,25.065603423883935],[121.54978078703583,25.066300736774377],[121.55046772216329,25.06663190346403],[121.55198618166764,25.06690115311214],[121.55350217698138,25.0666206220555],[121.55497124553368,25.065644197314068],[121.55583629366534,25.06573115132452],[121.5580849473862,25.0655129482442],[121.55969264218515,25.06616467876481],[121.56085495793431,25.06621229211977],[121.56166519270847,25.06605526338922],[121.56207827988605,25.0669515067704],[121.56049754302109,25.0672294725397],[121.55923068073432,25.06800394297652],[121.55815508803256,25.067967703340894]],[[121.54809373084795,25.07396506581499],[121.54800494644172,25.073955415365887],[121.54799690329672,25.073817694826786],[121.54809373084795,25.07396506581499]],[[121.56463771046525,24.994259075366923],[121.56350156082651,24.99379136652104],[121.56345002494713,24.993262165937793],[121.5651656201538,24.994080056968055],[121.56688500874371,24.994187254203393],[121.56741722744695,24.99467492675787],[121.56710518139514,24.995219570392145],[121.56566940174592,24.995170740276016],[121.56463771046525,24.994259075366923]],[[121.56316127976666,25.008800742886283],[121.562870721686,25.008841143295168],[121.56239695002166,25.00896069507325],[121.56254294268122,25.008676364541643],[121.56316127976666,25.008800742886283]],[[121.56640125260905,25.00893794458438],[121.56603454367492,25.00881995041176],[121.56554100223869,25.00872006015762],[121.56598013570182,25.008554100655104],[121.5668661231413,25.008780874292054],[121.56640125260905,25.00893794458438]],[[121.5718014337976,25.015170157152987],[121.57160895824512,25.015493675058913],[121.57134482630339,25.015451373697633],[121.57157559583658,25.01532412864704],[121.5718014337976,25.015170157152987]],[[121.60707871430867,25.068652682045624],[121.60514419270066,25.068078720107795],[121.60525469015882,25.067233890261015],[121.60510221015815,25.066269790554838],[121.60643531881308,25.06514879524239],[121.60749758356324,25.066354398475376],[121.6076559671807,25.068356766862316],[121.60707871430867,25.068652682045624]],[[121.59371057902867,25.075151690561498],[121.59502747569323,25.074238025831193],[121.5957744066559,25.073957236387237],[121.59670591690028,25.073322206299352],[121.59739490768499,25.072468241120912],[121.59775338521754,25.07157509065951],[121.59879134951058,25.0708558119502],[121.59979513066462,25.070830381151602],[121.5990435489599,25.07159711031619],[121.59855073481954,25.072557094945847],[121.5983851030959,25.073606035960957],[121.59848650382757,25.074387996821667],[121.59775533080324,25.07485178999362],[121.59647394563207,25.0747778316749],[121.59480891035975,25.075295654717003],[121.59382750025485,25.075371092847053],[121.59371057902867,25.075151690561498]],[[121.56600647836831,25.137539578776767],[121.56455383840496,25.138498709998782],[121.5627522142287,25.13913586081865],[121.56174625281719,25.140032336568154],[121.56053031065962,25.13899914790568],[121.55909781866049,25.138465355468362],[121.55793481956441,25.13841774058922],[121.55668745307936,25.138731373621894],[121.55504352973456,25.138770522691683],[121.55452943210334,25.13777146240721],[121.55374408904784,25.136989184289842],[121.55106314735423,25.13571812273192],[121.55020592523803,25.135500678931727],[121.54966455572202,25.133884789461906],[121.55034602965233,25.133039320352193],[121.55065388536593,25.13233538435277],[121.55115073862981,25.133278534427184],[121.55236390637661,25.134712331280234],[121.55356440785613,25.135601719146926],[121.55428408948885,25.135869936002383],[121.55543633397144,25.13602111735431],[121.55658717138748,25.135861302829074],[121.55761158932742,25.135418518312562],[121.55813398126277,25.136172448601265],[121.55899979461216,25.136880862063908],[121.56005424034917,25.137329976992355],[121.56120650474475,25.13748111308302],[121.56272334409391,25.13720047578493],[121.56400672733338,25.136412792003625],[121.56486126408274,25.135237987614907],[121.56515427752676,25.133810724398167],[121.56587270781698,25.134008022141288],[121.56567056464161,25.134841172779485],[121.56573256241768,25.135899398117417],[121.56596142610279,25.136575955386128],[121.56648935427292,25.137391665389764],[121.56600647836831,25.137539578776767]],[[121.56993055879792,25.12842878004143],[121.56861963192192,25.127334576521157],[121.56856989498975,25.125741900154786],[121.56900643896219,25.125036227333474],[121.56954123897648,25.126108935946867],[121.57079722078888,25.127696202344744],[121.56993055879792,25.12842878004143]],[[121.55369612959242,25.15203008241004],[121.55394435987685,25.151199990647946],[121.55399670986515,25.150141333618045],[121.55384184535652,25.14944760170224],[121.55325806746049,25.148282628772588],[121.55320012500187,25.14746380946746],[121.55355420914827,25.146530003893005],[121.55361784564687,25.145664258352827],[121.55388098770636,25.1465456626899],[121.55439423989623,25.14734360034512],[121.55470093207491,25.148755683500447],[121.55520372536407,25.14954087384422],[121.55447560138542,25.151020126473064],[121.5544644407143,25.152324526207977],[121.55369612959242,25.15203008241004]],[[121.55901057113276,25.116671406426597],[121.55839728244663,25.115154292415856],[121.55919880349211,25.11504961796042],[121.56037443770906,25.11557998591466],[121.56303175023872,25.116165246398143],[121.56341471833422,25.116342495430462],[121.56358929616887,25.11737272978843],[121.56388384061535,25.1180141757556],[121.56323910704522,25.11799782743862],[121.5622498893185,25.117139121114857],[121.5611956107376,25.11669001773205],[121.56004354191371,25.11653887776345],[121.55901057113276,25.116671406426597]],[[121.55032072158362,25.10723966132563],[121.54926968925136,25.10626925717479],[121.54902550160142,25.105550854908593],[121.55004954097086,25.10548888135657],[121.55129386710966,25.10504512026478],[121.55188439117713,25.105190166519176],[121.55233147924096,25.106008555210693],[121.55299882246459,25.10669443929673],[121.55196318277207,25.10684865229773],[121.55072226382212,25.107435620030216],[121.55032072158362,25.10723966132563]],[[121.56269583187171,25.1305293140198],[121.56110605275435,25.13026215745418],[121.56077217678579,25.128995097331178],[121.56136970624088,25.128824848623275],[121.56276196468049,25.129807317737654],[121.56269583187171,25.1305293140198]]],[[[121.48430470396346,25.112468765291506],[121.48278581503459,25.112198831134084],[121.48126908504399,25.11247864928975],[121.47998540469884,25.11326562361491],[121.47929536519533,25.11411905577354],[121.47885138359972,25.11546884470832],[121.47900853870739,25.1168705785179],[121.47974292395311,25.11811085390716],[121.48060816458649,25.11881973618366],[121.4820400991611,25.11935429772685],[121.48358773087023,25.11934925734032],[121.48501542747684,25.118805382727295],[121.48561471183478,25.118354320342153],[121.48630473017602,25.117500859556756],[121.48674863644652,25.116151049782488],[121.48659139427093,25.114749325345965],[121.48585696121769,25.113509084051707],[121.48530519316695,25.113010314726537],[121.48430470396346,25.112468765291506]]],[[[121.5069445430734,25.151558555054024],[121.50581407500827,25.15130492358911],[121.5050363152756,25.15130757771263],[121.5039079681686,25.15156891753667],[121.50322341228896,25.151904954771886],[121.50213286198336,25.15290498114321],[121.5016389710727,25.153864651228915],[121.5014929663077,25.155267376925952],[121.5018313605264,25.15639212352438],[121.50041643122415,25.156287565685624],[121.49928802801296,25.156548870993912],[121.49829154658704,25.157097044125777],[121.49751279942943,25.157884880211196],[121.49692563546365,25.15918861271155],[121.49693134407299,25.160597609194284],[121.49752907555303,25.161897362356857],[121.49831422848285,25.162679939122214],[121.49931519107996,25.163221383135227],[121.50044575692378,25.163475062317012],[121.50160855483959,25.16341912833174],[121.50303667745952,25.162875076669078],[121.50389652203793,25.162160473898325],[121.50462120976661,25.160915366173978],[121.5047671842147,25.159512638908424],[121.50442875415409,25.158387899821527],[121.50584371032366,25.1584924190832],[121.50697211643569,25.158231063825852],[121.50796856709141,25.157682832821155],[121.5087472448042,25.15689494278942],[121.50933427172062,25.155591165132876],[121.5094075827484,25.154886405579695],[121.50923238888147,25.15383873606775],[121.508497488063,25.15259862063687],[121.5079454510027,25.152099942355694],[121.5069445430734,25.151558555054024]]],[[[121.5555024028172,25.174348724145514],[121.55445175111335,25.174805758460753],[121.55385245356207,25.1752570962931],[121.55316259420174,25.176110862758904],[121.55286785079772,25.1767659885557],[121.55270170622259,25.177814873192112],[121.55278113363171,25.178519078593485],[121.55317796149454,25.179515381895555],[121.5538439371609,25.180512914893885],[121.55307128059614,25.181296153022032],[121.55270737646059,25.181921833993396],[121.55242904162031,25.182950847853732],[121.55243223345036,25.183658746313863],[121.55288780240383,25.18500537652048],[121.55358540475375,25.18585395359452],[121.55501262710361,25.186713261899136],[121.55616884080605,25.18779081641297],[121.55760190142443,25.188324623971692],[121.55837645943976,25.188391090007013],[121.5595277827023,25.18823124537934],[121.56024531005326,25.187957624881584],[121.56117786129784,25.187322809258866],[121.56203277010319,25.18614802262065],[121.56231869281095,25.18459732316961],[121.56256616500991,25.18417743749568],[121.5636553316488,25.183817582773738],[121.56458783370591,25.183182746155076],[121.56527765114308,25.182328927925],[121.5657918803993,25.181066473252113],[121.56664576845382,25.182044195338413],[121.56758408975686,25.182671880664792],[121.56868225277869,25.183024677136025],[121.56960339076849,25.183083965977925],[121.56941897436678,25.18387130289768],[121.56948103817221,25.184929518694847],[121.5698780227506,25.18592577364163],[121.57057574649333,25.18677426837237],[121.57186689846843,25.187552081720632],[121.57338690145676,25.187821080899383],[121.57416081265349,25.187748692442298],[121.5752556862959,25.187387427207703],[121.57621070730428,25.186831619904396],[121.57698912041369,25.18604337824324],[121.5773529110818,25.18541763984963],[121.57763104076132,25.184388583001237],[121.57762770323265,25.18368068769517],[121.57734846422412,25.182675361242648],[121.57800435816017,25.18307200649583],[121.5791025531499,25.183424725018046],[121.57987708940777,25.18349107887699],[121.58102833514641,25.183331068136365],[121.5817457837877,25.18305734453911],[121.58267818396959,25.182422395605748],[121.58336786936786,25.181568495260063],[121.58375544744337,25.18056918441993],[121.58374873538499,25.179160211965584],[121.5831500089792,25.1778608268629],[121.58216422512248,25.17687871578196],[121.58079557020282,25.17621989515785],[121.57964291993774,25.17606891912445],[121.57849174018256,25.176228918059913],[121.57744116168578,25.176686114245697],[121.57658165434493,25.177401137314995],[121.57598723775794,25.17831241377076],[121.57570910690688,25.179341468370268],[121.57577122185737,25.18039968125684],[121.57604024490301,25.181152360921175],[121.57481577790706,25.18058993936949],[121.57325678485469,25.180460233686627],[121.57338757147184,25.179110802956835],[121.57293180181385,25.177764238328617],[121.57204411464906,25.176735756592333],[121.57075307701542,25.17595794167807],[121.56923322695384,25.175688912331204],[121.568082035446,25.175848830479325],[121.567031419775,25.176305953417053],[121.56602595396056,25.177201514171966],[121.56521424686144,25.176135883088914],[121.56392325771965,25.17535800766539],[121.56279246014023,25.175104817694464],[121.56201455669449,25.175107773620457],[121.56088612171526,25.175369548474002],[121.56000096844012,25.175842432153498],[121.55914209884156,25.174977268813596],[121.5602853664514,25.175022235292403],[121.56141379962693,25.174760465040187],[121.56269757948752,25.173972789629918],[121.5631885573199,25.17342370007095],[121.56365107979293,25.172543622873157],[121.56488289854569,25.17194441841825],[121.56628047418207,25.171918747850203],[121.56737523184394,25.1715575422232],[121.56856791419703,25.17065910375392],[121.56929198730475,25.16941369102211],[121.56945797963833,25.168364789232278],[121.56928225263566,25.167317201616317],[121.56877994786504,25.16636114443726],[121.56776858208646,25.16533061097148],[121.56744014668618,25.164342142164582],[121.56824836697506,25.163533592837243],[121.56883478695151,25.16222959053146],[121.56893775317279,25.161354807115718],[121.56878798135371,25.160399806025072],[121.56912470140057,25.159499584641615],[121.5691976701805,25.158794801590258],[121.56900814303864,25.157410607729148],[121.56861126271437,25.15641434489081],[121.56791372959778,25.15556583417584],[121.5669756170163,25.15493814506226],[121.56587771190134,25.154585330125265],[121.5643296564095,25.154591237268175],[121.56323503971359,25.154952418721646],[121.56230274212609,25.15558724562913],[121.56161305024276,25.156441050817893],[121.5611698345572,25.157791066465194],[121.56141203780756,25.15978010166683],[121.56107526005057,25.160680306870805],[121.5609722380955,25.161555085861615],[121.56130342729216,25.162979323030655],[121.56049259262403,25.163547216423837],[121.55980284435358,25.164401013257496],[121.55941511800596,25.16540026606779],[121.55916319473567,25.1670647600182],[121.55865903683643,25.167996343379098],[121.55766179219277,25.168435803373942],[121.55706253738752,25.16888715385546],[121.55637273562935,25.169740935020133],[121.55607802413057,25.170396067216586],[121.55591191461325,25.171444955739187],[121.55608753434201,25.172492560517018],[121.55658976714444,25.173448661254664],[121.55740798841002,25.174252743306127],[121.55626472843217,25.174207754487036],[121.5555024028172,25.174348724145514]]],[[[121.57531280861029,25.163707894705592],[121.57379310197574,25.163438909235445],[121.57227596720513,25.16371966415337],[121.57099235661481,25.164507420770754],[121.57030267722304,25.16536126523304],[121.56985952757181,25.16671130416876],[121.57001779728486,25.16811291358117],[121.5707534101425,25.169352709044826],[121.57161953303662,25.17006104021635],[121.57305244886047,25.170594701861162],[121.57460070401994,25.170588699984545],[121.57602857131145,25.170043948733994],[121.57662776023174,25.169592522664672],[121.57731741811892,25.1687386495776],[121.57776049202423,25.167388590006183],[121.57760213508618,25.165986990283606],[121.57686647461966,25.164747229159133],[121.57631410911101,25.164248812212136],[121.57531280861029,25.163707894705592]]],[[[121.58909208962777,25.134487754926525],[121.58757271908544,25.13421890383271],[121.58605597868218,25.134499793970097],[121.58477276072851,25.13528766606883],[121.58408333846226,25.136141573416186],[121.58364043994781,25.137491654305855],[121.58379882192052,25.13889325236004],[121.5845343910378,25.140132984875045],[121.5854003818547,25.1408412404855],[121.58683301072642,25.141374775905273],[121.58838089336446,25.141368636545568],[121.58980835930858,25.140823757494363],[121.5904073559345,25.14037227737806],[121.59109675668503,25.139518341454934],[121.59153957953824,25.138168239997352],[121.59138111048964,25.136766651667298],[121.59064549388965,25.135526953472212],[121.59009320763387,25.135028584597244],[121.58909208962777,25.134487754926525]]],[[[121.59615051883473,25.015687660351063],[121.59463260557152,25.015418850653223],[121.59311733972255,25.015699790365765],[121.59189241942765,25.0163385732819],[121.59091666398639,25.0174316479944],[121.59047423920624,25.018781761627157],[121.59063251654779,25.020183376048855],[121.59136741847637,25.021423106068653],[121.59223259792577,25.022131347569953],[121.59366386255394,25.022664850197856],[121.59443739113777,25.022731147689033],[121.59558711588849,25.02257104820014],[121.59717769813238,25.021811376667678],[121.5981534309734,25.020718261887602],[121.59859577771947,25.019368127176424],[121.59843741139365,25.017966522731886],[121.59770246058636,25.016726828019184],[121.59715068968443,25.01622846819678],[121.59615051883473,25.015687660351063]]],[[[121.60100045351865,25.021497615123675],[121.59948245907071,25.021228856674828],[121.59796713433438,25.021509846715645],[121.59668515620929,25.022297810757458],[121.59583168740089,25.02347279654375],[121.59553666867687,25.024855930935402],[121.59571238417364,25.026053507164413],[121.59644737284451,25.027293209510567],[121.59764712112705,25.02818226664111],[121.59912897391727,25.02858531929693],[121.60066731624849,25.02844100193591],[121.60202793068223,25.027771287676167],[121.60257488449406,25.02726849557222],[121.60316839669012,25.02635711105259],[121.60346332792814,25.02482396340831],[121.6031548836534,25.02344326425084],[121.60229003477019,25.02227520892004],[121.60100045351865,25.021497615123675]]],[[[121.59878175857806,25.12888766027325],[121.59726243857438,25.128618907447482],[121.59600173145527,25.128799034952838],[121.59463997812725,25.12946870615383],[121.5936633727589,25.130561798368266],[121.59327602501719,25.1315611375218],[121.59321394445702,25.1324485034581],[121.59209197173425,25.133467000460687],[121.59159886548015,25.134426959577706],[121.59145049937648,25.135121861392943],[121.59151271930673,25.13618007191946],[121.5917717218566,25.136966587559087],[121.59237459697944,25.13787314356632],[121.5932406157975,25.138581353030702],[121.59467325048921,25.13911481265523],[121.59622110243542,25.139108591904172],[121.5976485058509,25.138563638262287],[121.59824746209672,25.138112127040802],[121.59893679515899,25.13725815561018],[121.59932411344359,25.136258802939803],[121.59938125315631,25.1352882239164],[121.60009742143693,25.134772093709163],[121.60078672320574,25.133918113873392],[121.60108111065712,25.13326289536036],[121.60124678831369,25.13221395866122],[121.60107084925232,25.131166407657],[121.60056845328403,25.130210455449948],[121.59978287160874,25.12942842494198],[121.59878175857806,25.12888766027325]]],[[[121.66417113562808,25.021446959870175],[121.66307416794587,25.021094840206214],[121.6623006212569,25.021028900373857],[121.65931105898699,25.021359498460285],[121.65826210297655,25.021817245154995],[121.65725741920735,25.022714811849646],[121.6555955739292,25.022990472603926],[121.65442722610895,25.02368447761266],[121.65314218108213,25.024197168053853],[121.65205398191142,25.025198270353798],[121.65146907110903,25.02650259622863],[121.65147651007865,25.02791157964727],[121.65187361801352,25.02890763305385],[121.65257098318101,25.029755766066177],[121.65317396776925,25.03020221480231],[121.65422781923475,25.030650677836725],[121.6549905998764,25.030785425827375],[121.65576757743827,25.030781999655982],[121.65689447477972,25.030519527025216],[121.6580628718605,25.029825502007036],[121.65934795360627,25.02931276884347],[121.6600373720609,25.028768418071856],[121.6606085455018,25.029614503986185],[121.6611606281995,25.030112621129266],[121.66267805581364,25.03089073728894],[121.66421782385454,25.031021971307936],[121.66497912766286,25.03088045958865],[121.66602813379694,25.030422664972132],[121.66688610211187,25.029707139586705],[121.66747914439827,25.02879550778562],[121.66775619247841,25.02776628192525],[121.6676933947383,25.026708099842306],[121.66709456917448,25.02540902990469],[121.66628242856105,25.02460805172926],[121.66610695817305,25.02357480763386],[121.665604521268,25.02261906310547],[121.66510869658579,25.02207405577112],[121.66417113562808,25.021446959870175]]],[[[121.62227064321682,25.088247425608905],[121.62075178156661,25.08797890346685],[121.61942148997692,25.08818920580592],[121.6180603138754,25.08885908486795],[121.61708423466777,25.089952327320844],[121.61664185590074,25.09130250530078],[121.61680054210606,25.09270407087989],[121.6175361535713,25.093943646278838],[121.61840199881242,25.094651716020117],[121.61983422083424,25.095184943208185],[121.62060821671312,25.095251094862387],[121.62175857760356,25.095090782136985],[121.62329980389103,25.094370865655666],[121.62427586106577,25.093277583343053],[121.62471816212368,25.09192738442964],[121.62455938711976,25.090525828887127],[121.62382372692997,25.089286288711527],[121.62327152095406,25.088788038952725],[121.62227064321682,25.088247425608905]]],[[[121.61617086997995,25.09339748525482],[121.61465195636517,25.093128901809482],[121.61313578897428,25.093410059932438],[121.61185317293088,25.094198159567203],[121.61116416572959,25.09505218979006],[121.61072170452125,25.096402350772358],[121.61088033132302,25.09780392287999],[121.61161591547243,25.099043527343493],[121.61248176399698,25.099751631123947],[121.6139140215594,25.100284914470063],[121.61546137894653,25.100278501959167],[121.61688824570571,25.099733370283534],[121.61748694347366,25.099281783862295],[121.61817592911954,25.098427725138485],[121.61861831476739,25.09707754370514],[121.61845960110617,25.095675981395047],[121.61772396967935,25.094436411238416],[121.61717176428394,25.093938139088436],[121.61617086997995,25.09339748525482]]]]},"properties":{"city":"taipei","minutes":5,"minutes_label":"5分鐘"}}]}