{"type": "FeatureCollection", "features": [{"type": "Feature", "geometry": {"type": "Point", "coordinates": [121.537, 25.011]}, "properties": {"accident_count": 33, "death_count": 0, "injury_count": 0, "top_cause": "無(非車輛駕駛人因素)", "top_hour": 23, "near_location": "", "city": "taipei"}}, {"type": "Feature", "geometry": {"type": "Point", "coordinates": [121.524, 25.048]}, "properties": {"accident_count": 32, "death_count": 0, "injury_count": 0, "top_cause": "無(非車輛駕駛人因素)", "top_hour": 21, "near_location": "", "city": "taipei"}}, {"type": "Feature", "geometry": {"type": "Point", "coordinates": [121.535, 25.062]}, "properties": {"accident_count": 30, "death_count": 0, "injury_count": 0, "top_cause": "無(非車輛駕駛人因素)", "top_hour": 18, "near_location": "", "city": "taipei"}}, {"type": "Feature", "geometry": {"type": "Point", "coordinates": [121.522, 25.058]}, "properties": {"accident_count": 29, "death_count": 0, "injury_count": 0, "top_cause": "無(非車輛駕駛人因素)", "top_hour": 23, "near_location": "", "city": "taipei"}}, {"type": "Feature", "geometry": {"type": "Point", "coordinates": [121.514, 25.063]}, "properties": {"accident_count": 29, "death_count": 0, "injury_count": 0, "top_cause": "無(非車輛駕駛人因素)", "top_hour": 23, "near_location": "", "city": "taipei"}}, {"type": "Feature", "geometry": {"type": "Point", "coordinates": [121.552, 24.988]}, "properties": {"accident_count": 27, "death_count": 0, "injury_count": 0, "top_cause": "無(非車輛駕駛人因素)", "top_hour": 23, "near_location": "", "city": "taipei"}}, {"type": "Feature", "geometry": {"type": "Point", "coordinates": [121.511, 25.063]}, "properties": {"accident_count": 26, "death_count": 0, "injury_count": 0, "top_cause": "無(非車輛駕駛人因素)", "top_hour": 10, "near_location": "", "city": "taipei"}}, {"type": "Feature", "geometry": {"type": "Point", "coordinates": [121.521, 25.048]}, "properties": {"accident_count": 25, "death_count": 0, "injury_count": 0, "top_cause": "無(非車輛駕駛人因素)", "top_hour": 12, "near_location": "", "city": "taipei"}}, {"type": "Feature", "geometry": {"type": "Point", "coordinates": [121.581, 25.009]}, "properties": {"accident_count": 25, "death_count": 0, "injury_count": 0, "top_cause": "無(非車輛駕駛人因素)", "top_hour": 19, "near_location": "", "city": "taipei"}}, {"type": "Feature", "geometry": {"type": "Point", "coordinates": [121.51, 25.048]}, "properties": {"accident_count": 24, "death_count": 0, "injury_count": 0, "top_cause": "無(非車輛駕駛人因素)", "top_hour": 23, "near_location": "", "city": "taipei"}}, {"type": "Feature", "geometry": {"type": "Point", "coordinates": [121.564, 25.027]}, "properties": {"accident_count": 24, "death_count": 0, "injury_count": 0, "top_cause": "無(非車輛駕駛人因素)", "top_hour": 23, "near_location": "", "city": "taipei"}}, {"type": "Feature", "geometry": {"type": "Point", "coordinates": [121.518, 25.039]}, "properties": {"accident_count": 24, "death_count": 0, "injury_count": 0, "top_cause": "無(非車輛駕駛人因素)", "top_hour": 23, "near_location": "", "city": "taipei"}}, {"type": "Feature", "geometry": {"type": "Point", "coordinates": [121.521, 25.05]}, "properties": {"accident_count": 22, "death_count": 0, "injury_count": 0, "top_cause": "無(非車輛駕駛人因素)", "top_hour": 23, "near_location": "", "city": "taipei"}}, {"type": "Feature", "geometry": {"type": "Point", "coordinates": [121.541, 24.992]}, "properties": {"accident_count": 21, "death_count": 0, "injury_count": 0, "top_cause": "無(非車輛駕駛人因素)", "top_hour": 23, "near_location": "", "city": "taipei"}}, {"type": "Feature", "geometry": {"type": "Point", "coordinates": [121.547, 25.08]}, "properties": {"accident_count": 20, "death_count": 0, "injury_count": 0, "top_cause": "無(非車輛駕駛人因素)", "top_hour": 18, "near_location": "", "city": "taipei"}}, {"type": "Feature", "geometry": {"type": "Point", "coordinates": [121.544, 25.045]}, "properties": {"accident_count": 20, "death_count": 0, "injury_count": 0, "top_cause": "無(非車輛駕駛人因素)", "top_hour": 23, "near_location": "", "city": "taipei"}}, {"type": "Feature", "geometry": {"type": "Point", "coordinates": [121.518, 25.063]}, "properties": {"accident_count": 20, "death_count": 0, "injury_count": 0, "top_cause": "無(非車輛駕駛人因素)", "top_hour": 16, "near_location": "", "city": "taipei"}}, {"type": "Feature", "geometry": {"type": "Point", "coordinates": [121.516, 25.027]}, "properties": {"accident_count": 20, "death_count": 0, "injury_count": 0, "top_cause": "無(非車輛駕駛人因素)", "top_hour": 23, "near_location": "", "city": "taipei"}}, {"type": "Feature", "geometry": {"type": "Point", "coordinates": [121.523, 25.063]}, "properties": {"accident_count": 19, "death_count": 0, "injury_count": 0, "top_cause": "無(非車輛駕駛人因素)", "top_hour": 23, "near_location": "", "city": "taipei"}}, {"type": "Feature", "geometry": {"type": "Point", "coordinates": [121.526, 25.058]}, "properties": {"accident_count": 19, "death_count": 0, "injury_count": 0, "top_cause": "無(非車輛駕駛人因素)", "top_hour": 23, "near_location": "", "city": "taipei"}}, {"type": "Feature", "geometry": {"type": "Point", "coordinates": [121.523, 25.058]}, "properties": {"accident_count": 19, "death_count": 0, "injury_count": 0, "top_cause": "無(非車輛駕駛人因素)", "top_hour": 23, "near_location": "", "city": "taipei"}}, {"type": "Feature", "geometry": {"type": "Point", "coordinates": [121.518, 25.048]}, "properties": {"accident_count": 18, "death_count": 0, "injury_count": 0, "top_cause": "無(非車輛駕駛人因素)", "top_hour": 23, "near_location": "", "city": "taipei"}}, {"type": "Feature", "geometry": {"type": "Point", "coordinates": [121.516, 25.047]}, "properties": {"accident_count": 18, "death_count": 0, "injury_count": 0, "top_cause": "無(非車輛駕駛人因素)", "top_hour": 23, "near_location": "", "city": "taipei"}}, {"type": "Feature", "geometry": {"type": "Point", "coordinates": [121.558, 25.041]}, "properties": {"accident_count": 18, "death_count": 0, "injury_count": 0, "top_cause": "無(非車輛駕駛人因素)", "top_hour": 23, "near_location": "", "city": "taipei"}}, {"type": "Feature", "geometry": {"type": "Point", "coordinates": [121.516, 25.049]}, "properties": {"accident_count": 18, "death_count": 0, "injury_count": 0, "top_cause": "無(非車輛駕駛人因素)", "top_hour": 16, "near_location": "", "city": "taipei"}}, {"type": "Feature", "geometry": {"type": "Point", "coordinates": [121.517, 25.023]}, "properties": {"accident_count": 18, "death_count": 0, "injury_count": 0, "top_cause": "無(非車輛駕駛人因素)", "top_hour": 14, "near_location": "", "city": "taipei"}}, {"type": "Feature", "geometry": {"type": "Point", "coordinates": [121.525, 25.084]}, "properties": {"accident_count": 18, "death_count": 0, "injury_count": 0, "top_cause": "無(非車輛駕駛人因素)", "top_hour": 13, "near_location": "", "city": "taipei"}}, {"type": "Feature", "geometry": {"type": "Point", "coordinates": [121.535, 25.014]}, "properties": {"accident_count": 18, "death_count": 0, "injury_count": 0, "top_cause": "無(非車輛駕駛人因素)", "top_hour": 11, "near_location": "", "city": "taipei"}}, {"type": "Feature", "geometry": {"type": "Point", "coordinates": [121.565, 25.051]}, "properties": {"accident_count": 18, "death_count": 0, "injury_count": 0, "top_cause": "無(非車輛駕駛人因素)", "top_hour": 23, "near_location": "", "city": "taipei"}}, {"type": "Feature", "geometry": {"type": "Point", "coordinates": [121.521, 25.045]}, "properties": {"accident_count": 17, "death_count": 0, "injury_count": 0, "top_cause": "無(非車輛駕駛人因素)", "top_hour": 23, "near_location": "", "city": "taipei"}}, {"type": "Feature", "geometry": {"type": "Point", "coordinates": [121.507, 25.035]}, "properties": {"accident_count": 17, "death_count": 0, "injury_count": 0, "top_cause": "無(非車輛駕駛人因素)", "top_hour": 23, "near_location": "", "city": "taipei"}}, {"type": "Feature", "geometry": {"type": "Point", "coordinates": [121.566, 25.043]}, "properties": {"accident_count": 17, "death_count": 0, "injury_count": 0, "top_cause": "無(非車輛駕駛人因素)", "top_hour": 23, "near_location": "", "city": "taipei"}}, {"type": "Feature", "geometry": {"type": "Point", "coordinates": [121.549, 25.033]}, "properties": {"accident_count": 16, "death_count": 0, "injury_count": 0, "top_cause": "無(非車輛駕駛人因素)", "top_hour": 18, "near_location": "", "city": "taipei"}}, {"type": "Feature", "geometry": {"type": "Point", "coordinates": [121.513, 25.047]}, "properties": {"accident_count": 16, "death_count": 0, "injury_count": 0, "top_cause": "無(非車輛駕駛人因素)", "top_hour": 18, "near_location": "", "city": "taipei"}}, {"type": "Feature", "geometry": {"type": "Point", "coordinates": [121.549, 25.045]}, "properties": {"accident_count": 16, "death_count": 0, "injury_count": 0, "top_cause": "無(非車輛駕駛人因素)", "top_hour": 23, "near_location": "", "city": "taipei"}}, {"type": "Feature", "geometry": {"type": "Point", "coordinates": [121.526, 25.027]}, "properties": {"accident_count": 16, "death_count": 0, "injury_count": 0, "top_cause": "無(非車輛駕駛人因素)", "top_hour": 22, "near_location": "", "city": "taipei"}}, {"type": "Feature", "geometry": {"type": "Point", "coordinates": [121.518, 25.142]}, "properties": {"accident_count": 16, "death_count": 0, "injury_count": 0, "top_cause": "無(非車輛駕駛人因素)", "top_hour": 11, "near_location": "", "city": "taipei"}}, {"type": "Feature", "geometry": {"type": "Point", "coordinates": [121.533, 25.045]}, "properties": {"accident_count": 16, "death_count": 0, "injury_count": 0, "top_cause": "無(非車輛駕駛人因素)", "top_hour": 17, "near_location": "", "city": "taipei"}}, {"type": "Feature", "geometry": {"type": "Point", "coordinates": [121.51, 25.05]}, "properties": {"accident_count": 16, "death_count": 0, "injury_count": 0, "top_cause": "無(非車輛駕駛人因素)", "top_hour": 23, "near_location": "", "city": "taipei"}}, {"type": "Feature", "geometry": {"type": "Point", "coordinates": [121.562, 25.036]}, "properties": {"accident_count": 16, "death_count": 0, "injury_count": 0, "top_cause": "無(非車輛駕駛人因素)", "top_hour": 17, "near_location": "", "city": "taipei"}}, {"type": "Feature", "geometry": {"type": "Point", "coordinates": [121.509, 25.045]}, "properties": {"accident_count": 16, "death_count": 0, "injury_count": 0, "top_cause": "無(非車輛駕駛人因素)", "top_hour": 15, "near_location": "", "city": "taipei"}}, {"type": "Feature", "geometry": {"type": "Point", "coordinates": [121.569, 25.044]}, "properties": {"accident_count": 16, "death_count": 0, "injury_count": 0, "top_cause": "無(非車輛駕駛人因素)", "top_hour": 14, "near_location": "", "city": "taipei"}}, {"type": "Feature", "geometry": {"type": "Point", "coordinates": [121.515, 25.063]}, "properties": {"accident_count": 16, "death_count": 0, "injury_count": 0, "top_cause": "無(非車輛駕駛人因素)", "top_hour": 23, "near_location": "", "city": "taipei"}}, {"type": "Feature", "geometry": {"type": "Point", "coordinates": [121.509, 25.087]}, "properties": {"accident_count": 15, "death_count": 0, "injury_count": 0, "top_cause": "無(非車輛駕駛人因素)", "top_hour": 23, "near_location": "", "city": "taipei"}}, {"type": "Feature", "geometry": {"type": "Point", "coordinates": [121.508, 25.051]}, "properties": {"accident_count": 15, "death_count": 0, "injury_count": 0, "top_cause": "無(非車輛駕駛人因素)", "top_hour": 16, "near_location": "", "city": "taipei"}}, {"type": "Feature", "geometry": {"type": "Point", "coordinates": [121.569, 25.041]}, "properties": {"accident_count": 15, "death_count": 0, "injury_count": 0, "top_cause": "無(非車輛駕駛人因素)", "top_hour": 23, "near_location": "", "city": "taipei"}}, {"type": "Feature", "geometry": {"type": "Point", "coordinates": [121.563, 25.028]}, "properties": {"accident_count": 15, "death_count": 0, "injury_count": 0, "top_cause": "無(非車輛駕駛人因素)", "top_hour": 23, "near_location": "", "city": "taipei"}}, {"type": "Feature", "geometry": {"type": "Point", "coordinates": [121.518, 25.033]}, "properties": {"accident_count": 15, "death_count": 0, "injury_count": 0, "top_cause": "無(非車輛駕駛人因素)", "top_hour": 20, "near_location": "", "city": "taipei"}}, {"type": "Feature", "geometry": {"type": "Point", "coordinates": [121.565, 25.033]}, "properties": {"accident_count": 15, "death_count": 0, "injury_count": 0, "top_cause": "無(非車輛駕駛人因素)", "top_hour": 18, "near_location": "", "city": "taipei"}}, {"type": "Feature", "geometry": {"type": "Point", "coordinates": [121.495, 25.028]}, "properties": {"accident_count": 15, "death_count": 0, "injury_count": 0, "top_cause": "無(非車輛駕駛人因素)", "top_hour": 11, "near_location": "", "city": "taipei"}}, {"type": "Feature", "geometry": {"type": "Point", "coordinates": [121.533, 25.055]}, "properties": {"accident_count": 14, "death_count": 0, "injury_count": 0, "top_cause": "無(非車輛駕駛人因素)", "top_hour": 18, "near_location": "", "city": "taipei"}}, {"type": "Feature", "geometry": {"type": "Point", "coordinates": [121.537, 25.048]}, "properties": {"accident_count": 14, "death_count": 0, "injury_count": 0, "top_cause": "無(非車輛駕駛人因素)", "top_hour": 14, "near_location": "", "city": "taipei"}}, {"type": "Feature", "geometry": {"type": "Point", "coordinates": [121.514, 25.096]}, "properties": {"accident_count": 14, "death_count": 0, "injury_count": 0, "top_cause": "無(非車輛駕駛人因素)", "top_hour": 23, "near_location": "", "city": "taipei"}}, {"type": "Feature", "geometry": {"type": "Point", "coordinates": [121.559, 25.032]}, "properties": {"accident_count": 14, "death_count": 0, "injury_count": 0, "top_cause": "無(非車輛駕駛人因素)", "top_hour": 23, "near_location": "", "city": "taipei"}}, {"type": "Feature", "geometry": {"type": "Point", "coordinates": [121.53, 25.048]}, "properties": {"accident_count": 14, "death_count": 0, "injury_count": 0, "top_cause": "無(非車輛駕駛人因素)", "top_hour": 20, "near_location": "", "city": "taipei"}}, {"type": "Feature", "geometry": {"type": "Point", "coordinates": [121.505, 25.043]}, "properties": {"accident_count": 14, "death_count": 0, "injury_count": 0, "top_cause": "無(非車輛駕駛人因素)", "top_hour": 18, "near_location": "", "city": "taipei"}}, {"type": "Feature", "geometry": {"type": "Point", "coordinates": [121.508, 25.037]}, "properties": {"accident_count": 14, "death_count": 0, "injury_count": 0, "top_cause": "無(非車輛駕駛人因素)", "top_hour": 14, "near_location": "", "city": "taipei"}}, {"type": "Feature", "geometry": {"type": "Point", "coordinates": [121.529, 25.063]}, "properties": {"accident_count": 14, "death_count": 0, "injury_count": 0, "top_cause": "無(非車輛駕駛人因素)", "top_hour": 23, "near_location": "", "city": "taipei"}}, {"type": "Feature", "geometry": {"type": "Point", "coordinates": [121.529, 25.02]}, "properties": {"accident_count": 14, "death_count": 0, "injury_count": 0, "top_cause": "無(非車輛駕駛人因素)", "top_hour": 18, "near_location": "", "city": "taipei"}}, {"type": "Feature", "geometry": {"type": "Point", "coordinates": [121.532, 25.052]}, "properties": {"accident_count": 14, "death_count": 0, "injury_count": 0, "top_cause": "無(非車輛駕駛人因素)", "top_hour": 15, "near_location": "", "city": "taipei"}}, {"type": "Feature", "geometry": {"type": "Point", "coordinates": [121.563, 25.041]}, "properties": {"accident_count": 14, "death_count": 0, "injury_count": 0, "top_cause": "無(非車輛駕駛人因素)", "top_hour": 11, "near_location": "", "city": "taipei"}}, {"type": "Feature", "geometry": {"type": "Point", "coordinates": [121.507, 25.037]}, "properties": {"accident_count": 14, "death_count": 0, "injury_count": 0, "top_cause": "無(非車輛駕駛人因素)", "top_hour": 23, "near_location": "", "city": "taipei"}}, {"type": "Feature", "geometry": {"type": "Point", "coordinates": [121.522, 25.05]}, "properties": {"accident_count": 14, "death_count": 0, "injury_count": 0, "top_cause": "無(非車輛駕駛人因素)", "top_hour": 23, "near_location": "", "city": "taipei"}}, {"type": "Feature", "geometry": {"type": "Point", "coordinates": [121.544, 25.048]}, "properties": {"accident_count": 14, "death_count": 0, "injury_count": 0, "top_cause": "無(非車輛駕駛人因素)", "top_hour": 23, "near_location": "", "city": "taipei"}}, {"type": "Feature", "geometry": {"type": "Point", "coordinates": [121.507, 25.046]}, "properties": {"accident_count": 14, "death_count": 0, "injury_count": 0, "top_cause": "非駕駛者", "top_hour": 18, "near_location": "", "city": "taipei"}}, {"type": "Feature", "geometry": {"type": "Point", "coordinates": [121.519, 25.048]}, "properties": {"accident_count": 14, "death_count": 0, "injury_count": 0, "top_cause": "無(非車輛駕駛人因素)", "top_hour": 23, "near_location": "", "city": "taipei"}}, {"type": "Feature", "geometry": {"type": "Point", "coordinates": [121.503, 25.046]}, "properties": {"accident_count": 14, "death_count": 0, "injury_count": 0, "top_cause": "無(非車輛駕駛人因素)", "top_hour": 19, "near_location": "", "city": "taipei"}}, {"type": "Feature", "geometry": {"type": "Point", "coordinates": [121.53, 25.063]}, "properties": {"accident_count": 14, "death_count": 0, "injury_count": 0, "top_cause": "無(非車輛駕駛人因素)", "top_hour": 18, "near_location": "", "city": "taipei"}}, {"type": "Feature", "geometry": {"type": "Point", "coordinates": [121.541, 25.062]}, "properties": {"accident_count": 14, "death_count": 0, "injury_count": 0, "top_cause": "無(非車輛駕駛人因素)", "top_hour": 18, "near_location": "", "city": "taipei"}}, {"type": "Feature", "geometry": {"type": "Point", "coordinates": [121.554, 25]}, "properties": {"accident_count": 13, "death_count": 0, "injury_count": 0, "top_cause": "無(非車輛駕駛人因素)", "top_hour": 23, "near_location": "", "city": "taipei"}}, {"type": "Feature", "geometry": {"type": "Point", "coordinates": [121.566, 25.063]}, "properties": {"accident_count": 13, "death_count": 0, "injury_count": 0, "top_cause": "無(非車輛駕駛人因素)", "top_hour": 23, "near_location": "", "city": "taipei"}}, {"type": "Feature", "geometry": {"type": "Point", "coordinates": [121.558, 24.999]}, "properties": {"accident_count": 13, "death_count": 0, "injury_count": 0, "top_cause": "無(非車輛駕駛人因素)", "top_hour": 23, "near_location": "", "city": "taipei"}}, {"type": "Feature", "geometry": {"type": "Point", "coordinates": [121.514, 25.032]}, "properties": {"accident_count": 13, "death_count": 0, "injury_count": 0, "top_cause": "無(非車輛駕駛人因素)", "top_hour": 11, "near_location": "", "city": "taipei"}}, {"type": "Feature", "geometry": {"type": "Point", "coordinates": [121.524, 25.08]}, "properties": {"accident_count": 13, "death_count": 0, "injury_count": 0, "top_cause": "無(非車輛駕駛人因素)", "top_hour": 23, "near_location": "", "city": "taipei"}}, {"type": "Feature", "geometry": {"type": "Point", "coordinates": [121.465, 25.124]}, "properties": {"accident_count": 13, "death_count": 0, "injury_count": 0, "top_cause": "無(非車輛駕駛人因素)", "top_hour": 19, "near_location": "", "city": "taipei"}}, {"type": "Feature", "geometry": {"type": "Point", "coordinates": [121.5, 25.042]}, "properties": {"accident_count": 13, "death_count": 0, "injury_count": 0, "top_cause": "無(非車輛駕駛人因素)", "top_hour": 23, "near_location": "", "city": "taipei"}}, {"type": "Feature", "geometry": {"type": "Point", "coordinates": [121.514, 25.069]}, "properties": {"accident_count": 13, "death_count": 0, "injury_count": 0, "top_cause": "無(非車輛駕駛人因素)", "top_hour": 23, "near_location": "", "city": "taipei"}}, {"type": "Feature", "geometry": {"type": "Point", "coordinates": [121.499, 25.035]}, "properties": {"accident_count": 13, "death_count": 0, "injury_count": 0, "top_cause": "無(非車輛駕駛人因素)", "top_hour": 21, "near_location": "", "city": "taipei"}}, {"type": "Feature", "geometry": {"type": "Point", "coordinates": [121.496, 25.039]}, "properties": {"accident_count": 13, "death_count": 0, "injury_count": 0, "top_cause": "無(非車輛駕駛人因素)", "top_hour": 21, "near_location": "", "city": "taipei"}}, {"type": "Feature", "geometry": {"type": "Point", "coordinates": [121.52, 25.046]}, "properties": {"accident_count": 13, "death_count": 0, "injury_count": 0, "top_cause": "無(非車輛駕駛人因素)", "top_hour": 23, "near_location": "", "city": "taipei"}}, {"type": "Feature", "geometry": {"type": "Point", "coordinates": [121.585, 25.048]}, "properties": {"accident_count": 13, "death_count": 0, "injury_count": 0, "top_cause": "無(非車輛駕駛人因素)", "top_hour": 20, "near_location": "", "city": "taipei"}}, {"type": "Feature", "geometry": {"type": "Point", "coordinates": [121.516, 25.026]}, "properties": {"accident_count": 13, "death_count": 0, "injury_count": 0, "top_cause": "無(非車輛駕駛人因素)", "top_hour": 23, "near_location": "", "city": "taipei"}}, {"type": "Feature", "geometry": {"type": "Point", "coordinates": [121.505, 25.038]}, "properties": {"accident_count": 13, "death_count": 0, "injury_count": 0, "top_cause": "無(非車輛駕駛人因素)", "top_hour": 23, "near_location": "", "city": "taipei"}}, {"type": "Feature", "geometry": {"type": "Point", "coordinates": [121.519, 25.063]}, "properties": {"accident_count": 13, "death_count": 0, "injury_count": 0, "top_cause": "無(非車輛駕駛人因素)", "top_hour": 23, "near_location": "", "city": "taipei"}}, {"type": "Feature", "geometry": {"type": "Point", "coordinates": [121.544, 25.042]}, "properties": {"accident_count": 13, "death_count": 0, "injury_count": 0, "top_cause": "無(非車輛駕駛人因素)", "top_hour": 18, "near_location": "", "city": "taipei"}}, {"type": "Feature", "geometry": {"type": "Point", "coordinates": [121.537, 25.052]}, "properties": {"accident_count": 13, "death_count": 0, "injury_count": 0, "top_cause": "無(非車輛駕駛人因素)", "top_hour": 19, "near_location": "", "city": "taipei"}}, {"type": "Feature", "geometry": {"type": "Point", "coordinates": [121.549, 25.052]}, "properties": {"accident_count": 13, "death_count": 0, "injury_count": 0, "top_cause": "無(非車輛駕駛人因素)", "top_hour": 14, "near_location": "", "city": "taipei"}}, {"type": "Feature", "geometry": {"type": "Point", "coordinates": [121.569, 25.042]}, "properties": {"accident_count": 13, "death_count": 0, "injury_count": 0, "top_cause": "無(非車輛駕駛人因素)", "top_hour": 23, "near_location": "", "city": "taipei"}}, {"type": "Feature", "geometry": {"type": "Point", "coordinates": [121.56, 25.033]}, "properties": {"accident_count": 13, "death_count": 0, "injury_count": 0, "top_cause": "無(非車輛駕駛人因素)", "top_hour": 19, "near_location": "", "city": "taipei"}}, {"type": "Feature", "geometry": {"type": "Point", "coordinates": [121.531, 25.046]}, "properties": {"accident_count": 13, "death_count": 0, "injury_count": 0, "top_cause": "無(非車輛駕駛人因素)", "top_hour": 23, "near_location": "", "city": "taipei"}}, {"type": "Feature", "geometry": {"type": "Point", "coordinates": [121.555, 25.001]}, "properties": {"accident_count": 13, "death_count": 0, "injury_count": 0, "top_cause": "無(非車輛駕駛人因素)", "top_hour": 13, "near_location": "", "city": "taipei"}}, {"type": "Feature", "geometry": {"type": "Point", "coordinates": [121.616, 25.068]}, "properties": {"accident_count": 13, "death_count": 0, "injury_count": 0, "top_cause": "無(非車輛駕駛人因素)", "top_hour": 18, "near_location": "", "city": "taipei"}}, {"type": "Feature", "geometry": {"type": "Point", "coordinates": [121.569, 24.988]}, "properties": {"accident_count": 13, "death_count": 0, "injury_count": 0, "top_cause": "無(非車輛駕駛人因素)", "top_hour": 19, "near_location": "", "city": "taipei"}}, {"type": "Feature", "geometry": {"type": "Point", "coordinates": [121.568, 25.036]}, "properties": {"accident_count": 13, "death_count": 0, "injury_count": 0, "top_cause": "無(非車輛駕駛人因素)", "top_hour": 23, "near_location": "", "city": "taipei"}}, {"type": "Feature", "geometry": {"type": "Point", "coordinates": [121.512, 25.088]}, "properties": {"accident_count": 13, "death_count": 0, "injury_count": 0, "top_cause": "無(非車輛駕駛人因素)", "top_hour": 23, "near_location": "", "city": "taipei"}}, {"type": "Feature", "geometry": {"type": "Point", "coordinates": [121.507, 25.039]}, "properties": {"accident_count": 12, "death_count": 0, "injury_count": 0, "top_cause": "無(非車輛駕駛人因素)", "top_hour": 12, "near_location": "", "city": "taipei"}}, {"type": "Feature", "geometry": {"type": "Point", "coordinates": [121.523, 25.052]}, "properties": {"accident_count": 12, "death_count": 0, "injury_count": 0, "top_cause": "無(非車輛駕駛人因素)", "top_hour": 23, "near_location": "", "city": "taipei"}}, {"type": "Feature", "geometry": {"type": "Point", "coordinates": [121.5, 25.024]}, "properties": {"accident_count": 12, "death_count": 0, "injury_count": 0, "top_cause": "無(非車輛駕駛人因素)", "top_hour": 19, "near_location": "", "city": "taipei"}}, {"type": "Feature", "geometry": {"type": "Point", "coordinates": [121.552, 25.024]}, "properties": {"accident_count": 12, "death_count": 0, "injury_count": 0, "top_cause": "無(非車輛駕駛人因素)", "top_hour": 19, "near_location": "", "city": "taipei"}}, {"type": "Feature", "geometry": {"type": "Point", "coordinates": [121.536, 25.012]}, "properties": {"accident_count": 12, "death_count": 0, "injury_count": 0, "top_cause": "無(非車輛駕駛人因素)", "top_hour": 13, "near_location": "", "city": "taipei"}}, {"type": "Feature", "geometry": {"type": "Point", "coordinates": [121.507, 25.038]}, "properties": {"accident_count": 12, "death_count": 0, "injury_count": 0, "top_cause": "無(非車輛駕駛人因素)", "top_hour": 19, "near_location": "", "city": "taipei"}}, {"type": "Feature", "geometry": {"type": "Point", "coordinates": [121.523, 25.084]}, "properties": {"accident_count": 12, "death_count": 0, "injury_count": 0, "top_cause": "無(非車輛駕駛人因素)", "top_hour": 23, "near_location": "", "city": "taipei"}}, {"type": "Feature", "geometry": {"type": "Point", "coordinates": [121.528, 25.063]}, "properties": {"accident_count": 12, "death_count": 0, "injury_count": 0, "top_cause": "無(非車輛駕駛人因素)", "top_hour": 23, "near_location": "", "city": "taipei"}}, {"type": "Feature", "geometry": {"type": "Point", "coordinates": [121.533, 25.065]}, "properties": {"accident_count": 12, "death_count": 0, "injury_count": 0, "top_cause": "無(非車輛駕駛人因素)", "top_hour": 20, "near_location": "", "city": "taipei"}}, {"type": "Feature", "geometry": {"type": "Point", "coordinates": [121.557, 24.999]}, "properties": {"accident_count": 12, "death_count": 0, "injury_count": 0, "top_cause": "無(非車輛駕駛人因素)", "top_hour": 18, "near_location": "", "city": "taipei"}}, {"type": "Feature", "geometry": {"type": "Point", "coordinates": [121.505, 25.029]}, "properties": {"accident_count": 12, "death_count": 0, "injury_count": 0, "top_cause": "無(非車輛駕駛人因素)", "top_hour": 16, "near_location": "", "city": "taipei"}}, {"type": "Feature", "geometry": {"type": "Point", "coordinates": [121.513, 25.039]}, "properties": {"accident_count": 12, "death_count": 0, "injury_count": 0, "top_cause": "無(非車輛駕駛人因素)", "top_hour": 12, "near_location": "", "city": "taipei"}}, {"type": "Feature", "geometry": {"type": "Point", "coordinates": [121.537, 25.046]}, "properties": {"accident_count": 12, "death_count": 0, "injury_count": 0, "top_cause": "無(非車輛駕駛人因素)", "top_hour": 16, "near_location": "", "city": "taipei"}}, {"type": "Feature", "geometry": {"type": "Point", "coordinates": [121.516, 25.113]}, "properties": {"accident_count": 12, "death_count": 0, "injury_count": 0, "top_cause": "無(非車輛駕駛人因素)", "top_hour": 23, "near_location": "", "city": "taipei"}}, {"type": "Feature", "geometry": {"type": "Point", "coordinates": [121.549, 25.042]}, "properties": {"accident_count": 12, "death_count": 0, "injury_count": 0, "top_cause": "無(非車輛駕駛人因素)", "top_hour": 23, "near_location": "", "city": "taipei"}}, {"type": "Feature", "geometry": {"type": "Point", "coordinates": [121.525, 25.104]}, "properties": {"accident_count": 12, "death_count": 0, "injury_count": 0, "top_cause": "無(非車輛駕駛人因素)", "top_hour": 21, "near_location": "", "city": "taipei"}}, {"type": "Feature", "geometry": {"type": "Point", "coordinates": [121.558, 25.045]}, "properties": {"accident_count": 12, "death_count": 0, "injury_count": 0, "top_cause": "無(非車輛駕駛人因素)", "top_hour": 14, "near_location": "", "city": "taipei"}}, {"type": "Feature", "geometry": {"type": "Point", "coordinates": [121.515, 25.115]}, "properties": {"accident_count": 12, "death_count": 0, "injury_count": 0, "top_cause": "無(非車輛駕駛人因素)", "top_hour": 15, "near_location": "", "city": "taipei"}}, {"type": "Feature", "geometry": {"type": "Point", "coordinates": [121.533, 25.038]}, "properties": {"accident_count": 12, "death_count": 0, "injury_count": 0, "top_cause": "無(非車輛駕駛人因素)", "top_hour": 23, "near_location": "", "city": "taipei"}}, {"type": "Feature", "geometry": {"type": "Point", "coordinates": [121.471, 25.109]}, "properties": {"accident_count": 12, "death_count": 0, "injury_count": 0, "top_cause": "無(非車輛駕駛人因素)", "top_hour": 20, "near_location": "", "city": "taipei"}}, {"type": "Feature", "geometry": {"type": "Point", "coordinates": [121.527, 25.09]}, "properties": {"accident_count": 12, "death_count": 0, "injury_count": 0, "top_cause": "無(非車輛駕駛人因素)", "top_hour": 17, "near_location": "", "city": "taipei"}}, {"type": "Feature", "geometry": {"type": "Point", "coordinates": [121.553, 25.025]}, "properties": {"accident_count": 12, "death_count": 0, "injury_count": 0, "top_cause": "無(非車輛駕駛人因素)", "top_hour": 23, "near_location": "", "city": "taipei"}}, {"type": "Feature", "geometry": {"type": "Point", "coordinates": [121.519, 25.11]}, "properties": {"accident_count": 12, "death_count": 0, "injury_count": 0, "top_cause": "無(非車輛駕駛人因素)", "top_hour": 23, "near_location": "", "city": "taipei"}}, {"type": "Feature", "geometry": {"type": "Point", "coordinates": [121.523, 25.068]}, "properties": {"accident_count": 12, "death_count": 0, "injury_count": 0, "top_cause": "無(非車輛駕駛人因素)", "top_hour": 23, "near_location": "", "city": "taipei"}}, {"type": "Feature", "geometry": {"type": "Point", "coordinates": [121.506, 25.049]}, "properties": {"accident_count": 12, "death_count": 0, "injury_count": 0, "top_cause": "無(非車輛駕駛人因素)", "top_hour": 20, "near_location": "", "city": "taipei"}}, {"type": "Feature", "geometry": {"type": "Point", "coordinates": [121.513, 25.044]}, "properties": {"accident_count": 12, "death_count": 0, "injury_count": 0, "top_cause": "無(非車輛駕駛人因素)", "top_hour": 14, "near_location": "", "city": "taipei"}}, {"type": "Feature", "geometry": {"type": "Point", "coordinates": [121.533, 25.062]}, "properties": {"accident_count": 12, "death_count": 0, "injury_count": 0, "top_cause": "無(非車輛駕駛人因素)", "top_hour": 12, "near_location": "", "city": "taipei"}}, {"type": "Feature", "geometry": {"type": "Point", "coordinates": [121.516, 25.043]}, "properties": {"accident_count": 12, "death_count": 0, "injury_count": 0, "top_cause": "無(非車輛駕駛人因素)", "top_hour": 23, "near_location": "", "city": "taipei"}}, {"type": "Feature", "geometry": {"type": "Point", "coordinates": [121.523, 25.027]}, "properties": {"accident_count": 11, "death_count": 0, "injury_count": 0, "top_cause": "無(非車輛駕駛人因素)", "top_hour": 23, "near_location": "", "city": "taipei"}}, {"type": "Feature", "geometry": {"type": "Point", "coordinates": [121.526, 25.063]}, "properties": {"accident_count": 11, "death_count": 0, "injury_count": 0, "top_cause": "無(非車輛駕駛人因素)", "top_hour": 19, "near_location": "", "city": "taipei"}}, {"type": "Feature", "geometry": {"type": "Point", "coordinates": [121.508, 25.05]}, "properties": {"accident_count": 11, "death_count": 0, "injury_count": 0, "top_cause": "無(非車輛駕駛人因素)", "top_hour": 20, "near_location": "", "city": "taipei"}}, {"type": "Feature", "geometry": {"type": "Point", "coordinates": [121.618, 25.068]}, "properties": {"accident_count": 11, "death_count": 0, "injury_count": 0, "top_cause": "無(非車輛駕駛人因素)", "top_hour": 23, "near_location": "", "city": "taipei"}}, {"type": "Feature", "geometry": {"type": "Point", "coordinates": [121.556, 25.024]}, "properties": {"accident_count": 11, "death_count": 0, "injury_count": 0, "top_cause": "無(非車輛駕駛人因素)", "top_hour": 23, "near_location": "", "city": "taipei"}}, {"type": "Feature", "geometry": {"type": "Point", "coordinates": [121.566, 25.027]}, "properties": {"accident_count": 11, "death_count": 0, "injury_count": 0, "top_cause": "無(非車輛駕駛人因素)", "top_hour": 18, "near_location": "", "city": "taipei"}}, {"type": "Feature", "geometry": {"type": "Point", "coordinates": [121.486, 25.122]}, "properties": {"accident_count": 11, "death_count": 0, "injury_count": 0, "top_cause": "無(非車輛駕駛人因素)", "top_hour": 23, "near_location": "", "city": "taipei"}}, {"type": "Feature", "geometry": {"type": "Point", "coordinates": [121.513, 25.057]}, "properties": {"accident_count": 11, "death_count": 0, "injury_count": 0, "top_cause": "無(非車輛駕駛人因素)", "top_hour": 23, "near_location": "", "city": "taipei"}}, {"type": "Feature", "geometry": {"type": "Point", "coordinates": [121.507, 25.049]}, "properties": {"accident_count": 11, "death_count": 0, "injury_count": 0, "top_cause": "無(非車輛駕駛人因素)", "top_hour": 17, "near_location": "", "city": "taipei"}}, {"type": "Feature", "geometry": {"type": "Point", "coordinates": [121.572, 25.041]}, "properties": {"accident_count": 11, "death_count": 0, "injury_count": 0, "top_cause": "無(非車輛駕駛人因素)", "top_hour": 23, "near_location": "", "city": "taipei"}}, {"type": "Feature", "geometry": {"type": "Point", "coordinates": [121.507, 25.031]}, "properties": {"accident_count": 11, "death_count": 0, "injury_count": 0, "top_cause": "無(非車輛駕駛人因素)", "top_hour": 23, "near_location": "", "city": "taipei"}}, {"type": "Feature", "geometry": {"type": "Point", "coordinates": [121.523, 25.095]}, "properties": {"accident_count": 11, "death_count": 0, "injury_count": 0, "top_cause": "無(非車輛駕駛人因素)", "top_hour": 23, "near_location": "", "city": "taipei"}}, {"type": "Feature", "geometry": {"type": "Point", "coordinates": [121.564, 25.041]}, "properties": {"accident_count": 11, "death_count": 0, "injury_count": 0, "top_cause": "無(非車輛駕駛人因素)", "top_hour": 16, "near_location": "", "city": "taipei"}}, {"type": "Feature", "geometry": {"type": "Point", "coordinates": [121.519, 25.032]}, "properties": {"accident_count": 11, "death_count": 0, "injury_count": 0, "top_cause": "無(非車輛駕駛人因素)", "top_hour": 23, "near_location": "", "city": "taipei"}}, {"type": "Feature", "geometry": {"type": "Point", "coordinates": [121.535, 25.052]}, "properties": {"accident_count": 11, "death_count": 0, "injury_count": 0, "top_cause": "無(非車輛駕駛人因素)", "top_hour": 23, "near_location": "", "city": "taipei"}}, {"type": "Feature", "geometry": {"type": "Point", "coordinates": [121.557, 25.026]}, "properties": {"accident_count": 11, "death_count": 0, "injury_count": 0, "top_cause": "無(非車輛駕駛人因素)", "top_hour": 14, "near_location": "", "city": "taipei"}}, {"type": "Feature", "geometry": {"type": "Point", "coordinates": [121.511, 25.111]}, "properties": {"accident_count": 11, "death_count": 0, "injury_count": 0, "top_cause": "無(非車輛駕駛人因素)", "top_hour": 23, "near_location": "", "city": "taipei"}}, {"type": "Feature", "geometry": {"type": "Point", "coordinates": [121.528, 25.052]}, "properties": {"accident_count": 11, "death_count": 0, "injury_count": 0, "top_cause": "無(非車輛駕駛人因素)", "top_hour": 16, "near_location": "", "city": "taipei"}}, {"type": "Feature", "geometry": {"type": "Point", "coordinates": [121.555, 25.052]}, "properties": {"accident_count": 11, "death_count": 0, "injury_count": 0, "top_cause": "無(非車輛駕駛人因素)", "top_hour": 17, "near_location": "", "city": "taipei"}}, {"type": "Feature", "geometry": {"type": "Point", "coordinates": [121.533, 25.068]}, "properties": {"accident_count": 11, "death_count": 0, "injury_count": 0, "top_cause": "無(非車輛駕駛人因素)", "top_hour": 17, "near_location": "", "city": "taipei"}}, {"type": "Feature", "geometry": {"type": "Point", "coordinates": [121.518, 25.092]}, "properties": {"accident_count": 11, "death_count": 0, "injury_count": 0, "top_cause": "無(非車輛駕駛人因素)", "top_hour": 23, "near_location": "", "city": "taipei"}}, {"type": "Feature", "geometry": {"type": "Point", "coordinates": [121.559, 25.033]}, "properties": {"accident_count": 11, "death_count": 0, "injury_count": 0, "top_cause": "無(非車輛駕駛人因素)", "top_hour": 23, "near_location": "", "city": "taipei"}}, {"type": "Feature", "geometry": {"type": "Point", "coordinates": [121.572, 25.05]}, "properties": {"accident_count": 11, "death_count": 0, "injury_count": 0, "top_cause": "無(非車輛駕駛人因素)", "top_hour": 18, "near_location": "", "city": "taipei"}}, {"type": "Feature", "geometry": {"type": "Point", "coordinates": [121.591, 25.081]}, "properties": {"accident_count": 11, "death_count": 0, "injury_count": 0, "top_cause": "無(非車輛駕駛人因素)", "top_hour": 14, "near_location": "", "city": "taipei"}}, {"type": "Feature", "geometry": {"type": "Point", "coordinates": [121.537, 25.05]}, "properties": {"accident_count": 11, "death_count": 0, "injury_count": 0, "top_cause": "無(非車輛駕駛人因素)", "top_hour": 11, "near_location": "", "city": "taipei"}}, {"type": "Feature", "geometry": {"type": "Point", "coordinates": [121.517, 25.035]}, "properties": {"accident_count": 11, "death_count": 0, "injury_count": 0, "top_cause": "無(非車輛駕駛人因素)", "top_hour": 23, "near_location": "", "city": "taipei"}}, {"type": "Feature", "geometry": {"type": "Point", "coordinates": [121.511, 25.027]}, "properties": {"accident_count": 11, "death_count": 0, "injury_count": 0, "top_cause": "無(非車輛駕駛人因素)", "top_hour": 23, "near_location": "", "city": "taipei"}}, {"type": "Feature", "geometry": {"type": "Point", "coordinates": [121.587, 25.046]}, "properties": {"accident_count": 11, "death_count": 0, "injury_count": 0, "top_cause": "非駕駛者", "top_hour": 23, "near_location": "", "city": "taipei"}}, {"type": "Feature", "geometry": {"type": "Point", "coordinates": [121.517, 25.051]}, "properties": {"accident_count": 11, "death_count": 0, "injury_count": 0, "top_cause": "無(非車輛駕駛人因素)", "top_hour": 23, "near_location": "", "city": "taipei"}}, {"type": "Feature", "geometry": {"type": "Point", "coordinates": [121.497, 25.039]}, "properties": {"accident_count": 11, "death_count": 0, "injury_count": 0, "top_cause": "無(非車輛駕駛人因素)", "top_hour": 23, "near_location": "", "city": "taipei"}}, {"type": "Feature", "geometry": {"type": "Point", "coordinates": [121.499, 25.036]}, "properties": {"accident_count": 11, "death_count": 0, "injury_count": 0, "top_cause": "無(非車輛駕駛人因素)", "top_hour": 21, "near_location": "", "city": "taipei"}}, {"type": "Feature", "geometry": {"type": "Point", "coordinates": [121.533, 25.046]}, "properties": {"accident_count": 11, "death_count": 0, "injury_count": 0, "top_cause": "無(非車輛駕駛人因素)", "top_hour": 23, "near_location": "", "city": "taipei"}}, {"type": "Feature", "geometry": {"type": "Point", "coordinates": [121.502, 25.042]}, "properties": {"accident_count": 11, "death_count": 0, "injury_count": 0, "top_cause": "無(非車輛駕駛人因素)", "top_hour": 10, "near_location": "", "city": "taipei"}}, {"type": "Feature", "geometry": {"type": "Point", "coordinates": [121.516, 25.072]}, "properties": {"accident_count": 11, "death_count": 0, "injury_count": 0, "top_cause": "無(非車輛駕駛人因素)", "top_hour": 13, "near_location": "", "city": "taipei"}}, {"type": "Feature", "geometry": {"type": "Point", "coordinates": [121.582, 25.044]}, "properties": {"accident_count": 11, "death_count": 0, "injury_count": 0, "top_cause": "無(非車輛駕駛人因素)", "top_hour": 23, "near_location": "", "city": "taipei"}}, {"type": "Feature", "geometry": {"type": "Point", "coordinates": [121.533, 25.067]}, "properties": {"accident_count": 11, "death_count": 0, "injury_count": 0, "top_cause": "無(非車輛駕駛人因素)", "top_hour": 23, "near_location": "", "city": "taipei"}}, {"type": "Feature", "geometry": {"type": "Point", "coordinates": [121.502, 25.03]}, "properties": {"accident_count": 11, "death_count": 0, "injury_count": 0, "top_cause": "無(非車輛駕駛人因素)", "top_hour": 13, "near_location": "", "city": "taipei"}}, {"type": "Feature", "geometry": {"type": "Point", "coordinates": [121.522, 25.06]}, "properties": {"accident_count": 11, "death_count": 0, "injury_count": 0, "top_cause": "無(非車輛駕駛人因素)", "top_hour": 23, "near_location": "", "city": "taipei"}}, {"type": "Feature", "geometry": {"type": "Point", "coordinates": [121.522, 25.048]}, "properties": {"accident_count": 11, "death_count": 0, "injury_count": 0, "top_cause": "無(非車輛駕駛人因素)", "top_hour": 17, "near_location": "", "city": "taipei"}}, {"type": "Feature", "geometry": {"type": "Point", "coordinates": [121.522, 25.051]}, "properties": {"accident_count": 11, "death_count": 0, "injury_count": 0, "top_cause": "無(非車輛駕駛人因素)", "top_hour": 19, "near_location": "", "city": "taipei"}}, {"type": "Feature", "geometry": {"type": "Point", "coordinates": [121.53, 25.043]}, "properties": {"accident_count": 11, "death_count": 0, "injury_count": 0, "top_cause": "無(非車輛駕駛人因素)", "top_hour": 19, "near_location": "", "city": "taipei"}}, {"type": "Feature", "geometry": {"type": "Point", "coordinates": [121.51, 25.087]}, "properties": {"accident_count": 11, "death_count": 0, "injury_count": 0, "top_cause": "無(非車輛駕駛人因素)", "top_hour": 14, "near_location": "", "city": "taipei"}}, {"type": "Feature", "geometry": {"type": "Point", "coordinates": [121.513, 25.045]}, "properties": {"accident_count": 11, "death_count": 0, "injury_count": 0, "top_cause": "無(非車輛駕駛人因素)", "top_hour": 20, "near_location": "", "city": "taipei"}}, {"type": "Feature", "geometry": {"type": "Point", "coordinates": [121.562, 25.041]}, "properties": {"accident_count": 11, "death_count": 0, "injury_count": 0, "top_cause": "無(非車輛駕駛人因素)", "top_hour": 18, "near_location": "", "city": "taipei"}}, {"type": "Feature", "geometry": {"type": "Point", "coordinates": [121.522, 25.105]}, "properties": {"accident_count": 11, "death_count": 0, "injury_count": 0, "top_cause": "無(非車輛駕駛人因素)", "top_hour": 23, "near_location": "", "city": "taipei"}}, {"type": "Feature", "geometry": {"type": "Point", "coordinates": [121.578, 25.042]}, "properties": {"accident_count": 11, "death_count": 0, "injury_count": 0, "top_cause": "無(非車輛駕駛人因素)", "top_hour": 23, "near_location": "", "city": "taipei"}}, {"type": "Feature", "geometry": {"type": "Point", "coordinates": [121.547, 25.019]}, "properties": {"accident_count": 10, "death_count": 0, "injury_count": 0, "top_cause": "無(非車輛駕駛人因素)", "top_hour": 17, "near_location": "", "city": "taipei"}}, {"type": "Feature", "geometry": {"type": "Point", "coordinates": [121.533, 25.052]}, "properties": {"accident_count": 10, "death_count": 0, "injury_count": 0, "top_cause": "無(非車輛駕駛人因素)", "top_hour": 17, "near_location": "", "city": "taipei"}}, {"type": "Feature", "geometry": {"type": "Point", "coordinates": [121.469, 25.123]}, "properties": {"accident_count": 10, "death_count": 0, "injury_count": 0, "top_cause": "無(非車輛駕駛人因素)", "top_hour": 21, "near_location": "", "city": "taipei"}}, {"type": "Feature", "geometry": {"type": "Point", "coordinates": [121.507, 25.051]}, "properties": {"accident_count": 10, "death_count": 0, "injury_count": 0, "top_cause": "無(非車輛駕駛人因素)", "top_hour": 20, "near_location": "", "city": "taipei"}}, {"type": "Feature", "geometry": {"type": "Point", "coordinates": [121.521, 25.027]}, "properties": {"accident_count": 10, "death_count": 0, "injury_count": 0, "top_cause": "無(非車輛駕駛人因素)", "top_hour": 23, "near_location": "", "city": "taipei"}}, {"type": "Feature", "geometry": {"type": "Point", "coordinates": [121.52, 25.041]}, "properties": {"accident_count": 10, "death_count": 0, "injury_count": 0, "top_cause": "無(非車輛駕駛人因素)", "top_hour": 13, "near_location": "", "city": "taipei"}}, {"type": "Feature", "geometry": {"type": "Point", "coordinates": [121.504, 25.04]}, "properties": {"accident_count": 10, "death_count": 0, "injury_count": 0, "top_cause": "無(非車輛駕駛人因素)", "top_hour": 14, "near_location": "", "city": "taipei"}}, {"type": "Feature", "geometry": {"type": "Point", "coordinates": [121.568, 25.027]}, "properties": {"accident_count": 10, "death_count": 0, "injury_count": 0, "top_cause": "無(非車輛駕駛人因素)", "top_hour": 20, "near_location": "", "city": "taipei"}}, {"type": "Feature", "geometry": {"type": "Point", "coordinates": [121.508, 25.042]}, "properties": {"accident_count": 10, "death_count": 0, "injury_count": 0, "top_cause": "無(非車輛駕駛人因素)", "top_hour": 23, "near_location": "", "city": "taipei"}}, {"type": "Feature", "geometry": {"type": "Point", "coordinates": [121.54, 25.042]}, "properties": {"accident_count": 10, "death_count": 0, "injury_count": 0, "top_cause": "無(非車輛駕駛人因素)", "top_hour": 13, "near_location": "", "city": "taipei"}}, {"type": "Feature", "geometry": {"type": "Point", "coordinates": [121.565, 25.041]}, "properties": {"accident_count": 10, "death_count": 0, "injury_count": 0, "top_cause": "無(非車輛駕駛人因素)", "top_hour": 23, "near_location": "", "city": "taipei"}}, {"type": "Feature", "geometry": {"type": "Point", "coordinates": [121.537, 25.063]}, "properties": {"accident_count": 10, "death_count": 0, "injury_count": 0, "top_cause": "無(非車輛駕駛人因素)", "top_hour": 23, "near_location": "", "city": "taipei"}}, {"type": "Feature", "geometry": {"type": "Point", "coordinates": [121.509, 25.046]}, "properties": {"accident_count": 10, "death_count": 0, "injury_count": 0, "top_cause": "無(非車輛駕駛人因素)", "top_hour": 16, "near_location": "", "city": "taipei"}}, {"type": "Feature", "geometry": {"type": "Point", "coordinates": [121.537, 25.06]}, "properties": {"accident_count": 10, "death_count": 0, "injury_count": 0, "top_cause": "無(非車輛駕駛人因素)", "top_hour": 10, "near_location": "", "city": "taipei"}}, {"type": "Feature", "geometry": {"type": "Point", "coordinates": [121.506, 25.043]}, "properties": {"accident_count": 10, "death_count": 0, "injury_count": 0, "top_cause": "無(非車輛駕駛人因素)", "top_hour": 22, "near_location": "", "city": "taipei"}}, {"type": "Feature", "geometry": {"type": "Point", "coordinates": [121.515, 25.034]}, "properties": {"accident_count": 10, "death_count": 0, "injury_count": 0, "top_cause": "無(非車輛駕駛人因素)", "top_hour": 13, "near_location": "", "city": "taipei"}}, {"type": "Feature", "geometry": {"type": "Point", "coordinates": [121.525, 25.054]}, "properties": {"accident_count": 10, "death_count": 0, "injury_count": 0, "top_cause": "無(非車輛駕駛人因素)", "top_hour": 23, "near_location": "", "city": "taipei"}}, {"type": "Feature", "geometry": {"type": "Point", "coordinates": [121.519, 25.026]}, "properties": {"accident_count": 10, "death_count": 0, "injury_count": 0, "top_cause": "無(非車輛駕駛人因素)", "top_hour": 16, "near_location": "", "city": "taipei"}}, {"type": "Feature", "geometry": {"type": "Point", "coordinates": [121.536, 25.011]}, "properties": {"accident_count": 10, "death_count": 0, "injury_count": 0, "top_cause": "無(非車輛駕駛人因素)", "top_hour": 23, "near_location": "", "city": "taipei"}}, {"type": "Feature", "geometry": {"type": "Point", "coordinates": [121.57, 25.051]}, "properties": {"accident_count": 10, "death_count": 0, "injury_count": 0, "top_cause": "無(非車輛駕駛人因素)", "top_hour": 11, "near_location": "", "city": "taipei"}}, {"type": "Feature", "geometry": {"type": "Point", "coordinates": [121.505, 25.034]}, "properties": {"accident_count": 10, "death_count": 0, "injury_count": 0, "top_cause": "無(非車輛駕駛人因素)", "top_hour": 16, "near_location": "", "city": "taipei"}}, {"type": "Feature", "geometry": {"type": "Point", "coordinates": [121.47, 25.123]}, "properties": {"accident_count": 10, "death_count": 0, "injury_count": 0, "top_cause": "無(非車輛駕駛人因素)", "top_hour": 12, "near_location": "", "city": "taipei"}}, {"type": "Feature", "geometry": {"type": "Point", "coordinates": [121.504, 25.117]}, "properties": {"accident_count": 10, "death_count": 0, "injury_count": 0, "top_cause": "無(非車輛駕駛人因素)", "top_hour": 23, "near_location": "", "city": "taipei"}}, {"type": "Feature", "geometry": {"type": "Point", "coordinates": [121.558, 25.033]}, "properties": {"accident_count": 10, "death_count": 0, "injury_count": 0, "top_cause": "無(非車輛駕駛人因素)", "top_hour": 23, "near_location": "", "city": "taipei"}}, {"type": "Feature", "geometry": {"type": "Point", "coordinates": [121.618, 25.055]}, "properties": {"accident_count": 10, "death_count": 0, "injury_count": 0, "top_cause": "無(非車輛駕駛人因素)", "top_hour": 16, "near_location": "", "city": "taipei"}}, {"type": "Feature", "geometry": {"type": "Point", "coordinates": [121.536, 25.045]}, "properties": {"accident_count": 10, "death_count": 0, "injury_count": 0, "top_cause": "無(非車輛駕駛人因素)", "top_hour": 21, "near_location": "", "city": "taipei"}}, {"type": "Feature", "geometry": {"type": "Point", "coordinates": [121.572, 25.04]}, "properties": {"accident_count": 10, "death_count": 0, "injury_count": 0, "top_cause": "無(非車輛駕駛人因素)", "top_hour": 18, "near_location": "", "city": "taipei"}}, {"type": "Feature", "geometry": {"type": "Point", "coordinates": [121.554, 25.001]}, "properties": {"accident_count": 10, "death_count": 0, "injury_count": 0, "top_cause": "無(非車輛駕駛人因素)", "top_hour": 14, "near_location": "", "city": "taipei"}}, {"type": "Feature", "geometry": {"type": "Point", "coordinates": [121.592, 25.082]}, "properties": {"accident_count": 10, "death_count": 0, "injury_count": 0, "top_cause": "無(非車輛駕駛人因素)", "top_hour": 15, "near_location": "", "city": "taipei"}}, {"type": "Feature", "geometry": {"type": "Point", "coordinates": [121.583, 25.045]}, "properties": {"accident_count": 10, "death_count": 0, "injury_count": 0, "top_cause": "無(非車輛駕駛人因素)", "top_hour": 23, "near_location": "", "city": "taipei"}}, {"type": "Feature", "geometry": {"type": "Point", "coordinates": [121.532, 25.097]}, "properties": {"accident_count": 10, "death_count": 0, "injury_count": 0, "top_cause": "無(非車輛駕駛人因素)", "top_hour": 18, "near_location": "", "city": "taipei"}}, {"type": "Feature", "geometry": {"type": "Point", "coordinates": [121.585, 25.041]}, "properties": {"accident_count": 10, "death_count": 0, "injury_count": 0, "top_cause": "無(非車輛駕駛人因素)", "top_hour": 12, "near_location": "", "city": "taipei"}}, {"type": "Feature", "geometry": {"type": "Point", "coordinates": [121.522, 25.065]}, "properties": {"accident_count": 10, "death_count": 0, "injury_count": 0, "top_cause": "無(非車輛駕駛人因素)", "top_hour": 11, "near_location": "", "city": "taipei"}}, {"type": "Feature", "geometry": {"type": "Point", "coordinates": [121.53, 25.108]}, "properties": {"accident_count": 10, "death_count": 0, "injury_count": 0, "top_cause": "無(非車輛駕駛人因素)", "top_hour": 23, "near_location": "", "city": "taipei"}}, {"type": "Feature", "geometry": {"type": "Point", "coordinates": [121.581, 25.043]}, "properties": {"accident_count": 10, "death_count": 0, "injury_count": 0, "top_cause": "無(非車輛駕駛人因素)", "top_hour": 12, "near_location": "", "city": "taipei"}}, {"type": "Feature", "geometry": {"type": "Point", "coordinates": [121.522, 25.091]}, "properties": {"accident_count": 10, "death_count": 0, "injury_count": 0, "top_cause": "無(非車輛駕駛人因素)", "top_hour": 23, "near_location": "", "city": "taipei"}}, {"type": "Feature", "geometry": {"type": "Point", "coordinates": [121.58, 25.05]}, "properties": {"accident_count": 10, "death_count": 0, "injury_count": 0, "top_cause": "無(非車輛駕駛人因素)", "top_hour": 11, "near_location": "", "city": "taipei"}}, {"type": "Feature", "geometry": {"type": "Point", "coordinates": [121.506, 25.044]}, "properties": {"accident_count": 10, "death_count": 0, "injury_count": 0, "top_cause": "無(非車輛駕駛人因素)", "top_hour": 15, "near_location": "", "city": "taipei"}}, {"type": "Feature", "geometry": {"type": "Point", "coordinates": [121.579, 25.074]}, "properties": {"accident_count": 10, "death_count": 0, "injury_count": 0, "top_cause": "無(非車輛駕駛人因素)", "top_hour": 19, "near_location": "", "city": "taipei"}}, {"type": "Feature", "geometry": {"type": "Point", "coordinates": [121.578, 25.05]}, "properties": {"accident_count": 10, "death_count": 0, "injury_count": 0, "top_cause": "無(非車輛駕駛人因素)", "top_hour": 23, "near_location": "", "city": "taipei"}}, {"type": "Feature", "geometry": {"type": "Point", "coordinates": [121.509, 25.088]}, "properties": {"accident_count": 10, "death_count": 0, "injury_count": 0, "top_cause": "無(非車輛駕駛人因素)", "top_hour": 23, "near_location": "", "city": "taipei"}}, {"type": "Feature", "geometry": {"type": "Point", "coordinates": [121.549, 25.017]}, "properties": {"accident_count": 10, "death_count": 0, "injury_count": 0, "top_cause": "無(非車輛駕駛人因素)", "top_hour": 10, "near_location": "", "city": "taipei"}}, {"type": "Feature", "geometry": {"type": "Point", "coordinates": [121.553, 25.041]}, "properties": {"accident_count": 10, "death_count": 0, "injury_count": 0, "top_cause": "無(非車輛駕駛人因素)", "top_hour": 15, "near_location": "", "city": "taipei"}}, {"type": "Feature", "geometry": {"type": "Point", "coordinates": [121.537, 25.062]}, "properties": {"accident_count": 10, "death_count": 0, "injury_count": 0, "top_cause": "無(非車輛駕駛人因素)", "top_hour": 13, "near_location": "", "city": "taipei"}}, {"type": "Feature", "geometry": {"type": "Point", "coordinates": [121.5, 25.121]}, "properties": {"accident_count": 10, "death_count": 0, "injury_count": 0, "top_cause": "無(非車輛駕駛人因素)", "top_hour": 12, "near_location": "", "city": "taipei"}}, {"type": "Feature", "geometry": {"type": "Point", "coordinates": [121.594, 25.051]}, "properties": {"accident_count": 10, "death_count": 0, "injury_count": 0, "top_cause": "無(非車輛駕駛人因素)", "top_hour": 17, "near_location": "", "city": "taipei"}}, {"type": "Feature", "geometry": {"type": "Point", "coordinates": [121.515, 25.046]}, "properties": {"accident_count": 10, "death_count": 0, "injury_count": 0, "top_cause": "無(非車輛駕駛人因素)", "top_hour": 23, "near_location": "", "city": "taipei"}}, {"type": "Feature", "geometry": {"type": "Point", "coordinates": [121.501, 25.038]}, "properties": {"accident_count": 10, "death_count": 0, "injury_count": 0, "top_cause": "無(非車輛駕駛人因素)", "top_hour": 23, "near_location": "", "city": "taipei"}}, {"type": "Feature", "geometry": {"type": "Point", "coordinates": [121.521, 25.063]}, "properties": {"accident_count": 9, "death_count": 0, "injury_count": 0, "top_cause": "無(非車輛駕駛人因素)", "top_hour": 23, "near_location": "", "city": "taipei"}}, {"type": "Feature", "geometry": {"type": "Point", "coordinates": [121.546, 24.999]}, "properties": {"accident_count": 9, "death_count": 0, "injury_count": 0, "top_cause": "無(非車輛駕駛人因素)", "top_hour": 17, "near_location": "", "city": "taipei"}}, {"type": "Feature", "geometry": {"type": "Point", "coordinates": [121.517, 25.05]}, "properties": {"accident_count": 9, "death_count": 0, "injury_count": 0, "top_cause": "無(非車輛駕駛人因素)", "top_hour": 23, "near_location": "", "city": "taipei"}}, {"type": "Feature", "geometry": {"type": "Point", "coordinates": [121.509, 25.044]}, "properties": {"accident_count": 9, "death_count": 0, "injury_count": 0, "top_cause": "無(非車輛駕駛人因素)", "top_hour": 18, "near_location": "", "city": "taipei"}}, {"type": "Feature", "geometry": {"type": "Point", "coordinates": [121.496, 25.017]}, "properties": {"accident_count": 9, "death_count": 0, "injury_count": 0, "top_cause": "無(非車輛駕駛人因素)", "top_hour": 23, "near_location": "", "city": "taipei"}}, {"type": "Feature", "geometry": {"type": "Point", "coordinates": [121.544, 25.063]}, "properties": {"accident_count": 9, "death_count": 0, "injury_count": 0, "top_cause": "無(非車輛駕駛人因素)", "top_hour": 13, "near_location": "", "city": "taipei"}}, {"type": "Feature", "geometry": {"type": "Point", "coordinates": [121.542, 24.993]}, "properties": {"accident_count": 9, "death_count": 0, "injury_count": 0, "top_cause": "無(非車輛駕駛人因素)", "top_hour": 19, "near_location": "", "city": "taipei"}}, {"type": "Feature", "geometry": {"type": "Point", "coordinates": [121.547, 25.025]}, "properties": {"accident_count": 9, "death_count": 0, "injury_count": 0, "top_cause": "無(非車輛駕駛人因素)", "top_hour": 15, "near_location": "", "city": "taipei"}}, {"type": "Feature", "geometry": {"type": "Point", "coordinates": [121.551, 25.045]}, "properties": {"accident_count": 9, "death_count": 0, "injury_count": 0, "top_cause": "無(非車輛駕駛人因素)", "top_hour": 22, "near_location": "", "city": "taipei"}}, {"type": "Feature", "geometry": {"type": "Point", "coordinates": [121.515, 25.03]}, "properties": {"accident_count": 9, "death_count": 0, "injury_count": 0, "top_cause": "無(非車輛駕駛人因素)", "top_hour": 23, "near_location": "", "city": "taipei"}}, {"type": "Feature", "geometry": {"type": "Point", "coordinates": [121.565, 25.05]}, "properties": {"accident_count": 9, "death_count": 0, "injury_count": 0, "top_cause": "無(非車輛駕駛人因素)", "top_hour": 23, "near_location": "", "city": "taipei"}}, {"type": "Feature", "geometry": {"type": "Point", "coordinates": [121.569, 24.989]}, "properties": {"accident_count": 9, "death_count": 0, "injury_count": 0, "top_cause": "無(非車輛駕駛人因素)", "top_hour": 11, "near_location": "", "city": "taipei"}}, {"type": "Feature", "geometry": {"type": "Point", "coordinates": [121.566, 25.044]}, "properties": {"accident_count": 9, "death_count": 0, "injury_count": 0, "top_cause": "無(非車輛駕駛人因素)", "top_hour": 23, "near_location": "", "city": "taipei"}}, {"type": "Feature", "geometry": {"type": "Point", "coordinates": [121.5, 25.035]}, "properties": {"accident_count": 9, "death_count": 0, "injury_count": 0, "top_cause": "無(非車輛駕駛人因素)", "top_hour": 20, "near_location": "", "city": "taipei"}}, {"type": "Feature", "geometry": {"type": "Point", "coordinates": [121.576, 25.049]}, "properties": {"accident_count": 9, "death_count": 0, "injury_count": 0, "top_cause": "無(非車輛駕駛人因素)", "top_hour": 11, "near_location": "", "city": "taipei"}}, {"type": "Feature", "geometry": {"type": "Point", "coordinates": [121.514, 25.054]}, "properties": {"accident_count": 9, "death_count": 0, "injury_count": 0, "top_cause": "無(非車輛駕駛人因素)", "top_hour": 20, "near_location": "", "city": "taipei"}}, {"type": "Feature", "geometry": {"type": "Point", "coordinates": [121.547, 25.042]}, "properties": {"accident_count": 9, "death_count": 0, "injury_count": 0, "top_cause": "無(非車輛駕駛人因素)", "top_hour": 23, "near_location": "", "city": "taipei"}}, {"type": "Feature", "geometry": {"type": "Point", "coordinates": [121.538, 25.068]}, "properties": {"accident_count": 9, "death_count": 0, "injury_count": 0, "top_cause": "無(非車輛駕駛人因素)", "top_hour": 23, "near_location": "", "city": "taipei"}}, {"type": "Feature", "geometry": {"type": "Point", "coordinates": [121.564, 24.989]}, "properties": {"accident_count": 9, "death_count": 0, "injury_count": 0, "top_cause": "無(非車輛駕駛人因素)", "top_hour": 16, "near_location": "", "city": "taipei"}}, {"type": "Feature", "geometry": {"type": "Point", "coordinates": [121.525, 25.095]}, "properties": {"accident_count": 9, "death_count": 0, "injury_count": 0, "top_cause": "無(非車輛駕駛人因素)", "top_hour": 23, "near_location": "", "city": "taipei"}}, {"type": "Feature", "geometry": {"type": "Point", "coordinates": [121.513, 25.049]}, "properties": {"accident_count": 9, "death_count": 0, "injury_count": 0, "top_cause": "無(非車輛駕駛人因素)", "top_hour": 15, "near_location": "", "city": "taipei"}}, {"type": "Feature", "geometry": {"type": "Point", "coordinates": [121.563, 24.982]}, "properties": {"accident_count": 9, "death_count": 0, "injury_count": 0, "top_cause": "無(非車輛駕駛人因素)", "top_hour": 23, "near_location": "", "city": "taipei"}}, {"type": "Feature", "geometry": {"type": "Point", "coordinates": [121.508, 25.064]}, "properties": {"accident_count": 9, "death_count": 0, "injury_count": 0, "top_cause": "無(非車輛駕駛人因素)", "top_hour": 16, "near_location": "", "city": "taipei"}}, {"type": "Feature", "geometry": {"type": "Point", "coordinates": [121.525, 25.077]}, "properties": {"accident_count": 9, "death_count": 0, "injury_count": 0, "top_cause": "無(非車輛駕駛人因素)", "top_hour": 12, "near_location": "", "city": "taipei"}}, {"type": "Feature", "geometry": {"type": "Point", "coordinates": [121.537, 25.058]}, "properties": {"accident_count": 9, "death_count": 0, "injury_count": 0, "top_cause": "無(非車輛駕駛人因素)", "top_hour": 15, "near_location": "", "city": "taipei"}}, {"type": "Feature", "geometry": {"type": "Point", "coordinates": [121.525, 25.106]}, "properties": {"accident_count": 9, "death_count": 0, "injury_count": 0, "top_cause": "無(非車輛駕駛人因素)", "top_hour": 19, "near_location": "", "city": "taipei"}}, {"type": "Feature", "geometry": {"type": "Point", "coordinates": [121.561, 24.987]}, "properties": {"accident_count": 9, "death_count": 0, "injury_count": 0, "top_cause": "無(非車輛駕駛人因素)", "top_hour": 23, "near_location": "", "city": "taipei"}}, {"type": "Feature", "geometry": {"type": "Point", "coordinates": [121.576, 25.081]}, "properties": {"accident_count": 9, "death_count": 0, "injury_count": 0, "top_cause": "無(非車輛駕駛人因素)", "top_hour": 23, "near_location": "", "city": "taipei"}}, {"type": "Feature", "geometry": {"type": "Point", "coordinates": [121.526, 25.112]}, "properties": {"accident_count": 9, "death_count": 0, "injury_count": 0, "top_cause": "無(非車輛駕駛人因素)", "top_hour": 20, "near_location": "", "city": "taipei"}}, {"type": "Feature", "geometry": {"type": "Point", "coordinates": [121.562, 24.985]}, "properties": {"accident_count": 9, "death_count": 0, "injury_count": 0, "top_cause": "無(非車輛駕駛人因素)", "top_hour": 18, "near_location": "", "city": "taipei"}}, {"type": "Feature", "geometry": {"type": "Point", "coordinates": [121.547, 25.045]}, "properties": {"accident_count": 9, "death_count": 0, "injury_count": 0, "top_cause": "無(非車輛駕駛人因素)", "top_hour": 23, "near_location": "", "city": "taipei"}}, {"type": "Feature", "geometry": {"type": "Point", "coordinates": [121.545, 24.995]}, "properties": {"accident_count": 9, "death_count": 0, "injury_count": 0, "top_cause": "無(非車輛駕駛人因素)", "top_hour": 19, "near_location": "", "city": "taipei"}}, {"type": "Feature", "geometry": {"type": "Point", "coordinates": [121.5, 25.038]}, "properties": {"accident_count": 9, "death_count": 0, "injury_count": 0, "top_cause": "無(非車輛駕駛人因素)", "top_hour": 23, "near_location": "", "city": "taipei"}}, {"type": "Feature", "geometry": {"type": "Point", "coordinates": [121.594, 25.071]}, "properties": {"accident_count": 9, "death_count": 0, "injury_count": 0, "top_cause": "無(非車輛駕駛人因素)", "top_hour": 23, "near_location": "", "city": "taipei"}}, {"type": "Feature", "geometry": {"type": "Point", "coordinates": [121.519, 25.029]}, "properties": {"accident_count": 9, "death_count": 0, "injury_count": 0, "top_cause": "無(非車輛駕駛人因素)", "top_hour": 23, "near_location": "", "city": "taipei"}}, {"type": "Feature", "geometry": {"type": "Point", "coordinates": [121.544, 25.062]}, "properties": {"accident_count": 9, "death_count": 0, "injury_count": 0, "top_cause": "無(非車輛駕駛人因素)", "top_hour": 16, "near_location": "", "city": "taipei"}}, {"type": "Feature", "geometry": {"type": "Point", "coordinates": [121.515, 25.072]}, "properties": {"accident_count": 9, "death_count": 0, "injury_count": 0, "top_cause": "無(非車輛駕駛人因素)", "top_hour": 23, "near_location": "", "city": "taipei"}}, {"type": "Feature", "geometry": {"type": "Point", "coordinates": [121.558, 25.038]}, "properties": {"accident_count": 9, "death_count": 0, "injury_count": 0, "top_cause": "無(非車輛駕駛人因素)", "top_hour": 23, "near_location": "", "city": "taipei"}}, {"type": "Feature", "geometry": {"type": "Point", "coordinates": [121.558, 25.03]}, "properties": {"accident_count": 9, "death_count": 0, "injury_count": 0, "top_cause": "無(非車輛駕駛人因素)", "top_hour": 13, "near_location": "", "city": "taipei"}}, {"type": "Feature", "geometry": {"type": "Point", "coordinates": [121.528, 25.047]}, "properties": {"accident_count": 9, "death_count": 0, "injury_count": 0, "top_cause": "無(非車輛駕駛人因素)", "top_hour": 16, "near_location": "", "city": "taipei"}}, {"type": "Feature", "geometry": {"type": "Point", "coordinates": [121.557, 25.045]}, "properties": {"accident_count": 9, "death_count": 0, "injury_count": 0, "top_cause": "無(非車輛駕駛人因素)", "top_hour": 10, "near_location": "", "city": "taipei"}}, {"type": "Feature", "geometry": {"type": "Point", "coordinates": [121.571, 24.992]}, "properties": {"accident_count": 9, "death_count": 0, "injury_count": 0, "top_cause": "無(非車輛駕駛人因素)", "top_hour": 10, "near_location": "", "city": "taipei"}}, {"type": "Feature", "geometry": {"type": "Point", "coordinates": [121.518, 25.06]}, "properties": {"accident_count": 9, "death_count": 0, "injury_count": 0, "top_cause": "無(非車輛駕駛人因素)", "top_hour": 14, "near_location": "", "city": "taipei"}}, {"type": "Feature", "geometry": {"type": "Point", "coordinates": [121.557, 25.028]}, "properties": {"accident_count": 9, "death_count": 0, "injury_count": 0, "top_cause": "無(非車輛駕駛人因素)", "top_hour": 23, "near_location": "", "city": "taipei"}}, {"type": "Feature", "geometry": {"type": "Point", "coordinates": [121.519, 25.042]}, "properties": {"accident_count": 9, "death_count": 0, "injury_count": 0, "top_cause": "無(非車輛駕駛人因素)", "top_hour": 23, "near_location": "", "city": "taipei"}}, {"type": "Feature", "geometry": {"type": "Point", "coordinates": [121.557, 25.029]}, "properties": {"accident_count": 9, "death_count": 0, "injury_count": 0, "top_cause": "無(非車輛駕駛人因素)", "top_hour": 23, "near_location": "", "city": "taipei"}}, {"type": "Feature", "geometry": {"type": "Point", "coordinates": [121.498, 25.039]}, "properties": {"accident_count": 9, "death_count": 0, "injury_count": 0, "top_cause": "無(非車輛駕駛人因素)", "top_hour": 23, "near_location": "", "city": "taipei"}}, {"type": "Feature", "geometry": {"type": "Point", "coordinates": [121.504, 25.046]}, "properties": {"accident_count": 9, "death_count": 0, "injury_count": 0, "top_cause": "無(非車輛駕駛人因素)", "top_hour": 11, "near_location": "", "city": "taipei"}}, {"type": "Feature", "geometry": {"type": "Point", "coordinates": [121.555, 25.058]}, "properties": {"accident_count": 9, "death_count": 0, "injury_count": 0, "top_cause": "無(非車輛駕駛人因素)", "top_hour": 13, "near_location": "", "city": "taipei"}}, {"type": "Feature", "geometry": {"type": "Point", "coordinates": [121.555, 24.98]}, "properties": {"accident_count": 9, "death_count": 0, "injury_count": 0, "top_cause": "無(非車輛駕駛人因素)", "top_hour": 17, "near_location": "", "city": "taipei"}}, {"type": "Feature", "geometry": {"type": "Point", "coordinates": [121.501, 25.03]}, "properties": {"accident_count": 9, "death_count": 0, "injury_count": 0, "top_cause": "無(非車輛駕駛人因素)", "top_hour": 18, "near_location": "", "city": "taipei"}}, {"type": "Feature", "geometry": {"type": "Point", "coordinates": [121.555, 25.062]}, "properties": {"accident_count": 9, "death_count": 0, "injury_count": 0, "top_cause": "無(非車輛駕駛人因素)", "top_hour": 18, "near_location": "", "city": "taipei"}}, {"type": "Feature", "geometry": {"type": "Point", "coordinates": [121.619, 25.072]}, "properties": {"accident_count": 9, "death_count": 0, "injury_count": 0, "top_cause": "無(非車輛駕駛人因素)", "top_hour": 23, "near_location": "", "city": "taipei"}}, {"type": "Feature", "geometry": {"type": "Point", "coordinates": [121.524, 25.063]}, "properties": {"accident_count": 9, "death_count": 0, "injury_count": 0, "top_cause": "無(非車輛駕駛人因素)", "top_hour": 23, "near_location": "", "city": "taipei"}}, {"type": "Feature", "geometry": {"type": "Point", "coordinates": [121.498, 25.033]}, "properties": {"accident_count": 9, "death_count": 0, "injury_count": 0, "top_cause": "無(非車輛駕駛人因素)", "top_hour": 11, "near_location": "", "city": "taipei"}}, {"type": "Feature", "geometry": {"type": "Point", "coordinates": [121.511, 25.069]}, "properties": {"accident_count": 9, "death_count": 0, "injury_count": 0, "top_cause": "無(非車輛駕駛人因素)", "top_hour": 23, "near_location": "", "city": "taipei"}}, {"type": "Feature", "geometry": {"type": "Point", "coordinates": [121.517, 25.118]}, "properties": {"accident_count": 9, "death_count": 0, "injury_count": 0, "top_cause": "無(非車輛駕駛人因素)", "top_hour": 23, "near_location": "", "city": "taipei"}}, {"type": "Feature", "geometry": {"type": "Point", "coordinates": [121.504, 25.03]}, "properties": {"accident_count": 9, "death_count": 0, "injury_count": 0, "top_cause": "無(非車輛駕駛人因素)", "top_hour": 23, "near_location": "", "city": "taipei"}}, {"type": "Feature", "geometry": {"type": "Point", "coordinates": [121.606, 25.054]}, "properties": {"accident_count": 9, "death_count": 0, "injury_count": 0, "top_cause": "無(非車輛駕駛人因素)", "top_hour": 13, "near_location": "", "city": "taipei"}}, {"type": "Feature", "geometry": {"type": "Point", "coordinates": [121.498, 25.02]}, "properties": {"accident_count": 9, "death_count": 0, "injury_count": 0, "top_cause": "無(非車輛駕駛人因素)", "top_hour": 11, "near_location": "", "city": "taipei"}}, {"type": "Feature", "geometry": {"type": "Point", "coordinates": [121.574, 24.998]}, "properties": {"accident_count": 9, "death_count": 0, "injury_count": 0, "top_cause": "無(非車輛駕駛人因素)", "top_hour": 22, "near_location": "", "city": "taipei"}}, {"type": "Feature", "geometry": {"type": "Point", "coordinates": [121.553, 25.042]}, "properties": {"accident_count": 9, "death_count": 0, "injury_count": 0, "top_cause": "無(非車輛駕駛人因素)", "top_hour": 13, "near_location": "", "city": "taipei"}}, {"type": "Feature", "geometry": {"type": "Point", "coordinates": [121.533, 25.063]}, "properties": {"accident_count": 9, "death_count": 0, "injury_count": 0, "top_cause": "無(非車輛駕駛人因素)", "top_hour": 23, "near_location": "", "city": "taipei"}}, {"type": "Feature", "geometry": {"type": "Point", "coordinates": [121.512, 25.063]}, "properties": {"accident_count": 9, "death_count": 0, "injury_count": 0, "top_cause": "無(非車輛駕駛人因素)", "top_hour": 12, "near_location": "", "city": "taipei"}}, {"type": "Feature", "geometry": {"type": "Point", "coordinates": [121.59, 25.082]}, "properties": {"accident_count": 9, "death_count": 0, "injury_count": 0, "top_cause": "無(非車輛駕駛人因素)", "top_hour": 23, "near_location": "", "city": "taipei"}}, {"type": "Feature", "geometry": {"type": "Point", "coordinates": [121.533, 25.04]}, "properties": {"accident_count": 9, "death_count": 0, "injury_count": 0, "top_cause": "無(非車輛駕駛人因素)", "top_hour": 11, "near_location": "", "city": "taipei"}}, {"type": "Feature", "geometry": {"type": "Point", "coordinates": [121.523, 25.049]}, "properties": {"accident_count": 9, "death_count": 0, "injury_count": 0, "top_cause": "無(非車輛駕駛人因素)", "top_hour": 23, "near_location": "", "city": "taipei"}}, {"type": "Feature", "geometry": {"type": "Point", "coordinates": [121.533, 25.042]}, "properties": {"accident_count": 9, "death_count": 0, "injury_count": 0, "top_cause": "無(非車輛駕駛人因素)", "top_hour": 17, "near_location": "", "city": "taipei"}}, {"type": "Feature", "geometry": {"type": "Point", "coordinates": [121.553, 25.024]}, "properties": {"accident_count": 9, "death_count": 0, "injury_count": 0, "top_cause": "無(非車輛駕駛人因素)", "top_hour": 23, "near_location": "", "city": "taipei"}}, {"type": "Feature", "geometry": {"type": "Point", "coordinates": [121.543, 25.042]}, "properties": {"accident_count": 9, "death_count": 0, "injury_count": 0, "top_cause": "無(非車輛駕駛人因素)", "top_hour": 23, "near_location": "", "city": "taipei"}}, {"type": "Feature", "geometry": {"type": "Point", "coordinates": [121.586, 25.039]}, "properties": {"accident_count": 9, "death_count": 0, "injury_count": 0, "top_cause": "無(非車輛駕駛人因素)", "top_hour": 20, "near_location": "", "city": "taipei"}}, {"type": "Feature", "geometry": {"type": "Point", "coordinates": [121.583, 25.043]}, "properties": {"accident_count": 9, "death_count": 0, "injury_count": 0, "top_cause": "無(非車輛駕駛人因素)", "top_hour": 19, "near_location": "", "city": "taipei"}}, {"type": "Feature", "geometry": {"type": "Point", "coordinates": [121.549, 25.054]}, "properties": {"accident_count": 9, "death_count": 0, "injury_count": 0, "top_cause": "無(非車輛駕駛人因素)", "top_hour": 23, "near_location": "", "city": "taipei"}}, {"type": "Feature", "geometry": {"type": "Point", "coordinates": [121.55, 25.045]}, "properties": {"accident_count": 9, "death_count": 0, "injury_count": 0, "top_cause": "無(非車輛駕駛人因素)", "top_hour": 23, "near_location": "", "city": "taipei"}}, {"type": "Feature", "geometry": {"type": "Point", "coordinates": [121.523, 25.06]}, "properties": {"accident_count": 9, "death_count": 0, "injury_count": 0, "top_cause": "無(非車輛駕駛人因素)", "top_hour": 16, "near_location": "", "city": "taipei"}}, {"type": "Feature", "geometry": {"type": "Point", "coordinates": [121.549, 25.048]}, "properties": {"accident_count": 9, "death_count": 0, "injury_count": 0, "top_cause": "無(非車輛駕駛人因素)", "top_hour": 22, "near_location": "", "city": "taipei"}}, {"type": "Feature", "geometry": {"type": "Point", "coordinates": [121.492, 25.029]}, "properties": {"accident_count": 9, "death_count": 0, "injury_count": 0, "top_cause": "無(非車輛駕駛人因素)", "top_hour": 23, "near_location": "", "city": "taipei"}}, {"type": "Feature", "geometry": {"type": "Point", "coordinates": [121.522, 25.102]}, "properties": {"accident_count": 9, "death_count": 0, "injury_count": 0, "top_cause": "無(非車輛駕駛人因素)", "top_hour": 23, "near_location": "", "city": "taipei"}}, {"type": "Feature", "geometry": {"type": "Point", "coordinates": [121.51, 25.042]}, "properties": {"accident_count": 9, "death_count": 0, "injury_count": 0, "top_cause": "無(非車輛駕駛人因素)", "top_hour": 19, "near_location": "", "city": "taipei"}}, {"type": "Feature", "geometry": {"type": "Point", "coordinates": [121.53, 25.044]}, "properties": {"accident_count": 9, "death_count": 0, "injury_count": 0, "top_cause": "無(非車輛駕駛人因素)", "top_hour": 13, "near_location": "", "city": "taipei"}}, {"type": "Feature", "geometry": {"type": "Point", "coordinates": [121.579, 25.036]}, "properties": {"accident_count": 9, "death_count": 0, "injury_count": 0, "top_cause": "無(非車輛駕駛人因素)", "top_hour": 11, "near_location": "", "city": "taipei"}}, {"type": "Feature", "geometry": {"type": "Point", "coordinates": [121.522, 25.063]}, "properties": {"accident_count": 9, "death_count": 0, "injury_count": 0, "top_cause": "無(非車輛駕駛人因素)", "top_hour": 13, "near_location": "", "city": "taipei"}}, {"type": "Feature", "geometry": {"type": "Point", "coordinates": [121.578, 25.049]}, "properties": {"accident_count": 9, "death_count": 0, "injury_count": 0, "top_cause": "無(非車輛駕駛人因素)", "top_hour": 23, "near_location": "", "city": "taipei"}}, {"type": "Feature", "geometry": {"type": "Point", "coordinates": [121.501, 25.132]}, "properties": {"accident_count": 9, "death_count": 0, "injury_count": 0, "top_cause": "無(非車輛駕駛人因素)", "top_hour": 16, "near_location": "", "city": "taipei"}}, {"type": "Feature", "geometry": {"type": "Point", "coordinates": [121.522, 25.027]}, "properties": {"accident_count": 9, "death_count": 0, "injury_count": 0, "top_cause": "無(非車輛駕駛人因素)", "top_hour": 23, "near_location": "", "city": "taipei"}}, {"type": "Feature", "geometry": {"type": "Point", "coordinates": [121.523, 25.061]}, "properties": {"accident_count": 9, "death_count": 0, "injury_count": 0, "top_cause": "無(非車輛駕駛人因素)", "top_hour": 22, "near_location": "", "city": "taipei"}}, {"type": "Feature", "geometry": {"type": "Point", "coordinates": [121.496, 25.029]}, "properties": {"accident_count": 9, "death_count": 0, "injury_count": 0, "top_cause": "無(非車輛駕駛人因素)", "top_hour": 23, "near_location": "", "city": "taipei"}}, {"type": "Feature", "geometry": {"type": "Point", "coordinates": [121.53, 25.041]}, "properties": {"accident_count": 9, "death_count": 0, "injury_count": 0, "top_cause": "無(非車輛駕駛人因素)", "top_hour": 19, "near_location": "", "city": "taipei"}}, {"type": "Feature", "geometry": {"type": "Point", "coordinates": [121.536, 25.048]}, "properties": {"accident_count": 9, "death_count": 0, "injury_count": 0, "top_cause": "無(非車輛駕駛人因素)", "top_hour": 23, "near_location": "", "city": "taipei"}}, {"type": "Feature", "geometry": {"type": "Point", "coordinates": [121.575, 25.076]}, "properties": {"accident_count": 8, "death_count": 0, "injury_count": 0, "top_cause": "無(非車輛駕駛人因素)", "top_hour": 16, "near_location": "", "city": "taipei"}}, {"type": "Feature", "geometry": {"type": "Point", "coordinates": [121.545, 25.045]}, "properties": {"accident_count": 8, "death_count": 0, "injury_count": 0, "top_cause": "無(非車輛駕駛人因素)", "top_hour": 10, "near_location": "", "city": "taipei"}}, {"type": "Feature", "geometry": {"type": "Point", "coordinates": [121.521, 25.06]}, "properties": {"accident_count": 8, "death_count": 0, "injury_count": 0, "top_cause": "無(非車輛駕駛人因素)", "top_hour": 12, "near_location": "", "city": "taipei"}}, {"type": "Feature", "geometry": {"type": "Point", "coordinates": [121.576, 24.988]}, "properties": {"accident_count": 8, "death_count": 0, "injury_count": 0, "top_cause": "無(非車輛駕駛人因素)", "top_hour": 17, "near_location": "", "city": "taipei"}}, {"type": "Feature", "geometry": {"type": "Point", "coordinates": [121.573, 24.997]}, "properties": {"accident_count": 8, "death_count": 0, "injury_count": 0, "top_cause": "無(非車輛駕駛人因素)", "top_hour": 19, "near_location": "", "city": "taipei"}}, {"type": "Feature", "geometry": {"type": "Point", "coordinates": [121.509, 25.03]}, "properties": {"accident_count": 8, "death_count": 0, "injury_count": 0, "top_cause": "無(非車輛駕駛人因素)", "top_hour": 19, "near_location": "", "city": "taipei"}}, {"type": "Feature", "geometry": {"type": "Point", "coordinates": [121.521, 25.052]}, "properties": {"accident_count": 8, "death_count": 0, "injury_count": 0, "top_cause": "無(非車輛駕駛人因素)", "top_hour": 18, "near_location": "", "city": "taipei"}}, {"type": "Feature", "geometry": {"type": "Point", "coordinates": [121.544, 25.031]}, "properties": {"accident_count": 8, "death_count": 0, "injury_count": 0, "top_cause": "無(非車輛駕駛人因素)", "top_hour": 12, "near_location": "", "city": "taipei"}}, {"type": "Feature", "geometry": {"type": "Point", "coordinates": [121.544, 25.036]}, "properties": {"accident_count": 8, "death_count": 0, "injury_count": 0, "top_cause": "無(非車輛駕駛人因素)", "top_hour": 18, "near_location": "", "city": "taipei"}}, {"type": "Feature", "geometry": {"type": "Point", "coordinates": [121.568, 25.041]}, "properties": {"accident_count": 8, "death_count": 0, "injury_count": 0, "top_cause": "無(非車輛駕駛人因素)", "top_hour": 23, "near_location": "", "city": "taipei"}}, {"type": "Feature", "geometry": {"type": "Point", "coordinates": [121.567, 25.046]}, "properties": {"accident_count": 8, "death_count": 0, "injury_count": 0, "top_cause": "無(非車輛駕駛人因素)", "top_hour": 10, "near_location": "", "city": "taipei"}}, {"type": "Feature", "geometry": {"type": "Point", "coordinates": [121.544, 25.038]}, "properties": {"accident_count": 8, "death_count": 0, "injury_count": 0, "top_cause": "無(非車輛駕駛人因素)", "top_hour": 23, "near_location": "", "city": "taipei"}}, {"type": "Feature", "geometry": {"type": "Point", "coordinates": [121.568, 25.051]}, "properties": {"accident_count": 8, "death_count": 0, "injury_count": 0, "top_cause": "無(非車輛駕駛人因素)", "top_hour": 23, "near_location": "", "city": "taipei"}}, {"type": "Feature", "geometry": {"type": "Point", "coordinates": [121.544, 25.056]}, "properties": {"accident_count": 8, "death_count": 0, "injury_count": 0, "top_cause": "無(非車輛駕駛人因素)", "top_hour": 19, "near_location": "", "city": "taipei"}}, {"type": "Feature", "geometry": {"type": "Point", "coordinates": [121.529, 25.06]}, "properties": {"accident_count": 8, "death_count": 0, "injury_count": 0, "top_cause": "無(非車輛駕駛人因素)", "top_hour": 10, "near_location": "", "city": "taipei"}}, {"type": "Feature", "geometry": {"type": "Point", "coordinates": [121.567, 24.989]}, "properties": {"accident_count": 8, "death_count": 0, "injury_count": 0, "top_cause": "無(非車輛駕駛人因素)", "top_hour": 12, "near_location": "", "city": "taipei"}}, {"type": "Feature", "geometry": {"type": "Point", "coordinates": [121.544, 25.04]}, "properties": {"accident_count": 8, "death_count": 0, "injury_count": 0, "top_cause": "無(非車輛駕駛人因素)", "top_hour": 20, "near_location": "", "city": "taipei"}}, {"type": "Feature", "geometry": {"type": "Point", "coordinates": [121.52, 25.055]}, "properties": {"accident_count": 8, "death_count": 0, "injury_count": 0, "top_cause": "無(非車輛駕駛人因素)", "top_hour": 22, "near_location": "", "city": "taipei"}}, {"type": "Feature", "geometry": {"type": "Point", "coordinates": [121.541, 25.063]}, "properties": {"accident_count": 8, "death_count": 0, "injury_count": 0, "top_cause": "無(非車輛駕駛人因素)", "top_hour": 21, "near_location": "", "city": "taipei"}}, {"type": "Feature", "geometry": {"type": "Point", "coordinates": [121.526, 25.065]}, "properties": {"accident_count": 8, "death_count": 0, "injury_count": 0, "top_cause": "無(非車輛駕駛人因素)", "top_hour": 23, "near_location": "", "city": "taipei"}}, {"type": "Feature", "geometry": {"type": "Point", "coordinates": [121.566, 25.048]}, "properties": {"accident_count": 8, "death_count": 0, "injury_count": 0, "top_cause": "無(非車輛駕駛人因素)", "top_hour": 23, "near_location": "", "city": "taipei"}}, {"type": "Feature", "geometry": {"type": "Point", "coordinates": [121.526, 25.059]}, "properties": {"accident_count": 8, "death_count": 0, "injury_count": 0, "top_cause": "無(非車輛駕駛人因素)", "top_hour": 23, "near_location": "", "city": "taipei"}}, {"type": "Feature", "geometry": {"type": "Point", "coordinates": [121.508, 25.041]}, "properties": {"accident_count": 8, "death_count": 0, "injury_count": 0, "top_cause": "無(非車輛駕駛人因素)", "top_hour": 20, "near_location": "", "city": "taipei"}}, {"type": "Feature", "geometry": {"type": "Point", "coordinates": [121.527, 25.055]}, "properties": {"accident_count": 8, "death_count": 0, "injury_count": 0, "top_cause": "無(非車輛駕駛人因素)", "top_hour": 23, "near_location": "", "city": "taipei"}}, {"type": "Feature", "geometry": {"type": "Point", "coordinates": [121.52, 25.052]}, "properties": {"accident_count": 8, "death_count": 0, "injury_count": 0, "top_cause": "無(非車輛駕駛人因素)", "top_hour": 13, "near_location": "", "city": "taipei"}}, {"type": "Feature", "geometry": {"type": "Point", "coordinates": [121.566, 25.049]}, "properties": {"accident_count": 8, "death_count": 0, "injury_count": 0, "top_cause": "無(非車輛駕駛人因素)", "top_hour": 15, "near_location": "", "city": "taipei"}}, {"type": "Feature", "geometry": {"type": "Point", "coordinates": [121.544, 25.028]}, "properties": {"accident_count": 8, "death_count": 0, "injury_count": 0, "top_cause": "無(非車輛駕駛人因素)", "top_hour": 16, "near_location": "", "city": "taipei"}}, {"type": "Feature", "geometry": {"type": "Point", "coordinates": [121.5, 25.039]}, "properties": {"accident_count": 8, "death_count": 0, "injury_count": 0, "top_cause": "無(非車輛駕駛人因素)", "top_hour": 23, "near_location": "", "city": "taipei"}}, {"type": "Feature", "geometry": {"type": "Point", "coordinates": [121.513, 25.086]}, "properties": {"accident_count": 8, "death_count": 0, "injury_count": 0, "top_cause": "無(非車輛駕駛人因素)", "top_hour": 22, "near_location": "", "city": "taipei"}}, {"type": "Feature", "geometry": {"type": "Point", "coordinates": [121.52, 25.03]}, "properties": {"accident_count": 8, "death_count": 0, "injury_count": 0, "top_cause": "無(非車輛駕駛人因素)", "top_hour": 18, "near_location": "", "city": "taipei"}}, {"type": "Feature", "geometry": {"type": "Point", "coordinates": [121.507, 25.036]}, "properties": {"accident_count": 8, "death_count": 0, "injury_count": 0, "top_cause": "無(非車輛駕駛人因素)", "top_hour": 23, "near_location": "", "city": "taipei"}}, {"type": "Feature", "geometry": {"type": "Point", "coordinates": [121.525, 25.114]}, "properties": {"accident_count": 8, "death_count": 0, "injury_count": 0, "top_cause": "無(非車輛駕駛人因素)", "top_hour": 23, "near_location": "", "city": "taipei"}}, {"type": "Feature", "geometry": {"type": "Point", "coordinates": [121.52, 25.047]}, "properties": {"accident_count": 8, "death_count": 0, "injury_count": 0, "top_cause": "無(非車輛駕駛人因素)", "top_hour": 14, "near_location": "", "city": "taipei"}}, {"type": "Feature", "geometry": {"type": "Point", "coordinates": [121.525, 25.094]}, "properties": {"accident_count": 8, "death_count": 0, "injury_count": 0, "top_cause": "無(非車輛駕駛人因素)", "top_hour": 16, "near_location": "", "city": "taipei"}}, {"type": "Feature", "geometry": {"type": "Point", "coordinates": [121.508, 25.057]}, "properties": {"accident_count": 8, "death_count": 0, "injury_count": 0, "top_cause": "無(非車輛駕駛人因素)", "top_hour": 11, "near_location": "", "city": "taipei"}}, {"type": "Feature", "geometry": {"type": "Point", "coordinates": [121.537, 25.065]}, "properties": {"accident_count": 8, "death_count": 0, "injury_count": 0, "top_cause": "無(非車輛駕駛人因素)", "top_hour": 23, "near_location": "", "city": "taipei"}}, {"type": "Feature", "geometry": {"type": "Point", "coordinates": [121.513, 25.037]}, "properties": {"accident_count": 8, "death_count": 0, "injury_count": 0, "top_cause": "無(非車輛駕駛人因素)", "top_hour": 23, "near_location": "", "city": "taipei"}}, {"type": "Feature", "geometry": {"type": "Point", "coordinates": [121.514, 25.071]}, "properties": {"accident_count": 8, "death_count": 0, "injury_count": 0, "top_cause": "無(非車輛駕駛人因素)", "top_hour": 14, "near_location": "", "city": "taipei"}}, {"type": "Feature", "geometry": {"type": "Point", "coordinates": [121.561, 25.036]}, "properties": {"accident_count": 8, "death_count": 0, "injury_count": 0, "top_cause": "無(非車輛駕駛人因素)", "top_hour": 12, "near_location": "", "city": "taipei"}}, {"type": "Feature", "geometry": {"type": "Point", "coordinates": [121.506, 25.039]}, "properties": {"accident_count": 8, "death_count": 0, "injury_count": 0, "top_cause": "無(非車輛駕駛人因素)", "top_hour": 12, "near_location": "", "city": "taipei"}}, {"type": "Feature", "geometry": {"type": "Point", "coordinates": [121.525, 25.052]}, "properties": {"accident_count": 8, "death_count": 0, "injury_count": 0, "top_cause": "無(非車輛駕駛人因素)", "top_hour": 23, "near_location": "", "city": "taipei"}}, {"type": "Feature", "geometry": {"type": "Point", "coordinates": [121.506, 25.028]}, "properties": {"accident_count": 8, "death_count": 0, "injury_count": 0, "top_cause": "無(非車輛駕駛人因素)", "top_hour": 19, "near_location": "", "city": "taipei"}}, {"type": "Feature", "geometry": {"type": "Point", "coordinates": [121.561, 24.982]}, "properties": {"accident_count": 8, "death_count": 0, "injury_count": 0, "top_cause": "無(非車輛駕駛人因素)", "top_hour": 12, "near_location": "", "city": "taipei"}}, {"type": "Feature", "geometry": {"type": "Point", "coordinates": [121.515, 25.035]}, "properties": {"accident_count": 8, "death_count": 0, "injury_count": 0, "top_cause": "無(非車輛駕駛人因素)", "top_hour": 23, "near_location": "", "city": "taipei"}}, {"type": "Feature", "geometry": {"type": "Point", "coordinates": [121.505, 25.116]}, "properties": {"accident_count": 8, "death_count": 0, "injury_count": 0, "top_cause": "無(非車輛駕駛人因素)", "top_hour": 23, "near_location": "", "city": "taipei"}}, {"type": "Feature", "geometry": {"type": "Point", "coordinates": [121.524, 25.098]}, "properties": {"accident_count": 8, "death_count": 0, "injury_count": 0, "top_cause": "無(非車輛駕駛人因素)", "top_hour": 23, "near_location": "", "city": "taipei"}}, {"type": "Feature", "geometry": {"type": "Point", "coordinates": [121.518, 25.11]}, "properties": {"accident_count": 8, "death_count": 0, "injury_count": 0, "top_cause": "無(非車輛駕駛人因素)", "top_hour": 10, "near_location": "", "city": "taipei"}}, {"type": "Feature", "geometry": {"type": "Point", "coordinates": [121.518, 25.087]}, "properties": {"accident_count": 8, "death_count": 0, "injury_count": 0, "top_cause": "無(非車輛駕駛人因素)", "top_hour": 23, "near_location": "", "city": "taipei"}}, {"type": "Feature", "geometry": {"type": "Point", "coordinates": [121.505, 25.042]}, "properties": {"accident_count": 8, "death_count": 0, "injury_count": 0, "top_cause": "無(非車輛駕駛人因素)", "top_hour": 23, "near_location": "", "city": "taipei"}}, {"type": "Feature", "geometry": {"type": "Point", "coordinates": [121.524, 25.06]}, "properties": {"accident_count": 8, "death_count": 0, "injury_count": 0, "top_cause": "無(非車輛駕駛人因素)", "top_hour": 23, "near_location": "", "city": "taipei"}}, {"type": "Feature", "geometry": {"type": "Point", "coordinates": [121.535, 25.026]}, "properties": {"accident_count": 8, "death_count": 0, "injury_count": 0, "top_cause": "無(非車輛駕駛人因素)", "top_hour": 23, "near_location": "", "city": "taipei"}}, {"type": "Feature", "geometry": {"type": "Point", "coordinates": [121.512, 25.05]}, "properties": {"accident_count": 8, "death_count": 0, "injury_count": 0, "top_cause": "無(非車輛駕駛人因素)", "top_hour": 18, "near_location": "", "city": "taipei"}}, {"type": "Feature", "geometry": {"type": "Point", "coordinates": [121.494, 25.026]}, "properties": {"accident_count": 8, "death_count": 0, "injury_count": 0, "top_cause": "無(非車輛駕駛人因素)", "top_hour": 17, "near_location": "", "city": "taipei"}}, {"type": "Feature", "geometry": {"type": "Point", "coordinates": [121.524, 25.022]}, "properties": {"accident_count": 8, "death_count": 0, "injury_count": 0, "top_cause": "無(非車輛駕駛人因素)", "top_hour": 22, "near_location": "", "city": "taipei"}}, {"type": "Feature", "geometry": {"type": "Point", "coordinates": [121.572, 25.046]}, "properties": {"accident_count": 8, "death_count": 0, "injury_count": 0, "top_cause": "無(非車輛駕駛人因素)", "top_hour": 23, "near_location": "", "city": "taipei"}}, {"type": "Feature", "geometry": {"type": "Point", "coordinates": [121.523, 25.116]}, "properties": {"accident_count": 8, "death_count": 0, "injury_count": 0, "top_cause": "無(非車輛駕駛人因素)", "top_hour": 10, "near_location": "", "city": "taipei"}}, {"type": "Feature", "geometry": {"type": "Point", "coordinates": [121.534, 25.067]}, "properties": {"accident_count": 8, "death_count": 0, "injury_count": 0, "top_cause": "無(非車輛駕駛人因素)", "top_hour": 21, "near_location": "", "city": "taipei"}}, {"type": "Feature", "geometry": {"type": "Point", "coordinates": [121.504, 25.136]}, "properties": {"accident_count": 8, "death_count": 0, "injury_count": 0, "top_cause": "無(非車輛駕駛人因素)", "top_hour": 23, "near_location": "", "city": "taipei"}}, {"type": "Feature", "geometry": {"type": "Point", "coordinates": [121.512, 25.029]}, "properties": {"accident_count": 8, "death_count": 0, "injury_count": 0, "top_cause": "無(非車輛駕駛人因素)", "top_hour": 23, "near_location": "", "city": "taipei"}}, {"type": "Feature", "geometry": {"type": "Point", "coordinates": [121.523, 25.082]}, "properties": {"accident_count": 8, "death_count": 0, "injury_count": 0, "top_cause": "無(非車輛駕駛人因素)", "top_hour": 18, "near_location": "", "city": "taipei"}}, {"type": "Feature", "geometry": {"type": "Point", "coordinates": [121.555, 25.022]}, "properties": {"accident_count": 8, "death_count": 0, "injury_count": 0, "top_cause": "無(非車輛駕駛人因素)", "top_hour": 23, "near_location": "", "city": "taipei"}}, {"type": "Feature", "geometry": {"type": "Point", "coordinates": [121.554, 25.03]}, "properties": {"accident_count": 8, "death_count": 0, "injury_count": 0, "top_cause": "無(非車輛駕駛人因素)", "top_hour": 17, "near_location": "", "city": "taipei"}}, {"type": "Feature", "geometry": {"type": "Point", "coordinates": [121.504, 25.038]}, "properties": {"accident_count": 8, "death_count": 0, "injury_count": 0, "top_cause": "無(非車輛駕駛人因素)", "top_hour": 21, "near_location": "", "city": "taipei"}}, {"type": "Feature", "geometry": {"type": "Point", "coordinates": [121.528, 25.096]}, "properties": {"accident_count": 8, "death_count": 0, "injury_count": 0, "top_cause": "無(非車輛駕駛人因素)", "top_hour": 18, "near_location": "", "city": "taipei"}}, {"type": "Feature", "geometry": {"type": "Point", "coordinates": [121.553, 25.043]}, "properties": {"accident_count": 8, "death_count": 0, "injury_count": 0, "top_cause": "無(非車輛駕駛人因素)", "top_hour": 13, "near_location": "", "city": "taipei"}}, {"type": "Feature", "geometry": {"type": "Point", "coordinates": [121.616, 25.053]}, "properties": {"accident_count": 8, "death_count": 0, "injury_count": 0, "top_cause": "無(非車輛駕駛人因素)", "top_hour": 23, "near_location": "", "city": "taipei"}}, {"type": "Feature", "geometry": {"type": "Point", "coordinates": [121.511, 25.067]}, "properties": {"accident_count": 8, "death_count": 0, "injury_count": 0, "top_cause": "無(非車輛駕駛人因素)", "top_hour": 23, "near_location": "", "city": "taipei"}}, {"type": "Feature", "geometry": {"type": "Point", "coordinates": [121.503, 25.138]}, "properties": {"accident_count": 8, "death_count": 0, "injury_count": 0, "top_cause": "無(非車輛駕駛人因素)", "top_hour": 17, "near_location": "", "city": "taipei"}}, {"type": "Feature", "geometry": {"type": "Point", "coordinates": [121.511, 25.064]}, "properties": {"accident_count": 8, "death_count": 0, "injury_count": 0, "top_cause": "無(非車輛駕駛人因素)", "top_hour": 17, "near_location": "", "city": "taipei"}}, {"type": "Feature", "geometry": {"type": "Point", "coordinates": [121.613, 25.062]}, "properties": {"accident_count": 8, "death_count": 0, "injury_count": 0, "top_cause": "無(非車輛駕駛人因素)", "top_hour": 13, "near_location": "", "city": "taipei"}}, {"type": "Feature", "geometry": {"type": "Point", "coordinates": [121.512, 25.084]}, "properties": {"accident_count": 8, "death_count": 0, "injury_count": 0, "top_cause": "無(非車輛駕駛人因素)", "top_hour": 12, "near_location": "", "city": "taipei"}}, {"type": "Feature", "geometry": {"type": "Point", "coordinates": [121.511, 25.061]}, "properties": {"accident_count": 8, "death_count": 0, "injury_count": 0, "top_cause": "無(非車輛駕駛人因素)", "top_hour": 17, "near_location": "", "city": "taipei"}}, {"type": "Feature", "geometry": {"type": "Point", "coordinates": [121.519, 25.043]}, "properties": {"accident_count": 8, "death_count": 0, "injury_count": 0, "top_cause": "無(非車輛駕駛人因素)", "top_hour": 23, "near_location": "", "city": "taipei"}}, {"type": "Feature", "geometry": {"type": "Point", "coordinates": [121.606, 25.073]}, "properties": {"accident_count": 8, "death_count": 0, "injury_count": 0, "top_cause": "無(非車輛駕駛人因素)", "top_hour": 21, "near_location": "", "city": "taipei"}}, {"type": "Feature", "geometry": {"type": "Point", "coordinates": [121.511, 25.036]}, "properties": {"accident_count": 8, "death_count": 0, "injury_count": 0, "top_cause": "無(非車輛駕駛人因素)", "top_hour": 10, "near_location": "", "city": "taipei"}}, {"type": "Feature", "geometry": {"type": "Point", "coordinates": [121.511, 25.05]}, "properties": {"accident_count": 8, "death_count": 0, "injury_count": 0, "top_cause": "無(非車輛駕駛人因素)", "top_hour": 13, "near_location": "", "city": "taipei"}}, {"type": "Feature", "geometry": {"type": "Point", "coordinates": [121.591, 25.082]}, "properties": {"accident_count": 8, "death_count": 0, "injury_count": 0, "top_cause": "無(非車輛駕駛人因素)", "top_hour": 11, "near_location": "", "city": "taipei"}}, {"type": "Feature", "geometry": {"type": "Point", "coordinates": [121.523, 25.045]}, "properties": {"accident_count": 8, "death_count": 0, "injury_count": 0, "top_cause": "無(非車輛駕駛人因素)", "top_hour": 15, "near_location": "", "city": "taipei"}}, {"type": "Feature", "geometry": {"type": "Point", "coordinates": [121.517, 25.039]}, "properties": {"accident_count": 8, "death_count": 0, "injury_count": 0, "top_cause": "無(非車輛駕駛人因素)", "top_hour": 14, "near_location": "", "city": "taipei"}}, {"type": "Feature", "geometry": {"type": "Point", "coordinates": [121.502, 25.139]}, "properties": {"accident_count": 8, "death_count": 0, "injury_count": 0, "top_cause": "無(非車輛駕駛人因素)", "top_hour": 20, "near_location": "", "city": "taipei"}}, {"type": "Feature", "geometry": {"type": "Point", "coordinates": [121.502, 25.133]}, "properties": {"accident_count": 8, "death_count": 0, "injury_count": 0, "top_cause": "無(非車輛駕駛人因素)", "top_hour": 12, "near_location": "", "city": "taipei"}}, {"type": "Feature", "geometry": {"type": "Point", "coordinates": [121.549, 25.084]}, "properties": {"accident_count": 8, "death_count": 0, "injury_count": 0, "top_cause": "無(非車輛駕駛人因素)", "top_hour": 13, "near_location": "", "city": "taipei"}}, {"type": "Feature", "geometry": {"type": "Point", "coordinates": [121.523, 25.019]}, "properties": {"accident_count": 8, "death_count": 0, "injury_count": 0, "top_cause": "無(非車輛駕駛人因素)", "top_hour": 16, "near_location": "", "city": "taipei"}}, {"type": "Feature", "geometry": {"type": "Point", "coordinates": [121.522, 25.104]}, "properties": {"accident_count": 8, "death_count": 0, "injury_count": 0, "top_cause": "無(非車輛駕駛人因素)", "top_hour": 13, "near_location": "", "city": "taipei"}}, {"type": "Feature", "geometry": {"type": "Point", "coordinates": [121.581, 25.068]}, "properties": {"accident_count": 8, "death_count": 0, "injury_count": 0, "top_cause": "無(非車輛駕駛人因素)", "top_hour": 18, "near_location": "", "city": "taipei"}}, {"type": "Feature", "geometry": {"type": "Point", "coordinates": [121.584, 25.038]}, "properties": {"accident_count": 8, "death_count": 0, "injury_count": 0, "top_cause": "無(非車輛駕駛人因素)", "top_hour": 10, "near_location": "", "city": "taipei"}}, {"type": "Feature", "geometry": {"type": "Point", "coordinates": [121.553, 25.038]}, "properties": {"accident_count": 8, "death_count": 0, "injury_count": 0, "top_cause": "無(非車輛駕駛人因素)", "top_hour": 23, "near_location": "", "city": "taipei"}}, {"type": "Feature", "geometry": {"type": "Point", "coordinates": [121.523, 25.023]}, "properties": {"accident_count": 8, "death_count": 0, "injury_count": 0, "top_cause": "無(非車輛駕駛人因素)", "top_hour": 23, "near_location": "", "city": "taipei"}}, {"type": "Feature", "geometry": {"type": "Point", "coordinates": [121.593, 25.085]}, "properties": {"accident_count": 8, "death_count": 0, "injury_count": 0, "top_cause": "無(非車輛駕駛人因素)", "top_hour": 11, "near_location": "", "city": "taipei"}}, {"type": "Feature", "geometry": {"type": "Point", "coordinates": [121.497, 25.024]}, "properties": {"accident_count": 8, "death_count": 0, "injury_count": 0, "top_cause": "無(非車輛駕駛人因素)", "top_hour": 23, "near_location": "", "city": "taipei"}}, {"type": "Feature", "geometry": {"type": "Point", "coordinates": [121.53, 25.052]}, "properties": {"accident_count": 8, "death_count": 0, "injury_count": 0, "top_cause": "無(非車輛駕駛人因素)", "top_hour": 11, "near_location": "", "city": "taipei"}}, {"type": "Feature", "geometry": {"type": "Point", "coordinates": [121.53, 25.06]}, "properties": {"accident_count": 8, "death_count": 0, "injury_count": 0, "top_cause": "非駕駛者", "top_hour": 23, "near_location": "", "city": "taipei"}}, {"type": "Feature", "geometry": {"type": "Point", "coordinates": [121.579, 25.08]}, "properties": {"accident_count": 8, "death_count": 0, "injury_count": 0, "top_cause": "無(非車輛駕駛人因素)", "top_hour": 23, "near_location": "", "city": "taipei"}}, {"type": "Feature", "geometry": {"type": "Point", "coordinates": [121.58, 25.049]}, "properties": {"accident_count": 8, "death_count": 0, "injury_count": 0, "top_cause": "無(非車輛駕駛人因素)", "top_hour": 22, "near_location": "", "city": "taipei"}}, {"type": "Feature", "geometry": {"type": "Point", "coordinates": [121.522, 25.024]}, "properties": {"accident_count": 8, "death_count": 0, "injury_count": 0, "top_cause": "無(非車輛駕駛人因素)", "top_hour": 11, "near_location": "", "city": "taipei"}}, {"type": "Feature", "geometry": {"type": "Point", "coordinates": [121.548, 25.062]}, "properties": {"accident_count": 8, "death_count": 0, "injury_count": 0, "top_cause": "無(非車輛駕駛人因素)", "top_hour": 11, "near_location": "", "city": "taipei"}}, {"type": "Feature", "geometry": {"type": "Point", "coordinates": [121.56, 24.989]}, "properties": {"accident_count": 8, "death_count": 0, "injury_count": 0, "top_cause": "無(非車輛駕駛人因素)", "top_hour": 17, "near_location": "", "city": "taipei"}}, {"type": "Feature", "geometry": {"type": "Point", "coordinates": [121.509, 25.064]}, "properties": {"accident_count": 8, "death_count": 0, "injury_count": 0, "top_cause": "無(非車輛駕駛人因素)", "top_hour": 21, "near_location": "", "city": "taipei"}}, {"type": "Feature", "geometry": {"type": "Point", "coordinates": [121.509, 25.063]}, "properties": {"accident_count": 8, "death_count": 0, "injury_count": 0, "top_cause": "無(非車輛駕駛人因素)", "top_hour": 10, "near_location": "", "city": "taipei"}}, {"type": "Feature", "geometry": {"type": "Point", "coordinates": [121.548, 25.048]}, "properties": {"accident_count": 8, "death_count": 0, "injury_count": 0, "top_cause": "無(非車輛駕駛人因素)", "top_hour": 12, "near_location": "", "city": "taipei"}}, {"type": "Feature", "geometry": {"type": "Point", "coordinates": [121.577, 25.043]}, "properties": {"accident_count": 8, "death_count": 0, "injury_count": 0, "top_cause": "無(非車輛駕駛人因素)", "top_hour": 23, "near_location": "", "city": "taipei"}}, {"type": "Feature", "geometry": {"type": "Point", "coordinates": [121.496, 25.037]}, "properties": {"accident_count": 8, "death_count": 0, "injury_count": 0, "top_cause": "無(非車輛駕駛人因素)", "top_hour": 23, "near_location": "", "city": "taipei"}}, {"type": "Feature", "geometry": {"type": "Point", "coordinates": [121.522, 25.039]}, "properties": {"accident_count": 8, "death_count": 0, "injury_count": 0, "top_cause": "無(非車輛駕駛人因素)", "top_hour": 18, "near_location": "", "city": "taipei"}}, {"type": "Feature", "geometry": {"type": "Point", "coordinates": [121.548, 25.025]}, "properties": {"accident_count": 8, "death_count": 0, "injury_count": 0, "top_cause": "無(非車輛駕駛人因素)", "top_hour": 19, "near_location": "", "city": "taipei"}}, {"type": "Feature", "geometry": {"type": "Point", "coordinates": [121.549, 25.025]}, "properties": {"accident_count": 8, "death_count": 0, "injury_count": 0, "top_cause": "無(非車輛駕駛人因素)", "top_hour": 10, "near_location": "", "city": "taipei"}}, {"type": "Feature", "geometry": {"type": "Point", "coordinates": [121.509, 25.112]}, "properties": {"accident_count": 8, "death_count": 0, "injury_count": 0, "top_cause": "無(非車輛駕駛人因素)", "top_hour": 23, "near_location": "", "city": "taipei"}}, {"type": "Feature", "geometry": {"type": "Point", "coordinates": [121.464, 25.124]}, "properties": {"accident_count": 8, "death_count": 0, "injury_count": 0, "top_cause": "無(非車輛駕駛人因素)", "top_hour": 23, "near_location": "", "city": "taipei"}}, {"type": "Feature", "geometry": {"type": "Point", "coordinates": [121.501, 25.037]}, "properties": {"accident_count": 8, "death_count": 0, "injury_count": 0, "top_cause": "無(非車輛駕駛人因素)", "top_hour": 23, "near_location": "", "city": "taipei"}}, {"type": "Feature", "geometry": {"type": "Point", "coordinates": [121.501, 25.035]}, "properties": {"accident_count": 7, "death_count": 0, "injury_count": 0, "top_cause": "無(非車輛駕駛人因素)", "top_hour": 23, "near_location": "", "city": "taipei"}}, {"type": "Feature", "geometry": {"type": "Point", "coordinates": [121.575, 25.034]}, "properties": {"accident_count": 7, "death_count": 0, "injury_count": 0, "top_cause": "無(非車輛駕駛人因素)", "top_hour": 16, "near_location": "", "city": "taipei"}}, {"type": "Feature", "geometry": {"type": "Point", "coordinates": [121.546, 25.033]}, "properties": {"accident_count": 7, "death_count": 0, "injury_count": 0, "top_cause": "無(非車輛駕駛人因素)", "top_hour": 14, "near_location": "", "city": "taipei"}}, {"type": "Feature", "geometry": {"type": "Point", "coordinates": [121.501, 25.033]}, "properties": {"accident_count": 7, "death_count": 0, "injury_count": 0, "top_cause": "無(非車輛駕駛人因素)", "top_hour": 23, "near_location": "", "city": "taipei"}}, {"type": "Feature", "geometry": {"type": "Point", "coordinates": [121.546, 25.045]}, "properties": {"accident_count": 7, "death_count": 0, "injury_count": 0, "top_cause": "無(非車輛駕駛人因素)", "top_hour": 11, "near_location": "", "city": "taipei"}}, {"type": "Feature", "geometry": {"type": "Point", "coordinates": [121.546, 24.987]}, "properties": {"accident_count": 7, "death_count": 0, "injury_count": 0, "top_cause": "無(非車輛駕駛人因素)", "top_hour": 18, "near_location": "", "city": "taipei"}}, {"type": "Feature", "geometry": {"type": "Point", "coordinates": [121.529, 25.024]}, "properties": {"accident_count": 7, "death_count": 0, "injury_count": 0, "top_cause": "無(非車輛駕駛人因素)", "top_hour": 11, "near_location": "", "city": "taipei"}}, {"type": "Feature", "geometry": {"type": "Point", "coordinates": [121.575, 24.998]}, "properties": {"accident_count": 7, "death_count": 0, "injury_count": 0, "top_cause": "無(非車輛駕駛人因素)", "top_hour": 23, "near_location": "", "city": "taipei"}}, {"type": "Feature", "geometry": {"type": "Point", "coordinates": [121.545, 24.987]}, "properties": {"accident_count": 7, "death_count": 0, "injury_count": 0, "top_cause": "無(非車輛駕駛人因素)", "top_hour": 15, "near_location": "", "city": "taipei"}}, {"type": "Feature", "geometry": {"type": "Point", "coordinates": [121.571, 24.989]}, "properties": {"accident_count": 7, "death_count": 0, "injury_count": 0, "top_cause": "無(非車輛駕駛人因素)", "top_hour": 16, "near_location": "", "city": "taipei"}}, {"type": "Feature", "geometry": {"type": "Point", "coordinates": [121.574, 24.993]}, "properties": {"accident_count": 7, "death_count": 0, "injury_count": 0, "top_cause": "無(非車輛駕駛人因素)", "top_hour": 12, "near_location": "", "city": "taipei"}}, {"type": "Feature", "geometry": {"type": "Point", "coordinates": [121.57, 25.052]}, "properties": {"accident_count": 7, "death_count": 0, "injury_count": 0, "top_cause": "無(非車輛駕駛人因素)", "top_hour": 19, "near_location": "", "city": "taipei"}}, {"type": "Feature", "geometry": {"type": "Point", "coordinates": [121.57, 25.055]}, "properties": {"accident_count": 7, "death_count": 0, "injury_count": 0, "top_cause": "無(非車輛駕駛人因素)", "top_hour": 18, "near_location": "", "city": "taipei"}}, {"type": "Feature", "geometry": {"type": "Point", "coordinates": [121.515, 25.047]}, "properties": {"accident_count": 7, "death_count": 0, "injury_count": 0, "top_cause": "無(非車輛駕駛人因素)", "top_hour": 12, "near_location": "", "city": "taipei"}}, {"type": "Feature", "geometry": {"type": "Point", "coordinates": [121.528, 25.021]}, "properties": {"accident_count": 7, "death_count": 0, "injury_count": 0, "top_cause": "無(非車輛駕駛人因素)", "top_hour": 14, "near_location": "", "city": "taipei"}}, {"type": "Feature", "geometry": {"type": "Point", "coordinates": [121.571, 24.987]}, "properties": {"accident_count": 7, "death_count": 0, "injury_count": 0, "top_cause": "無(非車輛駕駛人因素)", "top_hour": 10, "near_location": "", "city": "taipei"}}, {"type": "Feature", "geometry": {"type": "Point", "coordinates": [121.576, 25.041]}, "properties": {"accident_count": 7, "death_count": 0, "injury_count": 0, "top_cause": "無(非車輛駕駛人因素)", "top_hour": 22, "near_location": "", "city": "taipei"}}, {"type": "Feature", "geometry": {"type": "Point", "coordinates": [121.515, 25.032]}, "properties": {"accident_count": 7, "death_count": 0, "injury_count": 0, "top_cause": "無(非車輛駕駛人因素)", "top_hour": 23, "near_location": "", "city": "taipei"}}, {"type": "Feature", "geometry": {"type": "Point", "coordinates": [121.569, 25.026]}, "properties": {"accident_count": 7, "death_count": 0, "injury_count": 0, "top_cause": "無(非車輛駕駛人因素)", "top_hour": 20, "near_location": "", "city": "taipei"}}, {"type": "Feature", "geometry": {"type": "Point", "coordinates": [121.5, 25.13]}, "properties": {"accident_count": 7, "death_count": 0, "injury_count": 0, "top_cause": "無(非車輛駕駛人因素)", "top_hour": 23, "near_location": "", "city": "taipei"}}, {"type": "Feature", "geometry": {"type": "Point", "coordinates": [121.569, 25.043]}, "properties": {"accident_count": 7, "death_count": 0, "injury_count": 0, "top_cause": "無(非車輛駕駛人因素)", "top_hour": 23, "near_location": "", "city": "taipei"}}, {"type": "Feature", "geometry": {"type": "Point", "coordinates": [121.508, 25.056]}, "properties": {"accident_count": 7, "death_count": 0, "injury_count": 0, "top_cause": "無(非車輛駕駛人因素)", "top_hour": 16, "near_location": "", "city": "taipei"}}, {"type": "Feature", "geometry": {"type": "Point", "coordinates": [121.515, 25.039]}, "properties": {"accident_count": 7, "death_count": 0, "injury_count": 0, "top_cause": "無(非車輛駕駛人因素)", "top_hour": 11, "near_location": "", "city": "taipei"}}, {"type": "Feature", "geometry": {"type": "Point", "coordinates": [121.544, 25.053]}, "properties": {"accident_count": 7, "death_count": 0, "injury_count": 0, "top_cause": "無(非車輛駕駛人因素)", "top_hour": 11, "near_location": "", "city": "taipei"}}, {"type": "Feature", "geometry": {"type": "Point", "coordinates": [121.527, 25.098]}, "properties": {"accident_count": 7, "death_count": 0, "injury_count": 0, "top_cause": "無(非車輛駕駛人因素)", "top_hour": 21, "near_location": "", "city": "taipei"}}, {"type": "Feature", "geometry": {"type": "Point", "coordinates": [121.508, 25.049]}, "properties": {"accident_count": 7, "death_count": 0, "injury_count": 0, "top_cause": "無(非車輛駕駛人因素)", "top_hour": 23, "near_location": "", "city": "taipei"}}, {"type": "Feature", "geometry": {"type": "Point", "coordinates": [121.508, 25.048]}, "properties": {"accident_count": 7, "death_count": 0, "injury_count": 0, "top_cause": "無(非車輛駕駛人因素)", "top_hour": 12, "near_location": "", "city": "taipei"}}, {"type": "Feature", "geometry": {"type": "Point", "coordinates": [121.527, 25.049]}, "properties": {"accident_count": 7, "death_count": 0, "injury_count": 0, "top_cause": "無(非車輛駕駛人因素)", "top_hour": 23, "near_location": "", "city": "taipei"}}, {"type": "Feature", "geometry": {"type": "Point", "coordinates": [121.508, 25.026]}, "properties": {"accident_count": 7, "death_count": 0, "injury_count": 0, "top_cause": "無(非車輛駕駛人因素)", "top_hour": 23, "near_location": "", "city": "taipei"}}, {"type": "Feature", "geometry": {"type": "Point", "coordinates": [121.543, 25.045]}, "properties": {"accident_count": 7, "death_count": 0, "injury_count": 0, "top_cause": "無(非車輛駕駛人因素)", "top_hour": 23, "near_location": "", "city": "taipei"}}, {"type": "Feature", "geometry": {"type": "Point", "coordinates": [121.527, 25.058]}, "properties": {"accident_count": 7, "death_count": 0, "injury_count": 0, "top_cause": "無(非車輛駕駛人因素)", "top_hour": 23, "near_location": "", "city": "taipei"}}, {"type": "Feature", "geometry": {"type": "Point", "coordinates": [121.567, 25.042]}, "properties": {"accident_count": 7, "death_count": 0, "injury_count": 0, "top_cause": "無(非車輛駕駛人因素)", "top_hour": 12, "near_location": "", "city": "taipei"}}, {"type": "Feature", "geometry": {"type": "Point", "coordinates": [121.569, 25.049]}, "properties": {"accident_count": 7, "death_count": 0, "injury_count": 0, "top_cause": "無(非車輛駕駛人因素)", "top_hour": 17, "near_location": "", "city": "taipei"}}, {"type": "Feature", "geometry": {"type": "Point", "coordinates": [121.495, 25.029]}, "properties": {"accident_count": 7, "death_count": 0, "injury_count": 0, "top_cause": "無(非車輛駕駛人因素)", "top_hour": 17, "near_location": "", "city": "taipei"}}, {"type": "Feature", "geometry": {"type": "Point", "coordinates": [121.507, 25.101]}, "properties": {"accident_count": 7, "death_count": 0, "injury_count": 0, "top_cause": "無(非車輛駕駛人因素)", "top_hour": 23, "near_location": "", "city": "taipei"}}, {"type": "Feature", "geometry": {"type": "Point", "coordinates": [121.514, 25.047]}, "properties": {"accident_count": 7, "death_count": 0, "injury_count": 0, "top_cause": "無(非車輛駕駛人因素)", "top_hour": 14, "near_location": "", "city": "taipei"}}, {"type": "Feature", "geometry": {"type": "Point", "coordinates": [121.566, 25.04]}, "properties": {"accident_count": 7, "death_count": 0, "injury_count": 0, "top_cause": "無(非車輛駕駛人因素)", "top_hour": 11, "near_location": "", "city": "taipei"}}, {"type": "Feature", "geometry": {"type": "Point", "coordinates": [121.514, 25.049]}, "properties": {"accident_count": 7, "death_count": 0, "injury_count": 0, "top_cause": "無(非車輛駕駛人因素)", "top_hour": 19, "near_location": "", "city": "taipei"}}, {"type": "Feature", "geometry": {"type": "Point", "coordinates": [121.5, 25.026]}, "properties": {"accident_count": 7, "death_count": 0, "injury_count": 0, "top_cause": "無(非車輛駕駛人因素)", "top_hour": 18, "near_location": "", "city": "taipei"}}, {"type": "Feature", "geometry": {"type": "Point", "coordinates": [121.541, 25.06]}, "properties": {"accident_count": 7, "death_count": 0, "injury_count": 0, "top_cause": "無(非車輛駕駛人因素)", "top_hour": 20, "near_location": "", "city": "taipei"}}, {"type": "Feature", "geometry": {"type": "Point", "coordinates": [121.507, 25.048]}, "properties": {"accident_count": 7, "death_count": 0, "injury_count": 0, "top_cause": "無(非車輛駕駛人因素)", "top_hour": 22, "near_location": "", "city": "taipei"}}, {"type": "Feature", "geometry": {"type": "Point", "coordinates": [121.539, 25.06]}, "properties": {"accident_count": 7, "death_count": 0, "injury_count": 0, "top_cause": "無(非車輛駕駛人因素)", "top_hour": 23, "near_location": "", "city": "taipei"}}, {"type": "Feature", "geometry": {"type": "Point", "coordinates": [121.564, 25.028]}, "properties": {"accident_count": 7, "death_count": 0, "injury_count": 0, "top_cause": "無(非車輛駕駛人因素)", "top_hour": 17, "near_location": "", "city": "taipei"}}, {"type": "Feature", "geometry": {"type": "Point", "coordinates": [121.539, 25.078]}, "properties": {"accident_count": 7, "death_count": 0, "injury_count": 0, "top_cause": "無(非車輛駕駛人因素)", "top_hour": 20, "near_location": "", "city": "taipei"}}, {"type": "Feature", "geometry": {"type": "Point", "coordinates": [121.564, 25.037]}, "properties": {"accident_count": 7, "death_count": 0, "injury_count": 0, "top_cause": "無(非車輛駕駛人因素)", "top_hour": 18, "near_location": "", "city": "taipei"}}, {"type": "Feature", "geometry": {"type": "Point", "coordinates": [121.513, 25.081]}, "properties": {"accident_count": 7, "death_count": 0, "injury_count": 0, "top_cause": "無(非車輛駕駛人因素)", "top_hour": 10, "near_location": "", "city": "taipei"}}, {"type": "Feature", "geometry": {"type": "Point", "coordinates": [121.526, 25.055]}, "properties": {"accident_count": 7, "death_count": 0, "injury_count": 0, "top_cause": "非駕駛者", "top_hour": 18, "near_location": "", "city": "taipei"}}, {"type": "Feature", "geometry": {"type": "Point", "coordinates": [121.513, 25.063]}, "properties": {"accident_count": 7, "death_count": 0, "injury_count": 0, "top_cause": "無(非車輛駕駛人因素)", "top_hour": 12, "near_location": "", "city": "taipei"}}, {"type": "Feature", "geometry": {"type": "Point", "coordinates": [121.563, 25.049]}, "properties": {"accident_count": 7, "death_count": 0, "injury_count": 0, "top_cause": "無(非車輛駕駛人因素)", "top_hour": 23, "near_location": "", "city": "taipei"}}, {"type": "Feature", "geometry": {"type": "Point", "coordinates": [121.525, 25.109]}, "properties": {"accident_count": 7, "death_count": 0, "injury_count": 0, "top_cause": "無(非車輛駕駛人因素)", "top_hour": 23, "near_location": "", "city": "taipei"}}, {"type": "Feature", "geometry": {"type": "Point", "coordinates": [121.513, 25.046]}, "properties": {"accident_count": 7, "death_count": 0, "injury_count": 0, "top_cause": "無(非車輛駕駛人因素)", "top_hour": 18, "near_location": "", "city": "taipei"}}, {"type": "Feature", "geometry": {"type": "Point", "coordinates": [121.519, 25.109]}, "properties": {"accident_count": 7, "death_count": 0, "injury_count": 0, "top_cause": "無(非車輛駕駛人因素)", "top_hour": 11, "near_location": "", "city": "taipei"}}, {"type": "Feature", "geometry": {"type": "Point", "coordinates": [121.525, 25.06]}, "properties": {"accident_count": 7, "death_count": 0, "injury_count": 0, "top_cause": "無(非車輛駕駛人因素)", "top_hour": 21, "near_location": "", "city": "taipei"}}, {"type": "Feature", "geometry": {"type": "Point", "coordinates": [121.525, 25.056]}, "properties": {"accident_count": 7, "death_count": 0, "injury_count": 0, "top_cause": "無(非車輛駕駛人因素)", "top_hour": 13, "near_location": "", "city": "taipei"}}, {"type": "Feature", "geometry": {"type": "Point", "coordinates": [121.538, 25.033]}, "properties": {"accident_count": 7, "death_count": 0, "injury_count": 0, "top_cause": "無(非車輛駕駛人因素)", "top_hour": 23, "near_location": "", "city": "taipei"}}, {"type": "Feature", "geometry": {"type": "Point", "coordinates": [121.562, 24.988]}, "properties": {"accident_count": 7, "death_count": 0, "injury_count": 0, "top_cause": "非駕駛者", "top_hour": 16, "near_location": "", "city": "taipei"}}, {"type": "Feature", "geometry": {"type": "Point", "coordinates": [121.561, 25.038]}, "properties": {"accident_count": 7, "death_count": 0, "injury_count": 0, "top_cause": "無(非車輛駕駛人因素)", "top_hour": 12, "near_location": "", "city": "taipei"}}, {"type": "Feature", "geometry": {"type": "Point", "coordinates": [121.513, 25.034]}, "properties": {"accident_count": 7, "death_count": 0, "injury_count": 0, "top_cause": "無(非車輛駕駛人因素)", "top_hour": 16, "near_location": "", "city": "taipei"}}, {"type": "Feature", "geometry": {"type": "Point", "coordinates": [121.561, 25.035]}, "properties": {"accident_count": 7, "death_count": 0, "injury_count": 0, "top_cause": "無(非車輛駕駛人因素)", "top_hour": 18, "near_location": "", "city": "taipei"}}, {"type": "Feature", "geometry": {"type": "Point", "coordinates": [121.562, 24.983]}, "properties": {"accident_count": 7, "death_count": 0, "injury_count": 0, "top_cause": "無(非車輛駕駛人因素)", "top_hour": 10, "near_location": "", "city": "taipei"}}, {"type": "Feature", "geometry": {"type": "Point", "coordinates": [121.506, 25.029]}, "properties": {"accident_count": 7, "death_count": 0, "injury_count": 0, "top_cause": "無(非車輛駕駛人因素)", "top_hour": 23, "near_location": "", "city": "taipei"}}, {"type": "Feature", "geometry": {"type": "Point", "coordinates": [121.56, 24.997]}, "properties": {"accident_count": 7, "death_count": 0, "injury_count": 0, "top_cause": "無(非車輛駕駛人因素)", "top_hour": 23, "near_location": "", "city": "taipei"}}, {"type": "Feature", "geometry": {"type": "Point", "coordinates": [121.513, 25.035]}, "properties": {"accident_count": 7, "death_count": 0, "injury_count": 0, "top_cause": "無(非車輛駕駛人因素)", "top_hour": 21, "near_location": "", "city": "taipei"}}, {"type": "Feature", "geometry": {"type": "Point", "coordinates": [121.513, 25.054]}, "properties": {"accident_count": 7, "death_count": 0, "injury_count": 0, "top_cause": "無(非車輛駕駛人因素)", "top_hour": 17, "near_location": "", "city": "taipei"}}, {"type": "Feature", "geometry": {"type": "Point", "coordinates": [121.525, 25.055]}, "properties": {"accident_count": 7, "death_count": 0, "injury_count": 0, "top_cause": "無(非車輛駕駛人因素)", "top_hour": 13, "near_location": "", "city": "taipei"}}, {"type": "Feature", "geometry": {"type": "Point", "coordinates": [121.567, 24.983]}, "properties": {"accident_count": 7, "death_count": 0, "injury_count": 0, "top_cause": "無(非車輛駕駛人因素)", "top_hour": 23, "near_location": "", "city": "taipei"}}, {"type": "Feature", "geometry": {"type": "Point", "coordinates": [121.512, 25.057]}, "properties": {"accident_count": 7, "death_count": 0, "injury_count": 0, "top_cause": "無(非車輛駕駛人因素)", "top_hour": 23, "near_location": "", "city": "taipei"}}, {"type": "Feature", "geometry": {"type": "Point", "coordinates": [121.525, 25.027]}, "properties": {"accident_count": 7, "death_count": 0, "injury_count": 0, "top_cause": "無(非車輛駕駛人因素)", "top_hour": 23, "near_location": "", "city": "taipei"}}, {"type": "Feature", "geometry": {"type": "Point", "coordinates": [121.558, 25.037]}, "properties": {"accident_count": 7, "death_count": 0, "injury_count": 0, "top_cause": "無(非車輛駕駛人因素)", "top_hour": 23, "near_location": "", "city": "taipei"}}, {"type": "Feature", "geometry": {"type": "Point", "coordinates": [121.518, 25.089]}, "properties": {"accident_count": 7, "death_count": 0, "injury_count": 0, "top_cause": "無(非車輛駕駛人因素)", "top_hour": 13, "near_location": "", "city": "taipei"}}, {"type": "Feature", "geometry": {"type": "Point", "coordinates": [121.558, 25.032]}, "properties": {"accident_count": 7, "death_count": 0, "injury_count": 0, "top_cause": "非駕駛者", "top_hour": 16, "near_location": "", "city": "taipei"}}, {"type": "Feature", "geometry": {"type": "Point", "coordinates": [121.558, 25.049]}, "properties": {"accident_count": 7, "death_count": 0, "injury_count": 0, "top_cause": "非駕駛者", "top_hour": 14, "near_location": "", "city": "taipei"}}, {"type": "Feature", "geometry": {"type": "Point", "coordinates": [121.518, 25.066]}, "properties": {"accident_count": 7, "death_count": 0, "injury_count": 0, "top_cause": "無(非車輛駕駛人因素)", "top_hour": 11, "near_location": "", "city": "taipei"}}, {"type": "Feature", "geometry": {"type": "Point", "coordinates": [121.524, 25.046]}, "properties": {"accident_count": 7, "death_count": 0, "injury_count": 0, "top_cause": "無(非車輛駕駛人因素)", "top_hour": 15, "near_location": "", "city": "taipei"}}, {"type": "Feature", "geometry": {"type": "Point", "coordinates": [121.504, 25.137]}, "properties": {"accident_count": 7, "death_count": 0, "injury_count": 0, "top_cause": "無(非車輛駕駛人因素)", "top_hour": 10, "near_location": "", "city": "taipei"}}, {"type": "Feature", "geometry": {"type": "Point", "coordinates": [121.525, 25.049]}, "properties": {"accident_count": 7, "death_count": 0, "injury_count": 0, "top_cause": "無(非車輛駕駛人因素)", "top_hour": 14, "near_location": "", "city": "taipei"}}, {"type": "Feature", "geometry": {"type": "Point", "coordinates": [121.556, 25.025]}, "properties": {"accident_count": 7, "death_count": 0, "injury_count": 0, "top_cause": "無(非車輛駕駛人因素)", "top_hour": 20, "near_location": "", "city": "taipei"}}, {"type": "Feature", "geometry": {"type": "Point", "coordinates": [121.523, 25.069]}, "properties": {"accident_count": 7, "death_count": 0, "injury_count": 0, "top_cause": "無(非車輛駕駛人因素)", "top_hour": 14, "near_location": "", "city": "taipei"}}, {"type": "Feature", "geometry": {"type": "Point", "coordinates": [121.511, 25.072]}, "properties": {"accident_count": 7, "death_count": 0, "injury_count": 0, "top_cause": "無(非車輛駕駛人因素)", "top_hour": 23, "near_location": "", "city": "taipei"}}, {"type": "Feature", "geometry": {"type": "Point", "coordinates": [121.498, 25.037]}, "properties": {"accident_count": 7, "death_count": 0, "injury_count": 0, "top_cause": "無(非車輛駕駛人因素)", "top_hour": 23, "near_location": "", "city": "taipei"}}, {"type": "Feature", "geometry": {"type": "Point", "coordinates": [121.518, 25.031]}, "properties": {"accident_count": 7, "death_count": 0, "injury_count": 0, "top_cause": "無(非車輛駕駛人因素)", "top_hour": 23, "near_location": "", "city": "taipei"}}, {"type": "Feature", "geometry": {"type": "Point", "coordinates": [121.523, 25.1]}, "properties": {"accident_count": 7, "death_count": 0, "injury_count": 0, "top_cause": "無(非車輛駕駛人因素)", "top_hour": 23, "near_location": "", "city": "taipei"}}, {"type": "Feature", "geometry": {"type": "Point", "coordinates": [121.534, 25.015]}, "properties": {"accident_count": 7, "death_count": 0, "injury_count": 0, "top_cause": "無(非車輛駕駛人因素)", "top_hour": 19, "near_location": "", "city": "taipei"}}, {"type": "Feature", "geometry": {"type": "Point", "coordinates": [121.511, 25.066]}, "properties": {"accident_count": 7, "death_count": 0, "injury_count": 0, "top_cause": "無(非車輛駕駛人因素)", "top_hour": 23, "near_location": "", "city": "taipei"}}, {"type": "Feature", "geometry": {"type": "Point", "coordinates": [121.517, 25.112]}, "properties": {"accident_count": 7, "death_count": 0, "injury_count": 0, "top_cause": "無(非車輛駕駛人因素)", "top_hour": 23, "near_location": "", "city": "taipei"}}, {"type": "Feature", "geometry": {"type": "Point", "coordinates": [121.523, 25.062]}, "properties": {"accident_count": 7, "death_count": 0, "injury_count": 0, "top_cause": "無(非車輛駕駛人因素)", "top_hour": 18, "near_location": "", "city": "taipei"}}]}